Sheet Name,Cell Address,Comment,Name,type,Comment Content,isSector,isOpen,otherType,comment2,finalType,Content Only,Unnamed: 12,Unnamed: 13,Unnamed: 14,Unnamed: 15,יהודים בלבד,ליהודים בלבד,Unnamed: 18,ערבים בלבד,לערבים בלבד,Unnamed: 21,שאלה פתוחה,פתוח,Unnamed: 24,לנשים בלבד
דמוגרפיה,$L$3,"יניב שפירא:
1 = ינואר
2 = פברואר",,scale,"יניב שפירא:
1 = ינואר
2 = פברואר",unknown,unknown,,,scale,"1 = ינואר
2 = פברואר",,,,,,,,,,,,,,
דמוגרפיה,$A$5,"יניב שפירא:
שאלה 145
אין קידוד בstata
גם ב2020 וגם ב2019
גם ב2021",,scale,"יניב שפירא:
שאלה 145
אין קידוד בstata
גם ב2020 וגם ב2019
גם ב2021",unknown,unknown,,,scale,"שאלה 145
אין קידוד בstata
גם ב2020 וגם ב2019
גם ב2021",,,,,,,,,,,,,,
דמוגרפיה,$D$6,"יניב שפירא:
1 = יהודי
2 = ערבי",,scale,"יניב שפירא:
1 = יהודי
2 = ערבי",unknown,unknown,,,scale,"1 = יהודי
2 = ערבי",,,,,,,,,,,,,,
דמוגרפיה,$F$8,"יניב שפירא:
1 = גרסה A
2 = גרסה B",,scale,"יניב שפירא:
1 = גרסה A
2 = גרסה B",unknown,unknown,,,scale,"1 = גרסה A
2 = גרסה B",,,,,,,,,,,,,,
דמוגרפיה,$I$8,"יניב שפירא:
a , b, c",יניב שפירא,scale,"a , b, c",unknown,unknown,,,scale,"a , b, c",,,,,,,,,,,,,,
דמוגרפיה,$L$9,"יניב שפירא:
1 = עברית
2 = ערבית
3 = רוסית",,scale,"יניב שפירא:
1 = עברית
2 = ערבית
3 = רוסית",unknown,unknown,,,scale,"1 = עברית
2 = ערבית
3 = רוסית",,,,,,,,,,,,,,
דמוגרפיה,$W$10,"יניב שפירא:
1 = 20-25
2 = 25-29
3 = 30-34
4 = 35-39
5 = 40-44
6 = 45-49
7 = 50-54
8 = 55-64
9 = 65+",,scale,"יניב שפירא:
1 = 20-25
2 = 25-29
3 = 30-34
4 = 35-39
5 = 40-44
6 = 45-49
7 = 50-54
8 = 55-64
9 = 65+",unknown,unknown,,,scale,"1 = 20-25
2 = 25-29
3 = 30-34
4 = 35-39
5 = 40-44
6 = 45-49
7 = 50-54
8 = 55-64
9 = 65+",,,,,,,,,,,,,,
דמוגרפיה,$AB$10,"יניב שפירא:
1 = 20-24
2 = 25-29
3 = 30-34
4 = 35-39
5 = 40-44
6 = 45-49
7 = 50-54
8 = 55-64
9 = 65+",,scale,"יניב שפירא:
1 = 20-24
2 = 25-29
3 = 30-34
4 = 35-39
5 = 40-44
6 = 45-49
7 = 50-54
8 = 55-64
9 = 65+",unknown,unknown,,,scale,"1 = 20-24
2 = 25-29
3 = 30-34
4 = 35-39
5 = 40-44
6 = 45-49
7 = 50-54
8 = 55-64
9 = 65+",,,,,,,,,,,,,,
דמוגרפיה,$AH$10,"יניב שפירא:
1 = 18-24
2 = 25-29
3 = 30-34
4 = 35-39
5 = 40-44
6 = 45-49
7 = 50-54
8 = 55-64
9 = 65+",,scale,"יניב שפירא:
1 = 18-24
2 = 25-29
3 = 30-34
4 = 35-39
5 = 40-44
6 = 45-49
7 = 50-54
8 = 55-64
9 = 65+",unknown,unknown,,,scale,"1 = 18-24
2 = 25-29
3 = 30-34
4 = 35-39
5 = 40-44
6 = 45-49
7 = 50-54
8 = 55-64
9 = 65+",,,,,,,,,,,,,,
דמוגרפיה,$D$12,"יניב שפירא:
1 = 18-22
2 = 23-29
3 = 30-39
4 = 40-49
5 = 50-59
6 = 60-69
7 = 70-79
8 = 80 ומעלה",,scale,"יניב שפירא:
1 = 18-22
2 = 23-29
3 = 30-39
4 = 40-49
5 = 50-59
6 = 60-69
7 = 70-79
8 = 80 ומעלה",unknown,unknown,,,scale,"1 = 18-22
2 = 23-29
3 = 30-39
4 = 40-49
5 = 50-59
6 = 60-69
7 = 70-79
8 = 80 ומעלה",,,,,,,,,,,,,,
דמוגרפיה,$D$13,"יניב שפירא:
1 = male
2 = female",,scale,"יניב שפירא:
1 = male
2 = female",unknown,unknown,,,scale,"1 = male
2 = female",,,,,,,,,,,,,,
דמוגרפיה,$M$13,"יניב שפירא:
1 = אישה
2 = גבר",,scale,"יניב שפירא:
1 = אישה
2 = גבר",unknown,unknown,,,scale,"1 = אישה
2 = גבר",,,,,,,,,,,,,,
דמוגרפיה,$N$13,"יניב שפירא:
1 = זכר
2 = נקבה",,scale,"יניב שפירא:
1 = זכר
2 = נקבה",unknown,unknown,,,scale,"1 = זכר
2 = נקבה",,,,,,,,,,,,,,
דמוגרפיה,$O$13,"יניב שפירא:
1 = אישה
2 = גבר",,scale,"יניב שפירא:
1 = אישה
2 = גבר",unknown,unknown,,,scale,"1 = אישה
2 = גבר",,,,,,,,,,,,,,
דמוגרפיה,$T$13,"יניב שפירא:
1 = גבר
2 = אישה",,scale,"יניב שפירא:
1 = גבר
2 = אישה",unknown,unknown,,,scale,"1 = גבר
2 = אישה",,,,,,,,,,,,,,
דמוגרפיה,$D$14,"יניב שפירא:
1 = עממית או פחות
2 = תיכונית חלקית
3 = תיכונית מלאה - ללא בגרות
4 = תיכונית מלאה - עם בגרות
5 = על תיכונית לא אקדמית
6 = תואר אקדמאי חלקי
7 = תואר ראשון
8 = תואר שני ומעלה",,scale,"יניב שפירא:
1 = עממית או פחות
2 = תיכונית חלקית
3 = תיכונית מלאה - ללא בגרות
4 = תיכונית מלאה - עם בגרות
5 = על תיכונית לא אקדמית
6 = תואר אקדמאי חלקי
7 = תואר ראשון
8 = תואר שני ומעלה",unknown,unknown,,,scale,"1 = עממית או פחות
2 = תיכונית חלקית
3 = תיכונית מלאה - ללא בגרות
4 = תיכונית מלאה - עם בגרות
5 = על תיכונית לא אקדמית
6 = תואר אקדמאי חלקי
7 = תואר ראשון
8 = תואר שני ומעלה",,,,,,,,,,,,,,
דמוגרפיה,$S$15,"יניב שפירא:
1 = לא למד בכלל
2 = עד 4 שנים
3 = 5-8
4 = 9-10
5 = 11
6 = 12
7 = 13 + (בלי תואר)
8 = בעל תואר",,scale,"יניב שפירא:
1 = לא למד בכלל
2 = עד 4 שנים
3 = 5-8
4 = 9-10
5 = 11
6 = 12
7 = 13 + (בלי תואר)
8 = בעל תואר",unknown,unknown,,,scale,"1 = לא למד בכלל
2 = עד 4 שנים
3 = 5-8
4 = 9-10
5 = 11
6 = 12
7 = 13 + (בלי תואר)
8 = בעל תואר",,,,,,,,,,,,,,
דמוגרפיה,$D$16,"יניב שפירא:
1 = yes
2 = no",,scale,"יניב שפירא:
1 = yes
2 = no",unknown,unknown,,,scale,"1 = yes
2 = no",,,,,,,,,,,,,,
דמוגרפיה,$A$17,"יניב שפירא:
שאלה פתוחה",יניב שפירא,unknown,שאלה פתוחה,unknown,open,,,open,שאלה פתוחה,,,,,,,,,,,,,,
דמוגרפיה,$I$17,"יניב שפירא:
קידוד לתשובות תחת
nv176",,scale,"יניב שפירא:
קידוד לתשובות תחת
nv176",unknown,unknown,,,scale,"קידוד לתשובות תחת
nv176",,,,,,,,,,,,,,
דמוגרפיה,$AF$17,"יניב שפירא:
1 = צבר
2 = אירופה התיכונית והמזרחית
3 = אירופה הדרומית
4 = אירופה המערבית
5 = ארצות דוברות אנגלית
6 = צפון אפריקה
7 = המזרח התיכון
8 = המזרח הרחוק
9 = דרום אמריקה",,scale,"יניב שפירא:
1 = צבר
2 = אירופה התיכונית והמזרחית
3 = אירופה הדרומית
4 = אירופה המערבית
5 = ארצות דוברות אנגלית
6 = צפון אפריקה
7 = המזרח התיכון
8 = המזרח הרחוק
9 = דרום אמריקה",unknown,unknown,,,scale,"1 = צבר
2 = אירופה התיכונית והמזרחית
3 = אירופה הדרומית
4 = אירופה המערבית
5 = ארצות דוברות אנגלית
6 = צפון אפריקה
7 = המזרח התיכון
8 = המזרח הרחוק
9 = דרום אמריקה",,,,,,,,,,,,,,
דמוגרפיה,$A$18,"יניב שפירא:
יהודים בלבד",יניב שפירא,sector,יהודים בלבד,sector,unknown,,,sector,יהודים בלבד,,,,,,,,,,,,,,
דמוגרפיה,$D$18,"יניב שפירא:
1 = יליד אסיה/אפריקה
2 = יליד אירופה/אמריקה
3 = יליד ברה""מ/חבר העמים
4 = יליד ישראל, אב יליד ישראל
5 = יליד ישראל, אב יליד אסיה/אפריקה
6 = יליד ישראל, אב יליד אירופה/אמריקה
7 = יליד ישראל, אב יליד בהר""מ/חבר העמים
8 = מסרב להשיב",,scale,"יניב שפירא:
1 = יליד אסיה/אפריקה
2 = יליד אירופה/אמריקה
3 = יליד ברה""מ/חבר העמים
4 = יליד ישראל, אב יליד ישראל
5 = יליד ישראל, אב יליד אסיה/אפריקה
6 = יליד ישראל, אב יליד אירופה/אמריקה
7 = יליד ישראל, אב יליד בהר""מ/חבר העמים
8 = מסרב להשיב",unknown,unknown,,,scale,"1 = יליד אסיה/אפריקה
2 = יליד אירופה/אמריקה
3 = יליד ברה""מ/חבר העמים
4 = יליד ישראל, אב יליד ישראל
5 = יליד ישראל, אב יליד אסיה/אפריקה
6 = יליד ישראל, אב יליד אירופה/אמריקה
7 = יליד ישראל, אב יליד בהר""מ/חבר העמים
8 = מסרב להשיב",,,,,,,,,,,,,,
דמוגרפיה,$F$18,"יניב שפירא:
1 = ישראל
2 = אסיה או אפריקה
3 = אירופה או אמריקה
4 = בהר""מ/חבר העמים",,scale,"יניב שפירא:
1 = ישראל
2 = אסיה או אפריקה
3 = אירופה או אמריקה
4 = בהר""מ/חבר העמים",unknown,unknown,,,scale,"1 = ישראל
2 = אסיה או אפריקה
3 = אירופה או אמריקה
4 = בהר""מ/חבר העמים",,,,,,,,,,,,,,
דמוגרפיה,$L$18,"יניב שפירא:
1 = צפון אפריקה
2 = אסיה
3 = מזרח אירופה
4 = מערב/מרכז אירופה
5 = אמריקה,אפריקה,אוסטרליה
6 = צבר, אב צבר
7 = צבר, אבא צפון אפריקה
8 = צבא, אבא אסיה
9 = צבר, אבא מזרח אירופה
10 = צבר, אבא מערב/מרכז אירופה
11 = צבר, אבא אמריקה,אפריקה,אוסטלריה",,scale,"יניב שפירא:
1 = צפון אפריקה
2 = אסיה
3 = מזרח אירופה
4 = מערב/מרכז אירופה
5 = אמריקה,אפריקה,אוסטרליה
6 = צבר, אב צבר
7 = צבר, אבא צפון אפריקה
8 = צבא, אבא אסיה
9 = צבר, אבא מזרח אירופה
10 = צבר, אבא מערב/מרכז אירופה
11 = צבר, אבא אמריקה,אפריקה,אוסטלריה",unknown,unknown,,,scale,"1 = צפון אפריקה
2 = אסיה
3 = מזרח אירופה
4 = מערב/מרכז אירופה
5 = אמריקה,אפריקה,אוסטרליה
6 = צבר, אב צבר
7 = צבר, אבא צפון אפריקה
8 = צבא, אבא אסיה
9 = צבר, אבא מזרח אירופה
10 = צבר, אבא מערב/מרכז אירופה
11 = צבר, אבא אמריקה,אפריקה,אוסטלריה",,,,,,,,,,,,,,
דמוגרפיה,$T$18,"יניב שפירא:
1 = ישראל-ישראל
2 = ישראל- אסיה/אפריקה
3 = ישראל- אירופה/אמריקה
4 = אסיה/אפריקה-אסיה/אפריקה
5 = אירופה/אמריקה- אירופה/אמריקה
6 = כל צירוף אחר",,scale,"יניב שפירא:
1 = ישראל-ישראל
2 = ישראל- אסיה/אפריקה
3 = ישראל- אירופה/אמריקה
4 = אסיה/אפריקה-אסיה/אפריקה
5 = אירופה/אמריקה- אירופה/אמריקה
6 = כל צירוף אחר",unknown,unknown,,,scale,"1 = ישראל-ישראל
2 = ישראל- אסיה/אפריקה
3 = ישראל- אירופה/אמריקה
4 = אסיה/אפריקה-אסיה/אפריקה
5 = אירופה/אמריקה- אירופה/אמריקה
6 = כל צירוף אחר",,,,,,,,,,,,,,
דמוגרפיה,$AF$18,"יניב שפירא:
1 = אסיה וצפון אפריקה
2 = אירופה ואנגלו-סכסיות
3 = ישראל והאב מאסיה צפון אפריקה
4 = ישראל והאב אירופה או האנגלו-סכסיות
5 = ישראל וגם האב ישראל",,scale,"יניב שפירא:
1 = אסיה וצפון אפריקה
2 = אירופה ואנגלו-סכסיות
3 = ישראל והאב מאסיה צפון אפריקה
4 = ישראל והאב אירופה או האנגלו-סכסיות
5 = ישראל וגם האב ישראל",unknown,unknown,,,scale,"1 = אסיה וצפון אפריקה
2 = אירופה ואנגלו-סכסיות
3 = ישראל והאב מאסיה צפון אפריקה
4 = ישראל והאב אירופה או האנגלו-סכסיות
5 = ישראל וגם האב ישראל",,,,,,,,,,,,,,
דמוגרפיה,$A$19,"יניב שפירא:
יהודים בלבד",יניב שפירא,unknown,יהודים בלבד,sector,unknown,,,sector,יהודים בלבד,,,,,,,,,,,,,,
דמוגרפיה,$Q$19,"יניב שפירא:
1 = יליד הארץ
2 = לפני 1948
3 = 1948-1954
4 = 1955-1960
5 = 61-66
6 = 67-72
7 = 73-77
8 = 78-83
9 = 1984 ומעלה",,scale,"יניב שפירא:
1 = יליד הארץ
2 = לפני 1948
3 = 1948-1954
4 = 1955-1960
5 = 61-66
6 = 67-72
7 = 73-77
8 = 78-83
9 = 1984 ומעלה",unknown,unknown,,,scale,"1 = יליד הארץ
2 = לפני 1948
3 = 1948-1954
4 = 1955-1960
5 = 61-66
6 = 67-72
7 = 73-77
8 = 78-83
9 = 1984 ומעלה",,,,,,,,,,,,,,
דמוגרפיה,$T$19,"יניב שפירא:
1 = יליד הארץ
2 = לפני 1948
3 = 1948-1954
4 = 1955-1960
5 = 61-66
6 = 67-72
7 = 73-77
8 = 78-79
9 = 1980 ואלך",,scale,"יניב שפירא:
1 = יליד הארץ
2 = לפני 1948
3 = 1948-1954
4 = 1955-1960
5 = 61-66
6 = 67-72
7 = 73-77
8 = 78-79
9 = 1980 ואלך",unknown,unknown,,,scale,"1 = יליד הארץ
2 = לפני 1948
3 = 1948-1954
4 = 1955-1960
5 = 61-66
6 = 67-72
7 = 73-77
8 = 78-79
9 = 1980 ואלך",,,,,,,,,,,,,,
דמוגרפיה,$A$20,"יניב שפירא:
יהודים בלבד",יניב שפירא,unknown,יהודים בלבד,sector,unknown,,,sector,יהודים בלבד,,,,,,,,,,,,,,
דמוגרפיה,$B$20,"adi:
1 = אשכנזי
2 = ספרדי
3 = מזרחי
4 = אחר (פרט):_____",,scale,"adi:
1 = אשכנזי
2 = ספרדי
3 = מזרחי
4 = אחר (פרט):_____",unknown,unknown,,,scale,"1 = אשכנזי
2 = ספרדי
3 = מזרחי
4 = אחר (פרט):_____",,,,,,,,,,,,,,
דמוגרפיה,$D$20,"יניב שפירא:
1 = אשכנזי
2 = ספרדי
3 = מזרחי
4 = אחר
5 = מעורב
6 = לא זה ולא זה, לא מגדיר את עצמי לפי מוצא עדתי",,scale,"יניב שפירא:
1 = אשכנזי
2 = ספרדי
3 = מזרחי
4 = אחר
5 = מעורב
6 = לא זה ולא זה, לא מגדיר את עצמי לפי מוצא עדתי",unknown,unknown,,,scale,"1 = אשכנזי
2 = ספרדי
3 = מזרחי
4 = אחר
5 = מעורב
6 = לא זה ולא זה, לא מגדיר את עצמי לפי מוצא עדתי",,,,,,,,,,,,,,
דמוגרפיה,$N$20,"יניב שפירא:
1 = אשכנזי
2 = ספרדי
3 = לא זה ולא זה",,scale,"יניב שפירא:
1 = אשכנזי
2 = ספרדי
3 = לא זה ולא זה",unknown,unknown,,,scale,"1 = אשכנזי
2 = ספרדי
3 = לא זה ולא זה",,,,,,,,,,,,,,
דמוגרפיה,$O$20,"יניב שפירא:
1 = אשכנזי
2 = ספרדי
3 = לא זה ולא זה
4 = שניהם",,scale,"יניב שפירא:
1 = אשכנזי
2 = ספרדי
3 = לא זה ולא זה
4 = שניהם",unknown,unknown,,,scale,"1 = אשכנזי
2 = ספרדי
3 = לא זה ולא זה
4 = שניהם",,,,,,,,,,,,,,
דמוגרפיה,$P$20,"יניב שפירא:
1 = אשכנזי
2 = ספרדי
3 = לא זה ולא זה",,scale,"יניב שפירא:
1 = אשכנזי
2 = ספרדי
3 = לא זה ולא זה",unknown,unknown,,,scale,"1 = אשכנזי
2 = ספרדי
3 = לא זה ולא זה",,,,,,,,,,,,,,
דמוגרפיה,$Q$20,"יניב שפירא:
1 = אשכנזי
2 = ספרדי
3 = לא זה ולא זה
4 = שניהם",,scale,"יניב שפירא:
1 = אשכנזי
2 = ספרדי
3 = לא זה ולא זה
4 = שניהם",unknown,unknown,,,scale,"1 = אשכנזי
2 = ספרדי
3 = לא זה ולא זה
4 = שניהם",,,,,,,,,,,,,,
דמוגרפיה,$S$20,"יניב שפירא:
1 = אשכנזי
2 = ספרדי
3 = לא זה ולא זה",,scale,"יניב שפירא:
1 = אשכנזי
2 = ספרדי
3 = לא זה ולא זה",unknown,unknown,,,scale,"1 = אשכנזי
2 = ספרדי
3 = לא זה ולא זה",,,,,,,,,,,,,,
דמוגרפיה,$L$21,"יניב שפירא:
1 = כן
2 = לא",,scale,"יניב שפירא:
1 = כן
2 = לא",unknown,unknown,,,scale,"1 = כן
2 = לא",,,,,,,,,,,,,,
דמוגרפיה,$B$22,"adi:
1 = ישראלי
2 = יהודי (לערבים: פלסטיני)
3 = העדה שלי (לערבים: הדת שלי)
4 = החילוניות/דתיות שלי",,scale,"adi:
1 = ישראלי
2 = יהודי (לערבים: פלסטיני)
3 = העדה שלי (לערבים: הדת שלי)
4 = החילוניות/דתיות שלי",unknown,unknown,,,scale,"1 = ישראלי
2 = יהודי (לערבים: פלסטיני)
3 = העדה שלי (לערבים: הדת שלי)
4 = החילוניות/דתיות שלי",,,,,,,,,,,,,,
דמוגרפיה,$I$22,"יניב שפירא:
רק יהודים
1 = ישראלי
2 = יהודי
3 = העדה שלי
4 = החילוניות/דתיות שלי",,scale,"יניב שפירא:
רק יהודים
1 = ישראלי
2 = יהודי
3 = העדה שלי
4 = החילוניות/דתיות שלי",unknown,unknown,,,scale,"רק יהודים
1 = ישראלי
2 = יהודי
3 = העדה שלי
4 = החילוניות/דתיות שלי",,,,,,,,,,,,,,
דמוגרפיה,$L$22,"יניב שפירא:
1 = ישראלי (ערבי)
2 = פלסטיני
3 = ערבי
4 = הדת שלי (מוסלמי/נוצרי/דרוזי)
5 = ישראלי (יהודי)
6 = יהודי
7 = העדה שלי
8 = החילוניות/דתיות שלי",,scale,"יניב שפירא:
1 = ישראלי (ערבי)
2 = פלסטיני
3 = ערבי
4 = הדת שלי (מוסלמי/נוצרי/דרוזי)
5 = ישראלי (יהודי)
6 = יהודי
7 = העדה שלי
8 = החילוניות/דתיות שלי",unknown,unknown,,,scale,"1 = ישראלי (ערבי)
2 = פלסטיני
3 = ערבי
4 = הדת שלי (מוסלמי/נוצרי/דרוזי)
5 = ישראלי (יהודי)
6 = יהודי
7 = העדה שלי
8 = החילוניות/דתיות שלי",,,,,,,,,,,,,,
דמוגרפיה,$M$22,"יניב שפירא:
1 = ישראלי
2 = יהודי
3 = העדה שלי
4 = חילוניות/דתיות שלי",,scale,"יניב שפירא:
1 = ישראלי
2 = יהודי
3 = העדה שלי
4 = חילוניות/דתיות שלי",unknown,unknown,,,scale,"1 = ישראלי
2 = יהודי
3 = העדה שלי
4 = חילוניות/דתיות שלי",,,,,,,,,,,,,,
דמוגרפיה,$A$26,"יניב שפירא:
יהודים בלבד",יניב שפירא,unknown,יהודים בלבד,sector,unknown,,,sector,יהודים בלבד,,,,,,,,,,,,,,
דמוגרפיה,$D$26,"יניב שפירא:
1 = לא למד
2 = למד במסגרת דתית",,scale,"יניב שפירא:
1 = לא למד
2 = למד במסגרת דתית",unknown,unknown,,,scale,"1 = לא למד
2 = למד במסגרת דתית",,,,,,,,,,,,,,
דמוגרפיה,$A$27,"יניב שפירא:
ב2022 הוצאה עמדה על 16,000 ₪ 
ב2019 הוצאה עמדה על 15,000 ₪ 
ב2015 ההוצאה עמדה על 14,000 ₪ ",,scale,"יניב שפירא:
ב2022 הוצאה עמדה על 16,000 ₪ 
ב2019 הוצאה עמדה על 15,000 ₪ 
ב2015 ההוצאה עמדה על 14,000 ₪ ",unknown,unknown,,,scale,"ב2022 הוצאה עמדה על 16,000 ₪ 
ב2019 הוצאה עמדה על 15,000 ₪ 
ב2015 ההוצאה עמדה על 14,000 ₪ ",,,,,,,,,,,,,,
דמוגרפיה,$D$27,"יניב שפירא:
1 = הרבה מתחת לממוצע
2 = מעט מתחת לממוצע
3 = כמו הממוצע
4 = מעט מעל הממוצע
5 = הרבה מעל הממוצע",,scale,"יניב שפירא:
1 = הרבה מתחת לממוצע
2 = מעט מתחת לממוצע
3 = כמו הממוצע
4 = מעט מעל הממוצע
5 = הרבה מעל הממוצע",unknown,unknown,,,scale,"1 = הרבה מתחת לממוצע
2 = מעט מתחת לממוצע
3 = כמו הממוצע
4 = מעט מעל הממוצע
5 = הרבה מעל הממוצע",,,,,,,,,,,,,,
דמוגרפיה,$I$27,"יניב שפירא:
1 = הרבה מעל הממוצע
2 = מעט מעל הממוצע
3 = כמו הממוצע
4 = מעט מתחת לממוצע
5 = הרבה מתחת לממוצע",,scale,"יניב שפירא:
1 = הרבה מעל הממוצע
2 = מעט מעל הממוצע
3 = כמו הממוצע
4 = מעט מתחת לממוצע
5 = הרבה מתחת לממוצע",unknown,unknown,,,scale,"1 = הרבה מעל הממוצע
2 = מעט מעל הממוצע
3 = כמו הממוצע
4 = מעט מתחת לממוצע
5 = הרבה מתחת לממוצע",,,,,,,,,,,,,,
דמוגרפיה,$S$27,"יניב שפירא:
1 = הרבה מתחת לממוצע
2 = מעט מתחת לממוצע
3 = כמו הממוצע
4 = מעט מעל הממוצע
5 = הרבה מעל הממוצע",,scale,"יניב שפירא:
1 = הרבה מתחת לממוצע
2 = מעט מתחת לממוצע
3 = כמו הממוצע
4 = מעט מעל הממוצע
5 = הרבה מעל הממוצע",unknown,unknown,,,scale,"1 = הרבה מתחת לממוצע
2 = מעט מתחת לממוצע
3 = כמו הממוצע
4 = מעט מעל הממוצע
5 = הרבה מעל הממוצע",,,,,,,,,,,,,,
דמוגרפיה,$T$28,"יניב שפירא:
1 = עד 1,000
2 = 1,001-1,500
3 = 1,501-2,000
4 = 2,001-2,500
5 = 2,501-3,000
6 = 3,001-4,000
7 = 4,001-5,000
8 = 5,001-6,000
9 = 6,001-7,000
10 = 7,001 +",,scale,"יניב שפירא:
1 = עד 1,000
2 = 1,001-1,500
3 = 1,501-2,000
4 = 2,001-2,500
5 = 2,501-3,000
6 = 3,001-4,000
7 = 4,001-5,000
8 = 5,001-6,000
9 = 6,001-7,000
10 = 7,001 +",unknown,unknown,,,scale,"1 = עד 1,000
2 = 1,001-1,500
3 = 1,501-2,000
4 = 2,001-2,500
5 = 2,501-3,000
6 = 3,001-4,000
7 = 4,001-5,000
8 = 5,001-6,000
9 = 6,001-7,000
10 = 7,001 +",,,,,,,,,,,,,,
דמוגרפיה,$T$29,"יניב שפירא:
1 = חדר אחד
2 = שני חדרים
3 = שלושה חדרים
4 = ארבעה חדרים
5 = חמישה חדרים
6 = שישה חדרים
7 = שבעה חדרים
8 = שמונה חדרים
9 = תשעה חדשים ויותר",,scale,"יניב שפירא:
1 = חדר אחד
2 = שני חדרים
3 = שלושה חדרים
4 = ארבעה חדרים
5 = חמישה חדרים
6 = שישה חדרים
7 = שבעה חדרים
8 = שמונה חדרים
9 = תשעה חדשים ויותר",unknown,unknown,,,scale,"1 = חדר אחד
2 = שני חדרים
3 = שלושה חדרים
4 = ארבעה חדרים
5 = חמישה חדרים
6 = שישה חדרים
7 = שבעה חדרים
8 = שמונה חדרים
9 = תשעה חדשים ויותר",,,,,,,,,,,,,,
דמוגרפיה,$T$30,"יניב שפירא:
1 = 1
2 = 2
3 = 3
4 = 4
5 = 5
6 = 6
7 = 7
8 = 8
9 = 9+",,scale,"יניב שפירא:
1 = 1
2 = 2
3 = 3
4 = 4
5 = 5
6 = 6
7 = 7
8 = 8
9 = 9+",unknown,unknown,,,scale,"1 = 1
2 = 2
3 = 3
4 = 4
5 = 5
6 = 6
7 = 7
8 = 8
9 = 9+",,,,,,,,,,,,,,
דמוגרפיה,$AF$30,"יניב שפירא:
מס' הילדים שגרים בבית",יניב שפירא,unknown,מס' הילדים שגרים בבית,unknown,unknown,rephrase,,rephrase,מס' הילדים שגרים בבית,,,,,,,,,,,,,,
דמוגרפיה,$S$31,"יניב שפירא:
צפיפות
מדד אחד לחדרים\נפשות",,scale,"יניב שפירא:
צפיפות
מדד אחד לחדרים\נפשות",unknown,unknown,,,scale,"צפיפות
מדד אחד לחדרים\נפשות",,,,,,,,,,,,,,
דמוגרפיה,$AF$31,"יניב שפירא:
1 = עד ולא כולל 1
2 = 1-1.99
2 = 2-2.99
3 = 3-3.99
4 = 4+",,scale,"יניב שפירא:
1 = עד ולא כולל 1
2 = 1-1.99
2 = 2-2.99
3 = 3-3.99
4 = 4+",unknown,unknown,,,scale,"1 = עד ולא כולל 1
2 = 1-1.99
2 = 2-2.99
3 = 3-3.99
4 = 4+",,,,,,,,,,,,,,
דמוגרפיה,$D$32,"יניב שפירא:
1 = יהודי
2 = מוסלמי
3 = נוצרי
4 = דרוזי
5 = אחר",,scale,"יניב שפירא:
1 = יהודי
2 = מוסלמי
3 = נוצרי
4 = דרוזי
5 = אחר",unknown,unknown,,,scale,"1 = יהודי
2 = מוסלמי
3 = נוצרי
4 = דרוזי
5 = אחר",,,,,,,,,,,,,,
דמוגרפיה,$K$32,"יניב שפירא:
לא ליהודים
1 = מוסלמי
2 = נוצרי
3 = דרוזי",,scale,"יניב שפירא:
לא ליהודים
1 = מוסלמי
2 = נוצרי
3 = דרוזי",unknown,unknown,,,scale,"לא ליהודים
1 = מוסלמי
2 = נוצרי
3 = דרוזי",,,,,,,,,,,,,,
דמוגרפיה,$L$32,"יניב שפירא:
5 = מוסלמי
6 = נוצרי
7 = דרוזי",,scale,"יניב שפירא:
5 = מוסלמי
6 = נוצרי
7 = דרוזי",unknown,unknown,,,scale,"5 = מוסלמי
6 = נוצרי
7 = דרוזי",,,,,,,,,,,,,,
דמוגרפיה,$D$33,"יניב שפירא:
1 = דתי מאד, חרדי
2 = דתי
3 = מסורתי דתי
4 = מסורתי לא כ""כ דתי
5 = לא דתי, חילוני",,scale,"יניב שפירא:
1 = דתי מאד, חרדי
2 = דתי
3 = מסורתי דתי
4 = מסורתי לא כ""כ דתי
5 = לא דתי, חילוני",unknown,unknown,,,scale,"1 = דתי מאד, חרדי
2 = דתי
3 = מסורתי דתי
4 = מסורתי לא כ""כ דתי
5 = לא דתי, חילוני",,,,,,,,,,,,,,
דמוגרפיה,$H$33,"יניב שפירא:
1 = חילוני
2 = מסורתי
3 = דתי
4 = חרדי",,scale,"יניב שפירא:
1 = חילוני
2 = מסורתי
3 = דתי
4 = חרדי",unknown,unknown,,,scale,"1 = חילוני
2 = מסורתי
3 = דתי
4 = חרדי",,,,,,,,,,,,,,
דמוגרפיה,$F$34,"יניב שפירא:
1 = נשוי
2 = חי עם בן\בת זוג קבוע\ה
3 = גרוש
4 = פרוד 
5 = אלמן
6 = רווק, מעולם לא נישא",,scale,"יניב שפירא:
1 = נשוי
2 = חי עם בן\בת זוג קבוע\ה
3 = גרוש
4 = פרוד 
5 = אלמן
6 = רווק, מעולם לא נישא",unknown,unknown,,,scale,"1 = נשוי
2 = חי עם בן\בת זוג קבוע\ה
3 = גרוש
4 = פרוד 
5 = אלמן
6 = רווק, מעולם לא נישא",,,,,,,,,,,,,,
דמוגרפיה,$O$34,"יניב שפירא:
1 = רווק
2 = נשוי
3 = גרוש
4 = אלמן",,scale,"יניב שפירא:
1 = רווק
2 = נשוי
3 = גרוש
4 = אלמן",unknown,unknown,,,scale,"1 = רווק
2 = נשוי
3 = גרוש
4 = אלמן",,,,,,,,,,,,,,
דמוגרפיה,$T$34,"יניב שפירא:
1 = רווק
2 = נשוי בלי ילדים
3 = נשוי עם ילד אחד
4 = נשוי עם שני ילדים
5 = נשוי עם שלושה או יותר ילדים
6 = גרוש בלי ילדים
7 = גרוש עם ילדים
8 = אלמן בלי ילדים
9 = אלמן עם ילדים",,scale,"יניב שפירא:
1 = רווק
2 = נשוי בלי ילדים
3 = נשוי עם ילד אחד
4 = נשוי עם שני ילדים
5 = נשוי עם שלושה או יותר ילדים
6 = גרוש בלי ילדים
7 = גרוש עם ילדים
8 = אלמן בלי ילדים
9 = אלמן עם ילדים",unknown,unknown,,,scale,"1 = רווק
2 = נשוי בלי ילדים
3 = נשוי עם ילד אחד
4 = נשוי עם שני ילדים
5 = נשוי עם שלושה או יותר ילדים
6 = גרוש בלי ילדים
7 = גרוש עם ילדים
8 = אלמן בלי ילדים
9 = אלמן עם ילדים",,,,,,,,,,,,,,
דמוגרפיה,$AD$34,"יניב שפירא:
1 = רווק
2 = אלמן/גרוש ללא
3 = נשוי ללא
4 = אלמן/גרוש + 1/2
5 = אלמן/גרוש + 3
6 = אלמן/גרוש + 4
7 = נשוי + 1/2
8 = נשוי + 3
9 = נשוי + 4",,scale,"יניב שפירא:
1 = רווק
2 = אלמן/גרוש ללא
3 = נשוי ללא
4 = אלמן/גרוש + 1/2
5 = אלמן/גרוש + 3
6 = אלמן/גרוש + 4
7 = נשוי + 1/2
8 = נשוי + 3
9 = נשוי + 4",unknown,unknown,,,scale,"1 = רווק
2 = אלמן/גרוש ללא
3 = נשוי ללא
4 = אלמן/גרוש + 1/2
5 = אלמן/גרוש + 3
6 = אלמן/גרוש + 4
7 = נשוי + 1/2
8 = נשוי + 3
9 = נשוי + 4",,,,,,,,,,,,,,
דמוגרפיה,$AF$34,"יניב שפירא:
1 = רווק/אלמן/גרוש
2 = נשוי",,scale,"יניב שפירא:
1 = רווק/אלמן/גרוש
2 = נשוי",unknown,unknown,,,scale,"1 = רווק/אלמן/גרוש
2 = נשוי",,,,,,,,,,,,,,
דמוגרפיה,$AH$34,"יניב שפירא:
1 = רווק
2 = נשוי בלי ילדים
3 = נשוי עם ילדים
4 = אלמן/גרוש בלי ילדים
5 = אלמן/גרוש עם ילדים",,scale,"יניב שפירא:
1 = רווק
2 = נשוי בלי ילדים
3 = נשוי עם ילדים
4 = אלמן/גרוש בלי ילדים
5 = אלמן/גרוש עם ילדים",unknown,unknown,,,scale,"1 = רווק
2 = נשוי בלי ילדים
3 = נשוי עם ילדים
4 = אלמן/גרוש בלי ילדים
5 = אלמן/גרוש עם ילדים",,,,,,,,,,,,,,
דמוגרפיה,$F$35,"יניב שפירא:
1 = אתה כלל לא שומר על המסורת
2 = אתה שומר במקצת על המסורת
3 = אתה שומר במידה רבה על המסורת
4 = אתה שומר על המסורת על כל דקדוקיה",,scale,"יניב שפירא:
1 = אתה כלל לא שומר על המסורת
2 = אתה שומר במקצת על המסורת
3 = אתה שומר במידה רבה על המסורת
4 = אתה שומר על המסורת על כל דקדוקיה",unknown,unknown,,,scale,"1 = אתה כלל לא שומר על המסורת
2 = אתה שומר במקצת על המסורת
3 = אתה שומר במידה רבה על המסורת
4 = אתה שומר על המסורת על כל דקדוקיה",,,,,,,,,,,,,,
דמוגרפיה,$M$35,"יניב שפירא:
1 = שומר על המסורת על כל דקדוקיה
2 = שומר במידה רבה
3 = שומר במקצת
4 = לא שומר כלל",,scale,"יניב שפירא:
1 = שומר על המסורת על כל דקדוקיה
2 = שומר במידה רבה
3 = שומר במקצת
4 = לא שומר כלל",unknown,unknown,,,scale,"1 = שומר על המסורת על כל דקדוקיה
2 = שומר במידה רבה
3 = שומר במקצת
4 = לא שומר כלל",,,,,,,,,,,,,,
דמוגרפיה,$T$36,"יניב שפירא:
1 = כן
2 = לא",,scale,"יניב שפירא:
1 = כן
2 = לא",unknown,unknown,,,scale,"1 = כן
2 = לא",,,,,,,,,,,,,,
דמוגרפיה,$T$37,"יניב שפירא:
1 = כן 
2 = לא",,scale,"יניב שפירא:
1 = כן 
2 = לא",unknown,unknown,,,scale,"1 = כן 
2 = לא",,,,,,,,,,,,,,
דמוגרפיה,$T$38,"יניב שפירא:
1 = כל יום
2 = כמעט כל שבת וחג
3 = פעמים אחדות בשנה
4 = רק ביום כיפור
5 = אף פעם",,scale,"יניב שפירא:
1 = כל יום
2 = כמעט כל שבת וחג
3 = פעמים אחדות בשנה
4 = רק ביום כיפור
5 = אף פעם",unknown,unknown,,,scale,"1 = כל יום
2 = כמעט כל שבת וחג
3 = פעמים אחדות בשנה
4 = רק ביום כיפור
5 = אף פעם",,,,,,,,,,,,,,
דמוגרפיה,$F$39,"יניב שפירא:
1 = ישראל
2 = אסיה או אפריקה
3 = אירופה או אמריקה
4 = ברה""מ/חבר העמים",,scale,"יניב שפירא:
1 = ישראל
2 = אסיה או אפריקה
3 = אירופה או אמריקה
4 = ברה""מ/חבר העמים",unknown,unknown,,,scale,"1 = ישראל
2 = אסיה או אפריקה
3 = אירופה או אמריקה
4 = ברה""מ/חבר העמים",,,,,,,,,,,,,,
דמוגרפיה,$I$39,"יניב שפירא:
שאלה פתוחה
קידוד תחת
nv179",,scale,"יניב שפירא:
שאלה פתוחה
קידוד תחת
nv179",unknown,unknown,,,scale,"שאלה פתוחה
קידוד תחת
nv179",,,,,,,,,,,,,,
דמוגרפיה,$J$39,"יניב שפירא:
שאלה פתוחה
לא לערבים",,scale,"יניב שפירא:
שאלה פתוחה
לא לערבים",unknown,unknown,,,scale,"שאלה פתוחה
לא לערבים",,,,,,,,,,,,,,
דמוגרפיה,$AF$39,"יניב שפירא:
1 = צבר
2 = אירופה התיכונית והמזרחית
3 = אירופה הדרומית
4 = אירופה המערבית
5 = ארצות דוברות אנגלית
6 = צפון אפריקה
7 = המזרח התיכון
8 = המזרח הרחוק
9 = דרום אמריקה",,scale,"יניב שפירא:
1 = צבר
2 = אירופה התיכונית והמזרחית
3 = אירופה הדרומית
4 = אירופה המערבית
5 = ארצות דוברות אנגלית
6 = צפון אפריקה
7 = המזרח התיכון
8 = המזרח הרחוק
9 = דרום אמריקה",unknown,unknown,,,scale,"1 = צבר
2 = אירופה התיכונית והמזרחית
3 = אירופה הדרומית
4 = אירופה המערבית
5 = ארצות דוברות אנגלית
6 = צפון אפריקה
7 = המזרח התיכון
8 = המזרח הרחוק
9 = דרום אמריקה",,,,,,,,,,,,,,
דמוגרפיה,$I$40,"יניב שפירא:
שאלה פתוחה
קידוד תחת
 nv180
",,scale,"יניב שפירא:
שאלה פתוחה
קידוד תחת
 nv180
",unknown,unknown,,,scale,"שאלה פתוחה
קידוד תחת
 nv180
",,,,,,,,,,,,,,
דמוגרפיה,$J$40,"יניב שפירא:
שאלה פתוחה
לא לערבים",,scale,"יניב שפירא:
שאלה פתוחה
לא לערבים",unknown,unknown,,,scale,"שאלה פתוחה
לא לערבים",,,,,,,,,,,,,,
דמוגרפיה,$AF$40,"יניב שפירא:
1 = צבר
2 = אירופה התיכונית והמזרחית
3 = אירופה הדרומית
4 = אירופה המערבית
5 = ארצות דוברות אנגלית
6 = צפון אפריקה
7 = המזרח התיכון
8 = המזרח הרחוק
9 = דרום אמריקה",,scale,"יניב שפירא:
1 = צבר
2 = אירופה התיכונית והמזרחית
3 = אירופה הדרומית
4 = אירופה המערבית
5 = ארצות דוברות אנגלית
6 = צפון אפריקה
7 = המזרח התיכון
8 = המזרח הרחוק
9 = דרום אמריקה",unknown,unknown,,,scale,"1 = צבר
2 = אירופה התיכונית והמזרחית
3 = אירופה הדרומית
4 = אירופה המערבית
5 = ארצות דוברות אנגלית
6 = צפון אפריקה
7 = המזרח התיכון
8 = המזרח הרחוק
9 = דרום אמריקה",,,,,,,,,,,,,,
דמוגרפיה,$M$41,"יניב שפירא:
1 = כן
2 = לא",,scale,"יניב שפירא:
1 = כן
2 = לא",unknown,unknown,,,scale,"1 = כן
2 = לא",,,,,,,,,,,,,,
דמוגרפיה,$G$42,"יניב שפירא:
1 = שכיר
2 = עצמאי
3 = פנסיונר
4 = עקרת בית
5 = חייל/תלמיד/סטודנט
6 = מחפש עבודה
7 = אחר",,scale,"יניב שפירא:
1 = שכיר
2 = עצמאי
3 = פנסיונר
4 = עקרת בית
5 = חייל/תלמיד/סטודנט
6 = מחפש עבודה
7 = אחר",unknown,unknown,,,scale,"1 = שכיר
2 = עצמאי
3 = פנסיונר
4 = עקרת בית
5 = חייל/תלמיד/סטודנט
6 = מחפש עבודה
7 = אחר",,,,,,,,,,,,,,
דמוגרפיה,$M$42,"יניב שפירא:
1 = שכיר פועל
2 = שכיר פקיד
3 = שכיר מנהל
4 = עצמאי קטן
5 = עצמאי בעל חברה",,scale,"יניב שפירא:
1 = שכיר פועל
2 = שכיר פקיד
3 = שכיר מנהל
4 = עצמאי קטן
5 = עצמאי בעל חברה",unknown,unknown,,,scale,"1 = שכיר פועל
2 = שכיר פקיד
3 = שכיר מנהל
4 = עצמאי קטן
5 = עצמאי בעל חברה",,,,,,,,,,,,,,
דמוגרפיה,$O$42,"יניב שפירא:
1 = שכיר פועל
2 = שכיר פקיד
3 = שכיר מנהל
4 = עצמאי קטן
5 = עצמאי בעל חברה
6 = לא עובד",,scale,"יניב שפירא:
1 = שכיר פועל
2 = שכיר פקיד
3 = שכיר מנהל
4 = עצמאי קטן
5 = עצמאי בעל חברה
6 = לא עובד",unknown,unknown,,,scale,"1 = שכיר פועל
2 = שכיר פקיד
3 = שכיר מנהל
4 = עצמאי קטן
5 = עצמאי בעל חברה
6 = לא עובד",,,,,,,,,,,,,,
דמוגרפיה,$T$42,"יניב שפירא:
1 = שכיר
2 = עצמאי
3 = חבר קואופרטיב
4 = פנסיונר
5 = עקרת בית
6 = חייל/תלמיד/סטודנט
7 = אחר שלא מועסק",,scale,"יניב שפירא:
1 = שכיר
2 = עצמאי
3 = חבר קואופרטיב
4 = פנסיונר
5 = עקרת בית
6 = חייל/תלמיד/סטודנט
7 = אחר שלא מועסק",unknown,unknown,,,scale,"1 = שכיר
2 = עצמאי
3 = חבר קואופרטיב
4 = פנסיונר
5 = עקרת בית
6 = חייל/תלמיד/סטודנט
7 = אחר שלא מועסק",,,,,,,,,,,,,,
דמוגרפיה,$W$42,"יניב שפירא:
1 = שכיר
2 = עצמאי
3 = לא מועסק",,scale,"יניב שפירא:
1 = שכיר
2 = עצמאי
3 = לא מועסק",unknown,unknown,,,scale,"1 = שכיר
2 = עצמאי
3 = לא מועסק",,,,,,,,,,,,,,
דמוגרפיה,$AE$42,"יניב שפירא:
1 = שכיר
2 = עצמאי - מעביד
3 = עצמאי - לא מעסיק אחרים
4 = חבר קואופרטיב
5 = אחר
6 = מחפש עבודה
7 = עקרת בית
8 = פנסיונר",,scale,"יניב שפירא:
1 = שכיר
2 = עצמאי - מעביד
3 = עצמאי - לא מעסיק אחרים
4 = חבר קואופרטיב
5 = אחר
6 = מחפש עבודה
7 = עקרת בית
8 = פנסיונר",unknown,unknown,,,scale,"1 = שכיר
2 = עצמאי - מעביד
3 = עצמאי - לא מעסיק אחרים
4 = חבר קואופרטיב
5 = אחר
6 = מחפש עבודה
7 = עקרת בית
8 = פנסיונר",,,,,,,,,,,,,,
דמוגרפיה,$V$43,"יניב שפירא:
1 = שכיר
2 = עצמאי
3 = חבר קואופרטיב
4 = פנסיונר
5 = עקרת בית
6 = חייל/תלמיד/סטודנט
7 = אחר שלא מועסק",,scale,"יניב שפירא:
1 = שכיר
2 = עצמאי
3 = חבר קואופרטיב
4 = פנסיונר
5 = עקרת בית
6 = חייל/תלמיד/סטודנט
7 = אחר שלא מועסק",unknown,unknown,,,scale,"1 = שכיר
2 = עצמאי
3 = חבר קואופרטיב
4 = פנסיונר
5 = עקרת בית
6 = חייל/תלמיד/סטודנט
7 = אחר שלא מועסק",,,,,,,,,,,,,,
דמוגרפיה,$W$43,"יניב שפירא:
1 = שכיר
2 = עצמאי
3 = לא מועסק
4 = אין בן/בת זוג",,scale,"יניב שפירא:
1 = שכיר
2 = עצמאי
3 = לא מועסק
4 = אין בן/בת זוג",unknown,unknown,,,scale,"1 = שכיר
2 = עצמאי
3 = לא מועסק
4 = אין בן/בת זוג",,,,,,,,,,,,,,
דמוגרפיה,$AF$44,"יניב שפירא:
1 = צבר
2 = אירופה התיכונית והמזרחית
3 = אירופה הדרומית
4 = אירופה המערבית
5 = ארצות דוברות אנגלית
6 = צפון אפריקה
7 = המזרח התיכון
8 = המזרח הרחוק
9 = דרום אמריקה",,scale,"יניב שפירא:
1 = צבר
2 = אירופה התיכונית והמזרחית
3 = אירופה הדרומית
4 = אירופה המערבית
5 = ארצות דוברות אנגלית
6 = צפון אפריקה
7 = המזרח התיכון
8 = המזרח הרחוק
9 = דרום אמריקה",unknown,unknown,,,scale,"1 = צבר
2 = אירופה התיכונית והמזרחית
3 = אירופה הדרומית
4 = אירופה המערבית
5 = ארצות דוברות אנגלית
6 = צפון אפריקה
7 = המזרח התיכון
8 = המזרח הרחוק
9 = דרום אמריקה",,,,,,,,,,,,,,
דמוגרפיה,$AF$45,"יניב שפירא:
1 = לא למד כלל
2 = עממי חלקי
3 = סיים עממי
4 = תיכון חלקי
5 = סיים תיכון
6 = גבוהה חלקית
7 = ב.א.
8 = תואר שני ומעלה",,scale,"יניב שפירא:
1 = לא למד כלל
2 = עממי חלקי
3 = סיים עממי
4 = תיכון חלקי
5 = סיים תיכון
6 = גבוהה חלקית
7 = ב.א.
8 = תואר שני ומעלה",unknown,unknown,,,scale,"1 = לא למד כלל
2 = עממי חלקי
3 = סיים עממי
4 = תיכון חלקי
5 = סיים תיכון
6 = גבוהה חלקית
7 = ב.א.
8 = תואר שני ומעלה",,,,,,,,,,,,,,
דמוגרפיה,$A$46,"יניב שפירא:
רק למי שענה שעובד",יניב שפירא,sector,רק למי שענה שעובד,unknown,unknown,,,sector,רק למי שענה שעובד,,,,,,,,,,,,,,
דמוגרפיה,$G$46,"יניב שפירא:
1 = משרה מלאה
2 = משרה חלקית",,scale,"יניב שפירא:
1 = משרה מלאה
2 = משרה חלקית",unknown,unknown,,,scale,"1 = משרה מלאה
2 = משרה חלקית",,,,,,,,,,,,,,
דמוגרפיה,$AA$47,"יניב שפירא:
1 = מקצוע חופשי שדורש השכלה אקדמית
2 = מקצוע חופשי שלא דורש הכשלה אקדמית
3 = פקיד או בעל עסק עם 11+ עובדים
4 = פקיד או בעל עסק עם 3-10 עובדים
5 = פקיד או בעל עסק עם 0-2 עובדים
6 = פועל מקצועי
7 = פועל לא מקצועי (רוכל)
8 = סטודנט
9 = עקר בית
0 = לא עובד",,scale,"יניב שפירא:
1 = מקצוע חופשי שדורש השכלה אקדמית
2 = מקצוע חופשי שלא דורש הכשלה אקדמית
3 = פקיד או בעל עסק עם 11+ עובדים
4 = פקיד או בעל עסק עם 3-10 עובדים
5 = פקיד או בעל עסק עם 0-2 עובדים
6 = פועל מקצועי
7 = פועל לא מקצועי (רוכל)
8 = סטודנט
9 = עקר בית
0 = לא עובד",unknown,unknown,,,scale,"1 = מקצוע חופשי שדורש השכלה אקדמית
2 = מקצוע חופשי שלא דורש הכשלה אקדמית
3 = פקיד או בעל עסק עם 11+ עובדים
4 = פקיד או בעל עסק עם 3-10 עובדים
5 = פקיד או בעל עסק עם 0-2 עובדים
6 = פועל מקצועי
7 = פועל לא מקצועי (רוכל)
8 = סטודנט
9 = עקר בית
0 = לא עובד",,,,,,,,,,,,,,
דמוגרפיה,$AG$47,"יניב שפירא:
1 = מקצוע חופשי
2 = מנהל/פקיד
3 = סוחר
4 = חקלאי
5 = עובד תחבורה
6 = בנייה
7 = בעל מלאכה
8 = ספורט/בידור
9 = לא עובד",,scale,"יניב שפירא:
1 = מקצוע חופשי
2 = מנהל/פקיד
3 = סוחר
4 = חקלאי
5 = עובד תחבורה
6 = בנייה
7 = בעל מלאכה
8 = ספורט/בידור
9 = לא עובד",unknown,unknown,,,scale,"1 = מקצוע חופשי
2 = מנהל/פקיד
3 = סוחר
4 = חקלאי
5 = עובד תחבורה
6 = בנייה
7 = בעל מלאכה
8 = ספורט/בידור
9 = לא עובד",,,,,,,,,,,,,,
דמוגרפיה,$G$48,"יניב שפירא:
1 = מגזר ציבורי
2 = מגזר פרטי/חברה פרטית",,scale,"יניב שפירא:
1 = מגזר ציבורי
2 = מגזר פרטי/חברה פרטית",unknown,unknown,,,scale,"1 = מגזר ציבורי
2 = מגזר פרטי/חברה פרטית",,,,,,,,,,,,,,
דמוגרפיה,$I$49,"יניב שפירא:
1 = כלל לא מודאג
2 = מודרג במקצת
3 = מודאג מאוד
4 = איבדתי את מקום העבודה שלי לאחרונה ואני מחפש עבודה
5 = אינני עובד ואינני מחפש עבודה",,scale,"יניב שפירא:
1 = כלל לא מודאג
2 = מודרג במקצת
3 = מודאג מאוד
4 = איבדתי את מקום העבודה שלי לאחרונה ואני מחפש עבודה
5 = אינני עובד ואינני מחפש עבודה",unknown,unknown,,,scale,"1 = כלל לא מודאג
2 = מודרג במקצת
3 = מודאג מאוד
4 = איבדתי את מקום העבודה שלי לאחרונה ואני מחפש עבודה
5 = אינני עובד ואינני מחפש עבודה",,,,,,,,,,,,,,
דמוגרפיה,$F$50,"יניב שפירא:
1 = גבוה
2 = בינוני-גבוה
3 = בינוני
4 = נמוך",,scale,"יניב שפירא:
1 = גבוה
2 = בינוני-גבוה
3 = בינוני
4 = נמוך",unknown,unknown,,,scale,"1 = גבוה
2 = בינוני-גבוה
3 = בינוני
4 = נמוך",,,,,,,,,,,,,,
דמוגרפיה,$Q$50,"יניב שפירא:
1 = גבוה
2 = בינוני-גבוה
3 = בינוני
4 = נמוך
5 = מעמד הפועלים
6 = לא משויך לשום מעמד",,scale,"יניב שפירא:
1 = גבוה
2 = בינוני-גבוה
3 = בינוני
4 = נמוך
5 = מעמד הפועלים
6 = לא משויך לשום מעמד",unknown,unknown,,,scale,"1 = גבוה
2 = בינוני-גבוה
3 = בינוני
4 = נמוך
5 = מעמד הפועלים
6 = לא משויך לשום מעמד",,,,,,,,,,,,,,
דמוגרפיה,$S$50,"יניב שפירא:
1 = מעמד גבוה
2 = מעמד בינוני
3 = מעמד פועלים
4 = מעמד נמוך
5 = לא שייף לאף מעמד",,scale,"יניב שפירא:
1 = מעמד גבוה
2 = מעמד בינוני
3 = מעמד פועלים
4 = מעמד נמוך
5 = לא שייף לאף מעמד",unknown,unknown,,,scale,"1 = מעמד גבוה
2 = מעמד בינוני
3 = מעמד פועלים
4 = מעמד נמוך
5 = לא שייף לאף מעמד",,,,,,,,,,,,,,
דמוגרפיה,$AF$50,"יניב שפירא:
1 = בינוני-עליון
2 = בינוני
3 = נמוך
4 = עליון
5 = פועלים
6 = אחר
7 = לא מסווג את עצמי לשום מעמד",,scale,"יניב שפירא:
1 = בינוני-עליון
2 = בינוני
3 = נמוך
4 = עליון
5 = פועלים
6 = אחר
7 = לא מסווג את עצמי לשום מעמד",unknown,unknown,,,scale,"1 = בינוני-עליון
2 = בינוני
3 = נמוך
4 = עליון
5 = פועלים
6 = אחר
7 = לא מסווג את עצמי לשום מעמד",,,,,,,,,,,,,,
דמוגרפיה,$G$51,"יניב שפירא:
0 = לא
1 = כן",,scale,"יניב שפירא:
0 = לא
1 = כן",unknown,unknown,,,scale,"0 = לא
1 = כן",,,,,,,,,,,,,,
דמוגרפיה,$H$51,"יניב שפירא:
1 = לא
2 = כן",,scale,"יניב שפירא:
1 = לא
2 = כן",unknown,unknown,,,scale,"1 = לא
2 = כן",,,,,,,,,,,,,,
דמוגרפיה,$P$53,"יניב שפירא:
1 = אין
2 = יש בן/בנים
3 = יש בת/בנות
4 = יש בן+בת",,scale,"יניב שפירא:
1 = אין
2 = יש בן/בנים
3 = יש בת/בנות
4 = יש בן+בת",unknown,unknown,,,scale,"1 = אין
2 = יש בן/בנים
3 = יש בת/בנות
4 = יש בן+בת",,,,,,,,,,,,,,
דמוגרפיה,$A$56,"יניב שפירא:
רק למי שענה שיש לו ילדים",יניב שפירא,sector,רק למי שענה שיש לו ילדים,unknown,unknown,,,sector,רק למי שענה שיש לו ילדים,,,,,,,,,,,,,,
דמוגרפיה,$G$56,"יניב שפירא:
1 = לא
2 = כן",,scale,"יניב שפירא:
1 = לא
2 = כן",unknown,unknown,,,scale,"1 = לא
2 = כן",,,,,,,,,,,,,,
דמוגרפיה,$H$57,"יניב שפירא:
1 = הכנסה מעבודה
2 = גמלאות
3 = דמי אבטלה, קצבאות או מענקי סעד
4 = הכנסה מהשקעות חסכונות ביטוח או רכוש
5 = הכנסה ממקורות אחרים",,scale,"יניב שפירא:
1 = הכנסה מעבודה
2 = גמלאות
3 = דמי אבטלה, קצבאות או מענקי סעד
4 = הכנסה מהשקעות חסכונות ביטוח או רכוש
5 = הכנסה ממקורות אחרים",unknown,unknown,,,scale,"1 = הכנסה מעבודה
2 = גמלאות
3 = דמי אבטלה, קצבאות או מענקי סעד
4 = הכנסה מהשקעות חסכונות ביטוח או רכוש
5 = הכנסה ממקורות אחרים",,,,,,,,,,,,,,
דמוגרפיה,$H$58,"יניב שפירא:
1 = עד 3,000 ₪
2 = 3,001-4,500 ₪
3 = 4,501-6,000 ₪
4 = 6,001-8,000 ₪
5 = 8,001-10,000 ₪
6 = 10,001-12,000 ₪
7 = 12,001-14,000 ₪
8 = 14,001-16,000 ₪
9 = 16,001-20,000 ₪
10 = יותר מ-20,001 ₪ ",,scale,"יניב שפירא:
1 = עד 3,000 ₪
2 = 3,001-4,500 ₪
3 = 4,501-6,000 ₪
4 = 6,001-8,000 ₪
5 = 8,001-10,000 ₪
6 = 10,001-12,000 ₪
7 = 12,001-14,000 ₪
8 = 14,001-16,000 ₪
9 = 16,001-20,000 ₪
10 = יותר מ-20,001 ₪ ",unknown,unknown,,,scale,"1 = עד 3,000 ₪
2 = 3,001-4,500 ₪
3 = 4,501-6,000 ₪
4 = 6,001-8,000 ₪
5 = 8,001-10,000 ₪
6 = 10,001-12,000 ₪
7 = 12,001-14,000 ₪
8 = 14,001-16,000 ₪
9 = 16,001-20,000 ₪
10 = יותר מ-20,001 ₪ ",,,,,,,,,,,,,,
דמוגרפיה,$U$58,"יניב שפירא:
1 = עד 20,000 
2 = 20,001-30,000
3 = 30,001-40,000
4 = 40,001-50,000
5 = 50,001-60,000
6 = 60,001-75,000
7 = 75,001-85,000
8 = 85,001 +",,scale,"יניב שפירא:
1 = עד 20,000 
2 = 20,001-30,000
3 = 30,001-40,000
4 = 40,001-50,000
5 = 50,001-60,000
6 = 60,001-75,000
7 = 75,001-85,000
8 = 85,001 +",unknown,unknown,,,scale,"1 = עד 20,000 
2 = 20,001-30,000
3 = 30,001-40,000
4 = 40,001-50,000
5 = 50,001-60,000
6 = 60,001-75,000
7 = 75,001-85,000
8 = 85,001 +",,,,,,,,,,,,,,
דמוגרפיה,$H$59,"יניב שפירא:
1 = כלום
2 = חלק קטן מאוד
3 = פחות מחצי
4 = בערך חצי
5 = מעל לחצי
6 = חלק גדול מאוד
7 = הכל",,scale,"יניב שפירא:
1 = כלום
2 = חלק קטן מאוד
3 = פחות מחצי
4 = בערך חצי
5 = מעל לחצי
6 = חלק גדול מאוד
7 = הכל",unknown,unknown,,,scale,"1 = כלום
2 = חלק קטן מאוד
3 = פחות מחצי
4 = בערך חצי
5 = מעל לחצי
6 = חלק גדול מאוד
7 = הכל",,,,,,,,,,,,,,
דמוגרפיה,$I$61,"יניב שפירא:
1 = כן
2 = לא",,scale,"יניב שפירא:
1 = כן
2 = לא",unknown,unknown,,,scale,"1 = כן
2 = לא",,,,,,,,,,,,,,
דמוגרפיה,$I$62,"יניב שפירא:
1 = לא למד כלל
2 = ביה""ס יסודי וחטיבת בינים
3 = תיכון
4 = מוסד הנותן קורסים של הכשרה והשתלמות
5 = מוסד על תיכוני
6 = מוסד אקדמי
",,scale,"יניב שפירא:
1 = לא למד כלל
2 = ביה""ס יסודי וחטיבת בינים
3 = תיכון
4 = מוסד הנותן קורסים של הכשרה והשתלמות
5 = מוסד על תיכוני
6 = מוסד אקדמי
",unknown,unknown,,,scale,"1 = לא למד כלל
2 = ביה""ס יסודי וחטיבת בינים
3 = תיכון
4 = מוסד הנותן קורסים של הכשרה והשתלמות
5 = מוסד על תיכוני
6 = מוסד אקדמי
",,,,,,,,,,,,,,
דמוגרפיה,$A$63,"יניב שפירא:
רק לעולי ברה""מ",יניב שפירא,sector,"רק לעולי ברה""מ",unknown,unknown,,,sector,"רק לעולי ברה""מ",,,,,,,,,,,,,,
דמוגרפיה,$A$64,"יניב שפירא:
רק לעולי ברה""מ",יניב שפירא,sector,"רק לעולי ברה""מ",unknown,unknown,,,sector,"רק לעולי ברה""מ",,,,,,,,,,,,,,
דמוגרפיה,$A$65,"יניב שפירא:
רק לעולי ברה""מ",יניב שפירא,sector,"רק לעולי ברה""מ",unknown,unknown,,,sector,"רק לעולי ברה""מ",,,,,,,,,,,,,,
דמוגרפיה,$J$65,"יניב שפירא:
1 = עולים מברה""מ
2 = ישראלים לא עולים
3 = חצי חצי",,scale,"יניב שפירא:
1 = עולים מברה""מ
2 = ישראלים לא עולים
3 = חצי חצי",unknown,unknown,,,scale,"1 = עולים מברה""מ
2 = ישראלים לא עולים
3 = חצי חצי",,,,,,,,,,,,,,
דמוגרפיה,$O$66,"יניב שפירא:
1 = טרם, אך אשרת בעתיד
2 = כיום בשירות חובה
3 = כיום בשירות קבע
4 = שירתתי בעבר
5 = לא שירתתי כלל",,scale,"יניב שפירא:
1 = טרם, אך אשרת בעתיד
2 = כיום בשירות חובה
3 = כיום בשירות קבע
4 = שירתתי בעבר
5 = לא שירתתי כלל",unknown,unknown,,,scale,"1 = טרם, אך אשרת בעתיד
2 = כיום בשירות חובה
3 = כיום בשירות קבע
4 = שירתתי בעבר
5 = לא שירתתי כלל",,,,,,,,,,,,,,
דמוגרפיה,$AH$66,"יניב שפירא:
1 = לא, דח""ש
2 = לא, שחרור רפואי
3 = לא, סיבות אישיות
4 = לא, עקב נישואין
5 = לא, עלה לארץ בגיל מבוגר
6 = לא, כאשר צה""ל הוקם היה מבוגר מדי
7 = לא, אין פירוט
8 = סיבה אחרת
9 = שירת בצה""ל",,scale,"יניב שפירא:
1 = לא, דח""ש
2 = לא, שחרור רפואי
3 = לא, סיבות אישיות
4 = לא, עקב נישואין
5 = לא, עלה לארץ בגיל מבוגר
6 = לא, כאשר צה""ל הוקם היה מבוגר מדי
7 = לא, אין פירוט
8 = סיבה אחרת
9 = שירת בצה""ל",unknown,unknown,,,scale,"1 = לא, דח""ש
2 = לא, שחרור רפואי
3 = לא, סיבות אישיות
4 = לא, עקב נישואין
5 = לא, עלה לארץ בגיל מבוגר
6 = לא, כאשר צה""ל הוקם היה מבוגר מדי
7 = לא, אין פירוט
8 = סיבה אחרת
9 = שירת בצה""ל",,,,,,,,,,,,,,
דמוגרפיה,$P$67,"יניב שפירא:
1 = כן
2 = לא",,scale,"יניב שפירא:
1 = כן
2 = לא",unknown,unknown,,,scale,"1 = כן
2 = לא",,,,,,,,,,,,,,
דמוגרפיה,$P$69,"יניב שפירא:
1 = קרבי
2 = לא קרבי",,scale,"יניב שפירא:
1 = קרבי
2 = לא קרבי",unknown,unknown,,,scale,"1 = קרבי
2 = לא קרבי",,,,,,,,,,,,,,
דמוגרפיה,$P$70,"יניב שפירא:
1 = עד שנה
2 = שנה-שנה וחצי
3 = שנה וחצי-שנתיים
4 = שנתיים-שנתיים וחצי
5 = שנתיים וחצי-שלוש
6 = 3-6 שנים
7 = 6-15 שנים
8 = מעל 15 שנים",,scale,"יניב שפירא:
1 = עד שנה
2 = שנה-שנה וחצי
3 = שנה וחצי-שנתיים
4 = שנתיים-שנתיים וחצי
5 = שנתיים וחצי-שלוש
6 = 3-6 שנים
7 = 6-15 שנים
8 = מעל 15 שנים",unknown,unknown,,,scale,"1 = עד שנה
2 = שנה-שנה וחצי
3 = שנה וחצי-שנתיים
4 = שנתיים-שנתיים וחצי
5 = שנתיים וחצי-שלוש
6 = 3-6 שנים
7 = 6-15 שנים
8 = מעל 15 שנים",,,,,,,,,,,,,,
דמוגרפיה,$P$71,"יניב שפירא:
1 = קרבי
2 = לא קרבי",,scale,"יניב שפירא:
1 = קרבי
2 = לא קרבי",unknown,unknown,,,scale,"1 = קרבי
2 = לא קרבי",,,,,,,,,,,,,,
דמוגרפיה,$P$72,"יניב שפירא:
1 = טוראי
2 = טר""ש
3 = רב""ט
4 = סמל
5 = סמ""ר
6 = רס""ל
7 = רס""ר
8 = רס""מ/רס""ב
9 = סג""מ
10 = סגן
11 = סרן
12 = רס""ן
13 = סא""ל
14 = אל""ם
15 = תא""ל
16 = אלוף
17 = רא""ל",,scale,"יניב שפירא:
1 = טוראי
2 = טר""ש
3 = רב""ט
4 = סמל
5 = סמ""ר
6 = רס""ל
7 = רס""ר
8 = רס""מ/רס""ב
9 = סג""מ
10 = סגן
11 = סרן
12 = רס""ן
13 = סא""ל
14 = אל""ם
15 = תא""ל
16 = אלוף
17 = רא""ל",unknown,unknown,,,scale,"1 = טוראי
2 = טר""ש
3 = רב""ט
4 = סמל
5 = סמ""ר
6 = רס""ל
7 = רס""ר
8 = רס""מ/רס""ב
9 = סג""מ
10 = סגן
11 = סרן
12 = רס""ן
13 = סא""ל
14 = אל""ם
15 = תא""ל
16 = אלוף
17 = רא""ל",,,,,,,,,,,,,,
דמוגרפיה,$AE$73,"יניב שפירא:
1 = המרואיין
2 = בעלה של המרואיינת
3 = אביו של המרואיין
4 = בנו של המרואיין
5 = אחר",,scale,"יניב שפירא:
1 = המרואיין
2 = בעלה של המרואיינת
3 = אביו של המרואיין
4 = בנו של המרואיין
5 = אחר",unknown,unknown,,,scale,"1 = המרואיין
2 = בעלה של המרואיינת
3 = אביו של המרואיין
4 = בנו של המרואיין
5 = אחר",,,,,,,,,,,,,,
דמוגרפיה,$AE$74,"יניב שפירא:
1 = לא למד כלל
2 = עד 4 שנים
3 = 5-8 שנים
4 = 9-10 שנים
5 = 11 שנים
6 = 12 שנים
7 = השכלה על תיכונית או אקדמית חלקית
8 = השכלה אקדמית מלאה",,scale,"יניב שפירא:
1 = לא למד כלל
2 = עד 4 שנים
3 = 5-8 שנים
4 = 9-10 שנים
5 = 11 שנים
6 = 12 שנים
7 = השכלה על תיכונית או אקדמית חלקית
8 = השכלה אקדמית מלאה",unknown,unknown,,,scale,"1 = לא למד כלל
2 = עד 4 שנים
3 = 5-8 שנים
4 = 9-10 שנים
5 = 11 שנים
6 = 12 שנים
7 = השכלה על תיכונית או אקדמית חלקית
8 = השכלה אקדמית מלאה",,,,,,,,,,,,,,
דמוגרפיה,$AF$75,"יניב שפירא:
1 = לא למד כלל
2 = עד 4 שנים
3 = 5-8 שנים
4 = 9-10 שנים
5 = 11 שנים
6 = 12 שנים
7 = השכלה על תיכונית או אקדמית חלקית
8 = השכלה אקדמית מלאה",,scale,"יניב שפירא:
1 = לא למד כלל
2 = עד 4 שנים
3 = 5-8 שנים
4 = 9-10 שנים
5 = 11 שנים
6 = 12 שנים
7 = השכלה על תיכונית או אקדמית חלקית
8 = השכלה אקדמית מלאה",unknown,unknown,,,scale,"1 = לא למד כלל
2 = עד 4 שנים
3 = 5-8 שנים
4 = 9-10 שנים
5 = 11 שנים
6 = 12 שנים
7 = השכלה על תיכונית או אקדמית חלקית
8 = השכלה אקדמית מלאה",,,,,,,,,,,,,,
דמוגרפיה,$AE$76,"יניב שפירא:
1 = מקצוע חופשי שדורש השכלה אקדמית
2 = מקצוע חופשי שלא דורש השכלה
3 = פקיד או בעל עסק המעסיק 11 + עובדים
4 = פקיד או בעל עסק המעסיק 3-10 עובדים
5 = פקיד או בעל עסק המעסיק 0-2 עובדים
6 = פועל מקצועי
7 = רוכל
8 = אחר
9 = לא עובד",,scale,"יניב שפירא:
1 = מקצוע חופשי שדורש השכלה אקדמית
2 = מקצוע חופשי שלא דורש השכלה
3 = פקיד או בעל עסק המעסיק 11 + עובדים
4 = פקיד או בעל עסק המעסיק 3-10 עובדים
5 = פקיד או בעל עסק המעסיק 0-2 עובדים
6 = פועל מקצועי
7 = רוכל
8 = אחר
9 = לא עובד",unknown,unknown,,,scale,"1 = מקצוע חופשי שדורש השכלה אקדמית
2 = מקצוע חופשי שלא דורש השכלה
3 = פקיד או בעל עסק המעסיק 11 + עובדים
4 = פקיד או בעל עסק המעסיק 3-10 עובדים
5 = פקיד או בעל עסק המעסיק 0-2 עובדים
6 = פועל מקצועי
7 = רוכל
8 = אחר
9 = לא עובד",,,,,,,,,,,,,,
דמוגרפיה,$AF$76,"יניב שפירא:
1 = מקצוע חופשי
2 = מנהל/פקיד
3 = סוחר
4 = חקלאי
5 = עובד תחבורה
6 = בנייה
7 = בעל מלאכה
8 = ספורט/בידור
9 = לא עובד",,scale,"יניב שפירא:
1 = מקצוע חופשי
2 = מנהל/פקיד
3 = סוחר
4 = חקלאי
5 = עובד תחבורה
6 = בנייה
7 = בעל מלאכה
8 = ספורט/בידור
9 = לא עובד",unknown,unknown,,,scale,"1 = מקצוע חופשי
2 = מנהל/פקיד
3 = סוחר
4 = חקלאי
5 = עובד תחבורה
6 = בנייה
7 = בעל מלאכה
8 = ספורט/בידור
9 = לא עובד",,,,,,,,,,,,,,
דמוגרפיה,$AE$77,"יניב שפירא:
1 = שכיר
2 = עצמאי-מעסיק
3 = עצמאי לא מעסיק
4 = חבר קואופרטיב
5 = אחר
6 = מחפש עבודה
7 = עקרת בית
8 = פנסיונר
9 = אחר",,scale,"יניב שפירא:
1 = שכיר
2 = עצמאי-מעסיק
3 = עצמאי לא מעסיק
4 = חבר קואופרטיב
5 = אחר
6 = מחפש עבודה
7 = עקרת בית
8 = פנסיונר
9 = אחר",unknown,unknown,,,scale,"1 = שכיר
2 = עצמאי-מעסיק
3 = עצמאי לא מעסיק
4 = חבר קואופרטיב
5 = אחר
6 = מחפש עבודה
7 = עקרת בית
8 = פנסיונר
9 = אחר",,,,,,,,,,,,,,
דמוגרפיה,$AE$78,"יניב שפירא:
1 = אתה או ראש המשפחה
2 = בעלים פרטיים
3 = הסתדרות
4 = סקטור ציבורי
5 = אחר
6 = לא עובד",,scale,"יניב שפירא:
1 = אתה או ראש המשפחה
2 = בעלים פרטיים
3 = הסתדרות
4 = סקטור ציבורי
5 = אחר
6 = לא עובד",unknown,unknown,,,scale,"1 = אתה או ראש המשפחה
2 = בעלים פרטיים
3 = הסתדרות
4 = סקטור ציבורי
5 = אחר
6 = לא עובד",,,,,,,,,,,,,,
דמוגרפיה,$AE$79,"יניב שפירא:
1 = כן
2 = לא
6 = לא עובד",,scale,"יניב שפירא:
1 = כן
2 = לא
6 = לא עובד",unknown,unknown,,,scale,"1 = כן
2 = לא
6 = לא עובד",,,,,,,,,,,,,,
דמוגרפיה,$O$80,"יניב שפירא:
1 = כן
2 = לא",,scale,"יניב שפירא:
1 = כן
2 = לא",unknown,unknown,,,scale,"1 = כן
2 = לא",,,,,,,,,,,,,,
דמוגרפיה,$Z$80,"יניב שפירא:
1 = כן
2 = לא",,scale,"יניב שפירא:
1 = כן
2 = לא",unknown,unknown,,,scale,"1 = כן
2 = לא",,,,,,,,,,,,,,
דמוגרפיה,$AE$81,"יניב שפירא:
2 = קופ""ח של העובדים הלאומיים
3 = קופ""ח מכבי
4 = קופ"" מרכזית
5 = קופ""ח עממית
6 = ביטוח אחר
7 = באמצעות סעד
8 = פרטי
",,scale,"יניב שפירא:
2 = קופ""ח של העובדים הלאומיים
3 = קופ""ח מכבי
4 = קופ"" מרכזית
5 = קופ""ח עממית
6 = ביטוח אחר
7 = באמצעות סעד
8 = פרטי
",unknown,unknown,,,scale,"2 = קופ""ח של העובדים הלאומיים
3 = קופ""ח מכבי
4 = קופ"" מרכזית
5 = קופ""ח עממית
6 = ביטוח אחר
7 = באמצעות סעד
8 = פרטי
",,,,,,,,,,,,,,
דמוגרפיה,$AF$82,"יניב שפירא:
1 = עברית
2 = יידיש
3 = ערבית
4 = שפות מזרח אירופאיות
5 = שפות מערב אירופה
6 = שפות לטיניות ובלקניות
7 = אחר",,scale,"יניב שפירא:
1 = עברית
2 = יידיש
3 = ערבית
4 = שפות מזרח אירופאיות
5 = שפות מערב אירופה
6 = שפות לטיניות ובלקניות
7 = אחר",unknown,unknown,,,scale,"1 = עברית
2 = יידיש
3 = ערבית
4 = שפות מזרח אירופאיות
5 = שפות מערב אירופה
6 = שפות לטיניות ובלקניות
7 = אחר",,,,,,,,,,,,,,
דמוגרפיה,$AH$83,"יניב שפירא:
1 = כן
2 = לא",,scale,"יניב שפירא:
1 = כן
2 = לא",unknown,unknown,,,scale,"1 = כן
2 = לא",,,,,,,,,,,,,,
דמוגרפיה,$AH$84,"יניב שפירא:
1 = כן
2 = לא",,scale,"יניב שפירא:
1 = כן
2 = לא",unknown,unknown,,,scale,"1 = כן
2 = לא",,,,,,,,,,,,,,
דמוגרפיה,$AH$85,"יניב שפירא:
1 = אותו מקום
2 = מקום אחר",,scale,"יניב שפירא:
1 = אותו מקום
2 = מקום אחר",unknown,unknown,,,scale,"1 = אותו מקום
2 = מקום אחר",,,,,,,,,,,,,,
דמוגרפיה,$AE$86,"יניב שפירא:
1 = הנוע""ל
2 = התנועה המאוחדת
3 = הצופים
4 = שמו""צ
5 = בני עקיבא
6 = הנוער הדתי העובד
7 = הנוער העובד הלאומי
8 = מכבי הצעיר
9 = דרור
10 = בית""ר
11 = עזרא
12 = נוער ציוני
13 = צעירי אגודת ישראל
14 = בנות אגודת ישראל
15 = תנועה בחו""ל
16 = אחר
17 = לא חבר תנועת נוער",,scale,"יניב שפירא:
1 = הנוע""ל
2 = התנועה המאוחדת
3 = הצופים
4 = שמו""צ
5 = בני עקיבא
6 = הנוער הדתי העובד
7 = הנוער העובד הלאומי
8 = מכבי הצעיר
9 = דרור
10 = בית""ר
11 = עזרא
12 = נוער ציוני
13 = צעירי אגודת ישראל
14 = בנות אגודת ישראל
15 = תנועה בחו""ל
16 = אחר
17 = לא חבר תנועת נוער",unknown,unknown,,,scale,"1 = הנוע""ל
2 = התנועה המאוחדת
3 = הצופים
4 = שמו""צ
5 = בני עקיבא
6 = הנוער הדתי העובד
7 = הנוער העובד הלאומי
8 = מכבי הצעיר
9 = דרור
10 = בית""ר
11 = עזרא
12 = נוער ציוני
13 = צעירי אגודת ישראל
14 = בנות אגודת ישראל
15 = תנועה בחו""ל
16 = אחר
17 = לא חבר תנועת נוער",,,,,,,,,,,,,,
דמוגרפיה,$AH$87,"יניב שפירא:
1 = איחוד הקבוצות והקיבוצים
2 = הקיבוץ המאוחד
3 = קיבוצי השמו""צ
4 = הקיבוץ הדתי
5 = הנוער הציוני
6 = הבלתי מצורפים
7 = זרם אחר
8 = לא היה חבר קיבוץ",,scale,"יניב שפירא:
1 = איחוד הקבוצות והקיבוצים
2 = הקיבוץ המאוחד
3 = קיבוצי השמו""צ
4 = הקיבוץ הדתי
5 = הנוער הציוני
6 = הבלתי מצורפים
7 = זרם אחר
8 = לא היה חבר קיבוץ",unknown,unknown,,,scale,"1 = איחוד הקבוצות והקיבוצים
2 = הקיבוץ המאוחד
3 = קיבוצי השמו""צ
4 = הקיבוץ הדתי
5 = הנוער הציוני
6 = הבלתי מצורפים
7 = זרם אחר
8 = לא היה חבר קיבוץ",,,,,,,,,,,,,,
ישראל כללי,$D$2,"יניב שפירא:
1 = טוב מאוד
2 = טוב
3 = ככה ככה
4 = לא טוב
5 = רע",,scale,"יניב שפירא:
1 = טוב מאוד
2 = טוב
3 = ככה ככה
4 = לא טוב
5 = רע",unknown,unknown,,,scale,"1 = טוב מאוד
2 = טוב
3 = ככה ככה
4 = לא טוב
5 = רע",,,,,,,,,,,,,,
ישראל כללי,$L$2,"יניב שפירא:
1 = רע
2 = לא טוב
3 = ככה ככה
4 = טוב
5 = טוב מאוד",,scale,"יניב שפירא:
1 = רע
2 = לא טוב
3 = ככה ככה
4 = טוב
5 = טוב מאוד",unknown,unknown,,,scale,"1 = רע
2 = לא טוב
3 = ככה ככה
4 = טוב
5 = טוב מאוד",,,,,,,,,,,,,,
ישראל כללי,$M$2,"יניב שפירא:
1 = טוב מאד
2 = טוב
3 = ככה ככה
4 = לא טוב
5 = רע",,scale,"יניב שפירא:
1 = טוב מאד
2 = טוב
3 = ככה ככה
4 = לא טוב
5 = רע",unknown,unknown,,,scale,"1 = טוב מאד
2 = טוב
3 = ככה ככה
4 = לא טוב
5 = רע",,,,,,,,,,,,,,
ישראל כללי,$F$3,"יניב שפירא:
1 = מטפלת בדרך טובה מאד
2 = מטפלת בדרך טובה
3 = מטפלת בדרך לא כ""כ טובה
4 = מטפלת בדרך לא טובה כלל",,scale,"יניב שפירא:
1 = מטפלת בדרך טובה מאד
2 = מטפלת בדרך טובה
3 = מטפלת בדרך לא כ""כ טובה
4 = מטפלת בדרך לא טובה כלל",unknown,unknown,,,scale,"1 = מטפלת בדרך טובה מאד
2 = מטפלת בדרך טובה
3 = מטפלת בדרך לא כ""כ טובה
4 = מטפלת בדרך לא טובה כלל",,,,,,,,,,,,,,
ישראל כללי,$L$3,"יניב שפירא:
1 = לא טובה כלל
2 = בדרך לא כ""כ טובה
3 = בדרך טובה
4 = בדרך טובה מאוד",,scale,"יניב שפירא:
1 = לא טובה כלל
2 = בדרך לא כ""כ טובה
3 = בדרך טובה
4 = בדרך טובה מאוד",unknown,unknown,,,scale,"1 = לא טובה כלל
2 = בדרך לא כ""כ טובה
3 = בדרך טובה
4 = בדרך טובה מאוד",,,,,,,,,,,,,,
ישראל כללי,$M$3,"יניב שפירא:
1 = בדרך טובה מאד
2 = בדרך טובה
3 = לא כ""כ טובה
4 = לא טובה בכלל",,scale,"יניב שפירא:
1 = בדרך טובה מאד
2 = בדרך טובה
3 = לא כ""כ טובה
4 = לא טובה בכלל",unknown,unknown,,,scale,"1 = בדרך טובה מאד
2 = בדרך טובה
3 = לא כ""כ טובה
4 = לא טובה בכלל",,,,,,,,,,,,,,
ישראל כללי,$B$4,"adi:
קידוד 1-103",adi,unknown,קידוד 1-103,unknown,unknown,specialScale,,specialScale,קידוד 1-103,,,,,,,,,,,,,,
ישראל כללי,$D$4,"יניב שפירא:
קידוד
1-72",,scale,"יניב שפירא:
קידוד
1-72",unknown,unknown,,,scale,"קידוד
1-72",,,,,,,,,,,,,,
ישראל כללי,$E$4,"יניב שפירא:
אפשר לתת 2 תשובות
c8_code1
c8_code2",,scale,"יניב שפירא:
אפשר לתת 2 תשובות
c8_code1
c8_code2",unknown,unknown,,,scale,"אפשר לתת 2 תשובות
c8_code1
c8_code2",,,,,,,,,,,,,,
ישראל כללי,$F$4,"יניב שפירא:
אפשר לתת שתי תשובות
v8_code_1
v8_code_2",,scale,"יניב שפירא:
אפשר לתת שתי תשובות
v8_code_1
v8_code_2",unknown,unknown,,,scale,"אפשר לתת שתי תשובות
v8_code_1
v8_code_2",,,,,,,,,,,,,,
ישראל כללי,$S$4,"יניב שפירא:
1 = בטחון
2 = כלכלה
3 = פער חברתי
4 = שלום
5 = זוגות צעירים
6 = אינפלציה
7 = קליטת עולים
8 = חינוך
9 = חוסר מנהיגות
10 = אחר",,scale,"יניב שפירא:
1 = בטחון
2 = כלכלה
3 = פער חברתי
4 = שלום
5 = זוגות צעירים
6 = אינפלציה
7 = קליטת עולים
8 = חינוך
9 = חוסר מנהיגות
10 = אחר",unknown,unknown,,,scale,"1 = בטחון
2 = כלכלה
3 = פער חברתי
4 = שלום
5 = זוגות צעירים
6 = אינפלציה
7 = קליטת עולים
8 = חינוך
9 = חוסר מנהיגות
10 = אחר",,,,,,,,,,,,,,
ישראל כללי,$Z$4,"יניב שפירא:
1 = בטחון
2 = כלכלה
3 = פער חברתי
4 = שלום
5 = זוגות צעירים
6 = שינוי שיטת הבחירות
7 = קליטת עליה
8 = חינוך
9 = אחר",,scale,"יניב שפירא:
1 = בטחון
2 = כלכלה
3 = פער חברתי
4 = שלום
5 = זוגות צעירים
6 = שינוי שיטת הבחירות
7 = קליטת עליה
8 = חינוך
9 = אחר",unknown,unknown,,,scale,"1 = בטחון
2 = כלכלה
3 = פער חברתי
4 = שלום
5 = זוגות צעירים
6 = שינוי שיטת הבחירות
7 = קליטת עליה
8 = חינוך
9 = אחר",,,,,,,,,,,,,,
ישראל כללי,$AB$4,"יניב שפירא:
1 = בטחון
2 = שלום
3 = כלכלה
4 = עליה וקליטה
5 = חינוך
6 = הפער החברתי
7 = שיכון זוגות צעירים
8 = בעיות פנים",,scale,"יניב שפירא:
1 = בטחון
2 = שלום
3 = כלכלה
4 = עליה וקליטה
5 = חינוך
6 = הפער החברתי
7 = שיכון זוגות צעירים
8 = בעיות פנים",unknown,unknown,,,scale,"1 = בטחון
2 = שלום
3 = כלכלה
4 = עליה וקליטה
5 = חינוך
6 = הפער החברתי
7 = שיכון זוגות צעירים
8 = בעיות פנים",,,,,,,,,,,,,,
ישראל כללי,$AG$4,"יניב שפירא:
1 = יחסים עם המעצמות
2 = עצמאות כלכלית
3 = שלום באזור
4 = יחסי עבודה
5 = היחסים עם הערבים
6 = הצבא
7 = יחסי חוץ
8 = עלייה
9 = מיקום הדת במדינה
10 = יחסים עדתיים
11 = אחר
12 = לא יודע",,scale,"יניב שפירא:
1 = יחסים עם המעצמות
2 = עצמאות כלכלית
3 = שלום באזור
4 = יחסי עבודה
5 = היחסים עם הערבים
6 = הצבא
7 = יחסי חוץ
8 = עלייה
9 = מיקום הדת במדינה
10 = יחסים עדתיים
11 = אחר
12 = לא יודע",unknown,unknown,,,scale,"1 = יחסים עם המעצמות
2 = עצמאות כלכלית
3 = שלום באזור
4 = יחסי עבודה
5 = היחסים עם הערבים
6 = הצבא
7 = יחסי חוץ
8 = עלייה
9 = מיקום הדת במדינה
10 = יחסים עדתיים
11 = אחר
12 = לא יודע",,,,,,,,,,,,,,
ישראל כללי,$AD$7,"יניב שפירא:
1 = תפתור בקרוב את שתיהן
2 = תפתור בקרוב רק את הראשונה
3 = תפתור בקרוב רק את השנייה
4 = לא תפתור שום בעיה בקרוב",,scale,"יניב שפירא:
1 = תפתור בקרוב את שתיהן
2 = תפתור בקרוב רק את הראשונה
3 = תפתור בקרוב רק את השנייה
4 = לא תפתור שום בעיה בקרוב",unknown,unknown,,,scale,"1 = תפתור בקרוב את שתיהן
2 = תפתור בקרוב רק את הראשונה
3 = תפתור בקרוב רק את השנייה
4 = לא תפתור שום בעיה בקרוב",,,,,,,,,,,,,,
ישראל כללי,$M$8,"יניב שפירא:
1 = נתניהו
2 = ברק
3 = מרדכי
4 = בגין
5 = בשארה
6 = רפול
7 = אף אחד
8 = אין הבדל",,scale,"יניב שפירא:
1 = נתניהו
2 = ברק
3 = מרדכי
4 = בגין
5 = בשארה
6 = רפול
7 = אף אחד
8 = אין הבדל",unknown,unknown,,,scale,"1 = נתניהו
2 = ברק
3 = מרדכי
4 = בגין
5 = בשארה
6 = רפול
7 = אף אחד
8 = אין הבדל",,,,,,,,,,,,,,
ישראל כללי,$N$8,"יניב שפירא:
1 = נתניהו
2 = פרס
3 = אותו דבר
4 = אף אחד",,scale,"יניב שפירא:
1 = נתניהו
2 = פרס
3 = אותו דבר
4 = אף אחד",unknown,unknown,,,scale,"1 = נתניהו
2 = פרס
3 = אותו דבר
4 = אף אחד",,,,,,,,,,,,,,
ישראל כללי,$T$8,"יניב שפירא:
1 = פרס
2 = בגין",,scale,"יניב שפירא:
1 = פרס
2 = בגין",unknown,unknown,,,scale,"1 = פרס
2 = בגין",,,,,,,,,,,,,,
ישראל כללי,$S$11,"יניב שפירא:
1 = המערך
2 = הליכוד
3 = שניהם אותו דבר
4 = אף אחד מהם",,scale,"יניב שפירא:
1 = המערך
2 = הליכוד
3 = שניהם אותו דבר
4 = אף אחד מהם",unknown,unknown,,,scale,"1 = המערך
2 = הליכוד
3 = שניהם אותו דבר
4 = אף אחד מהם",,,,,,,,,,,,,,
ישראל כללי,$A$12,"יניב שפירא:
אין קידוד
גם ב2020 וגם ב2021",,scale,"יניב שפירא:
אין קידוד
גם ב2020 וגם ב2021",unknown,unknown,,,scale,"אין קידוד
גם ב2020 וגם ב2021",,,,,,,,,,,,,,
ישראל כללי,$D$12,"יניב שפירא:
1 = שחיתות
2 = פוליטיקאים שלא מקיימים הבטחות
3 = גורמים שמתערבים בבחירות כך שהתוצאות לא מייצגות את רצון הבוחר
4 = שיטת הבחירות שמעוותת את רצון הבוחרים",,scale,"יניב שפירא:
1 = שחיתות
2 = פוליטיקאים שלא מקיימים הבטחות
3 = גורמים שמתערבים בבחירות כך שהתוצאות לא מייצגות את רצון הבוחר
4 = שיטת הבחירות שמעוותת את רצון הבוחרים",unknown,unknown,,,scale,"1 = שחיתות
2 = פוליטיקאים שלא מקיימים הבטחות
3 = גורמים שמתערבים בבחירות כך שהתוצאות לא מייצגות את רצון הבוחר
4 = שיטת הבחירות שמעוותת את רצון הבוחרים",,,,,,,,,,,,,,
ישראל כללי,$D$13,"יניב שפירא:
1-10
1 = כלל לא מרוצה
10 = מרוצה לגמרי",,scale,"יניב שפירא:
1-10
1 = כלל לא מרוצה
10 = מרוצה לגמרי",unknown,unknown,,,scale,"1-10
1 = כלל לא מרוצה
10 = מרוצה לגמרי",,,,,,,,,,,,,,
ישראל כללי,$A$14,"יניב שפירא:
שאלות 12A-14A בפוסט בחירות 2019 לא מקודדות בstata",יניב שפירא,unknown,שאלות 12A-14A בפוסט בחירות 2019 לא מקודדות בstata,unknown,unknown,stataIsNotCoded,,stataIsNotCoded,שאלות 12A-14A בפוסט בחירות 2019 לא מקודדות בstata,,,,,,,,,,,,,,
ישראל כללי,$B$14,"adi:
שאלות 709-711 לא מקודדות בנתונים",adi,unknown,שאלות 709-711 לא מקודדות בנתונים,unknown,unknown,stataIsNotCoded,,stataIsNotCoded,שאלות 709-711 לא מקודדות בנתונים,,,,,,,,,,,,,,
ישראל כללי,$B$15,"adi:
שאלות 709-711 לא מקודדות בנתונים",adi,unknown,שאלות 709-711 לא מקודדות בנתונים,unknown,unknown,stataIsNotCoded,,stataIsNotCoded,שאלות 709-711 לא מקודדות בנתונים,,,,,,,,,,,,,,
ישראל כללי,$B$16,"adi:
שאלות 709-711 לא מקודדות בנתונים",adi,unknown,שאלות 709-711 לא מקודדות בנתונים,unknown,unknown,stataIsNotCoded,,stataIsNotCoded,שאלות 709-711 לא מקודדות בנתונים,,,,,,,,,,,,,,
ישראל כללי,$G$17,"יניב שפירא:
1 = בהחלט לא מסכים
2 = לא מסכים
3 = מסכים
4 = מסכים מאד",,scale,"יניב שפירא:
1 = בהחלט לא מסכים
2 = לא מסכים
3 = מסכים
4 = מסכים מאד",unknown,unknown,,,scale,"1 = בהחלט לא מסכים
2 = לא מסכים
3 = מסכים
4 = מסכים מאד",,,,,,,,,,,,,,
ישראל כללי,$H$18,"יניב שפירא:
1 = בהחלט לא מסכים
2 = לא מסכים
3 = מסכים
4 = מסכים מאד",,scale,"יניב שפירא:
1 = בהחלט לא מסכים
2 = לא מסכים
3 = מסכים
4 = מסכים מאד",unknown,unknown,,,scale,"1 = בהחלט לא מסכים
2 = לא מסכים
3 = מסכים
4 = מסכים מאד",,,,,,,,,,,,,,
ישראל כללי,$G$19,"יניב שפירא:
1 = שמירה על כלכלה יציבה
2 = יצירה של סביבה אנושית יותר, שמדגישה יותר יחסי אנוש
3 = יצירת סביבה בה רעיונות נחשבים יותר מכסף
4 = מלחמה בפשע",,scale,"יניב שפירא:
1 = שמירה על כלכלה יציבה
2 = יצירה של סביבה אנושית יותר, שמדגישה יותר יחסי אנוש
3 = יצירת סביבה בה רעיונות נחשבים יותר מכסף
4 = מלחמה בפשע",unknown,unknown,,,scale,"1 = שמירה על כלכלה יציבה
2 = יצירה של סביבה אנושית יותר, שמדגישה יותר יחסי אנוש
3 = יצירת סביבה בה רעיונות נחשבים יותר מכסף
4 = מלחמה בפשע",,,,,,,,,,,,,,
ישראל כללי,$I$21,"יניב שפירא:
סולם 1-9
1 = מצב גרוע ביותר
9 = מצב טוב ביותר",,scale,"יניב שפירא:
סולם 1-9
1 = מצב גרוע ביותר
9 = מצב טוב ביותר",unknown,unknown,,,scale,"סולם 1-9
1 = מצב גרוע ביותר
9 = מצב טוב ביותר",,,,,,,,,,,,,,
ישראל כללי,$T$21,"יניב שפירא:
ארבע שנים ולא חמש
סולם 1-10
1 = החיים הטובים ביותר
10 = החיים הגרועים ביותר",,scale,"יניב שפירא:
ארבע שנים ולא חמש
סולם 1-10
1 = החיים הטובים ביותר
10 = החיים הגרועים ביותר",unknown,unknown,,,scale,"ארבע שנים ולא חמש
סולם 1-10
1 = החיים הטובים ביותר
10 = החיים הגרועים ביותר",,,,,,,,,,,,,,
ישראל כללי,$V$21,"יניב שפירא:
ארבע שנים ולא חמש
סולם 1-10
1 = החיים הטובים ביותר
10 = החיים הגרועים ביותר",,scale,"יניב שפירא:
ארבע שנים ולא חמש
סולם 1-10
1 = החיים הטובים ביותר
10 = החיים הגרועים ביותר",unknown,unknown,,,scale,"ארבע שנים ולא חמש
סולם 1-10
1 = החיים הטובים ביותר
10 = החיים הגרועים ביותר",,,,,,,,,,,,,,
ישראל כללי,$AG$21,"יניב שפירא:
סולם 0-10
0 = המצב הגרוע ביותר
10 = המצב הטוב ביותר",,scale,"יניב שפירא:
סולם 0-10
0 = המצב הגרוע ביותר
10 = המצב הטוב ביותר",unknown,unknown,,,scale,"סולם 0-10
0 = המצב הגרוע ביותר
10 = המצב הטוב ביותר",,,,,,,,,,,,,,
ישראל כללי,$AD$24,"יניב שפירא:
1 = תשנה את מצבי באופן אישי
2 = תשנה את המצב במדינה ולכן זה ישנה את מצבי
3 = לא תשנה את מצבי",,scale,"יניב שפירא:
1 = תשנה את מצבי באופן אישי
2 = תשנה את המצב במדינה ולכן זה ישנה את מצבי
3 = לא תשנה את מצבי",unknown,unknown,,,scale,"1 = תשנה את מצבי באופן אישי
2 = תשנה את המצב במדינה ולכן זה ישנה את מצבי
3 = לא תשנה את מצבי",,,,,,,,,,,,,,
ישראל כללי,$B$25,"adi:
באיזו מידה את/ה תומך/ת או מתנגד/ת להשתתפות של מפלגות ערביות בקואליציה? 
1 = מתנגד/ת לחלוטין
2 = מתנגד/ת להשתתפותן בקואלציה, אך בעד תמיכתן מבחוץ
3 = תומך/ת בהשתתפותן בקואליציה, ללא תפקידי שרים
4 = תומך/ת בהשתתפותן בקואליציה, כולל תפקידי שרים",,scale,"adi:
באיזו מידה את/ה תומך/ת או מתנגד/ת להשתתפות של מפלגות ערביות בקואליציה? 
1 = מתנגד/ת לחלוטין
2 = מתנגד/ת להשתתפותן בקואלציה, אך בעד תמיכתן מבחוץ
3 = תומך/ת בהשתתפותן בקואליציה, ללא תפקידי שרים
4 = תומך/ת בהשתתפותן בקואליציה, כולל תפקידי שרים",unknown,unknown,,,scale,"באיזו מידה את/ה תומך/ת או מתנגד/ת להשתתפות של מפלגות ערביות בקואליציה? 
1 = מתנגד/ת לחלוטין
2 = מתנגד/ת להשתתפותן בקואלציה, אך בעד תמיכתן מבחוץ
3 = תומך/ת בהשתתפותן בקואליציה, ללא תפקידי שרים
4 = תומך/ת בהשתתפותן בקואליציה, כולל תפקידי שרים",,,,,,,,,,,,,,
ישראל כללי,$L$25,"יניב שפירא:
1 = מתנגד מאד
2 = מתנגד במידה מסוימת
3 = תומך במידה מסוימת
4 = תומך מאד",,scale,"יניב שפירא:
1 = מתנגד מאד
2 = מתנגד במידה מסוימת
3 = תומך במידה מסוימת
4 = תומך מאד",unknown,unknown,,,scale,"1 = מתנגד מאד
2 = מתנגד במידה מסוימת
3 = תומך במידה מסוימת
4 = תומך מאד",,,,,,,,,,,,,,
ישראל כללי,$M$25,"יניב שפירא:
1 = תומך מאד
2 = תומך במידה מסוימת
3 = מתנגד במידה מסוימת
4 = מתנגד מאד",,scale,"יניב שפירא:
1 = תומך מאד
2 = תומך במידה מסוימת
3 = מתנגד במידה מסוימת
4 = מתנגד מאד",unknown,unknown,,,scale,"1 = תומך מאד
2 = תומך במידה מסוימת
3 = מתנגד במידה מסוימת
4 = מתנגד מאד",,,,,,,,,,,,,,
ישראל כללי,$M$26,"יניב שפירא:
1 = האינטרסים של המדינה חשובים יותר
2 = באותה מידה
3 = האינטרסים של הפרט חשובים יותר",,scale,"יניב שפירא:
1 = האינטרסים של המדינה חשובים יותר
2 = באותה מידה
3 = האינטרסים של הפרט חשובים יותר",unknown,unknown,,,scale,"1 = האינטרסים של המדינה חשובים יותר
2 = באותה מידה
3 = האינטרסים של הפרט חשובים יותר",,,,,,,,,,,,,,
ישראל כללי,$T$26,"יניב שפירא:
1 = של המדינה חשובים הרבה יותר
2 = של המדינה חשובים יותר
3 = באותה מידה
4 = של הפרט חשובים יותר
5 = של הפרט חשובים הרבה יותר",,scale,"יניב שפירא:
1 = של המדינה חשובים הרבה יותר
2 = של המדינה חשובים יותר
3 = באותה מידה
4 = של הפרט חשובים יותר
5 = של הפרט חשובים הרבה יותר",unknown,unknown,,,scale,"1 = של המדינה חשובים הרבה יותר
2 = של המדינה חשובים יותר
3 = באותה מידה
4 = של הפרט חשובים יותר
5 = של הפרט חשובים הרבה יותר",,,,,,,,,,,,,,
ישראל כללי,$AG$26,"יניב שפירא:
1 = אינטרס כללי בהחלט חשוב יותר
2 = אינטרס כללי אולי חשוב יותר
3 = חשובים באותה מידה
4 = אינטרס אישי אולי חשוב יותר
5 = אינטרס אישי בהחלט חשוב יותר",,scale,"יניב שפירא:
1 = אינטרס כללי בהחלט חשוב יותר
2 = אינטרס כללי אולי חשוב יותר
3 = חשובים באותה מידה
4 = אינטרס אישי אולי חשוב יותר
5 = אינטרס אישי בהחלט חשוב יותר",unknown,unknown,,,scale,"1 = אינטרס כללי בהחלט חשוב יותר
2 = אינטרס כללי אולי חשוב יותר
3 = חשובים באותה מידה
4 = אינטרס אישי אולי חשוב יותר
5 = אינטרס אישי בהחלט חשוב יותר",,,,,,,,,,,,,,
ישראל כללי,$N$27,"יניב שפירא:
1 = במידה רבה
2 = במידה מסוימת
3 = במידה מועטה
4 = בכלל לא",,scale,"יניב שפירא:
1 = במידה רבה
2 = במידה מסוימת
3 = במידה מועטה
4 = בכלל לא",unknown,unknown,,,scale,"1 = במידה רבה
2 = במידה מסוימת
3 = במידה מועטה
4 = בכלל לא",,,,,,,,,,,,,,
ישראל כללי,$N$28,"יניב שפירא:
1 = אפשר להשיג הכל בו זמנית
2 = אי אפשר להשיג הכל בו זמנית",,scale,"יניב שפירא:
1 = אפשר להשיג הכל בו זמנית
2 = אי אפשר להשיג הכל בו זמנית",unknown,unknown,,,scale,"1 = אפשר להשיג הכל בו זמנית
2 = אי אפשר להשיג הכל בו זמנית",,,,,,,,,,,,,,
ישראל כללי,$N$29,"יניב שפירא:
1 = בכלל לא
2 = במסגרת העבודה בלבד
3 = יש, ידיד אחד או שניים
4 = יש, קשרים רבים",,scale,"יניב שפירא:
1 = בכלל לא
2 = במסגרת העבודה בלבד
3 = יש, ידיד אחד או שניים
4 = יש, קשרים רבים",unknown,unknown,,,scale,"1 = בכלל לא
2 = במסגרת העבודה בלבד
3 = יש, ידיד אחד או שניים
4 = יש, קשרים רבים",,,,,,,,,,,,,,
ישראל כללי,$O$30,"יניב שפירא:
1 = במידה רבה
2 = במידה מסוימת
3 = במידה קטנה
4 = כלל לא",,scale,"יניב שפירא:
1 = במידה רבה
2 = במידה מסוימת
3 = במידה קטנה
4 = כלל לא",unknown,unknown,,,scale,"1 = במידה רבה
2 = במידה מסוימת
3 = במידה קטנה
4 = כלל לא",,,,,,,,,,,,,,
ישראל כללי,$O$32,"יניב שפירא:
1 = סיכוי גבוה
2 = סיכוי נמוך",,scale,"יניב שפירא:
1 = סיכוי גבוה
2 = סיכוי נמוך",unknown,unknown,,,scale,"1 = סיכוי גבוה
2 = סיכוי נמוך",,,,,,,,,,,,,,
ישראל כללי,$P$34,"יניב שפירא:
1 = מסכים בהחלט
2 = מסכים
3 = מתנגד
4 = מתנגד בהחלט",,scale,"יניב שפירא:
1 = מסכים בהחלט
2 = מסכים
3 = מתנגד
4 = מתנגד בהחלט",unknown,unknown,,,scale,"1 = מסכים בהחלט
2 = מסכים
3 = מתנגד
4 = מתנגד בהחלט",,,,,,,,,,,,,,
ישראל כללי,$P$39,"יניב שפירא:
1 = מאמין בהחלט
2 = מאמין אך לא בטוח
3 = מטיל ספק
4 = בהחלט לא מאמין",,scale,"יניב שפירא:
1 = מאמין בהחלט
2 = מאמין אך לא בטוח
3 = מטיל ספק
4 = בהחלט לא מאמין",unknown,unknown,,,scale,"1 = מאמין בהחלט
2 = מאמין אך לא בטוח
3 = מטיל ספק
4 = בהחלט לא מאמין",,,,,,,,,,,,,,
ישראל כללי,$P$40,"יניב שפירא:
1 = צודק
2 = לא צודק",,scale,"יניב שפירא:
1 = צודק
2 = לא צודק",unknown,unknown,,,scale,"1 = צודק
2 = לא צודק",,,,,,,,,,,,,,
ישראל כללי,$P$41,"יניב שפירא:
1 = בדר""כ ביעילות
2 = בדר""כ לא ביעילות",,scale,"יניב שפירא:
1 = בדר""כ ביעילות
2 = בדר""כ לא ביעילות",unknown,unknown,,,scale,"1 = בדר""כ ביעילות
2 = בדר""כ לא ביעילות",,,,,,,,,,,,,,
ישראל כללי,$P$42,"יניב שפירא:
1 = ארוך מדי
2 = במידה הנכונה
3 = קצר מדי",,scale,"יניב שפירא:
1 = ארוך מדי
2 = במידה הנכונה
3 = קצר מדי",unknown,unknown,,,scale,"1 = ארוך מדי
2 = במידה הנכונה
3 = קצר מדי",,,,,,,,,,,,,,
ישראל כללי,$P$43,"יניב שפירא:
1 = מסכים בהחלט
2 = מסכים
3 = מתנגד
4 = מתנגד בהחלט",,scale,"יניב שפירא:
1 = מסכים בהחלט
2 = מסכים
3 = מתנגד
4 = מתנגד בהחלט",unknown,unknown,,,scale,"1 = מסכים בהחלט
2 = מסכים
3 = מתנגד
4 = מתנגד בהחלט",,,,,,,,,,,,,,
ישראל כללי,$P$52,"יניב שפירא:
1 = אלוהים
2 = צה""ל
3 = ארה""ב
4 = מדינת ישראל
5 = עם ישראל
6 = כל אחד צריך לשמור על עצמו
7 = אחר",,scale,"יניב שפירא:
1 = אלוהים
2 = צה""ל
3 = ארה""ב
4 = מדינת ישראל
5 = עם ישראל
6 = כל אחד צריך לשמור על עצמו
7 = אחר",unknown,unknown,,,scale,"1 = אלוהים
2 = צה""ל
3 = ארה""ב
4 = מדינת ישראל
5 = עם ישראל
6 = כל אחד צריך לשמור על עצמו
7 = אחר",,,,,,,,,,,,,,
ישראל כללי,$P$53,"יניב שפירא:
1 = למכור לכל המעוניין
2 = למכור לכל מדינה, פרט למדינות עוינות
3 = למכור רק למדינות שהמשטר שלהם נראה לנו
4 = לא למכור נשק כלל",,scale,"יניב שפירא:
1 = למכור לכל המעוניין
2 = למכור לכל מדינה, פרט למדינות עוינות
3 = למכור רק למדינות שהמשטר שלהם נראה לנו
4 = לא למכור נשק כלל",unknown,unknown,,,scale,"1 = למכור לכל המעוניין
2 = למכור לכל מדינה, פרט למדינות עוינות
3 = למכור רק למדינות שהמשטר שלהם נראה לנו
4 = לא למכור נשק כלל",,,,,,,,,,,,,,
ישראל כללי,$P$54,"יניב שפירא:
1 = מסכים בהחלט
2 = מסכים
3 = מתנגד
4 = מתנגד בהחלט",,scale,"יניב שפירא:
1 = מסכים בהחלט
2 = מסכים
3 = מתנגד
4 = מתנגד בהחלט",unknown,unknown,,,scale,"1 = מסכים בהחלט
2 = מסכים
3 = מתנגד
4 = מתנגד בהחלט",,,,,,,,,,,,,,
ישראל כללי,$P$58,"יניב שפירא:
1 = אפשר לתת אמון
2 = יש להיות זהירים",,scale,"יניב שפירא:
1 = אפשר לתת אמון
2 = יש להיות זהירים",unknown,unknown,,,scale,"1 = אפשר לתת אמון
2 = יש להיות זהירים",,,,,,,,,,,,,,
ישראל כללי,$P$59,"יניב שפירא:
1 = נוטים יותר לעזור
2 = נוטים לדאוג לעצמם",,scale,"יניב שפירא:
1 = נוטים יותר לעזור
2 = נוטים לדאוג לעצמם",unknown,unknown,,,scale,"1 = נוטים יותר לעזור
2 = נוטים לדאוג לעצמם",,,,,,,,,,,,,,
ישראל כללי,$P$60,"יניב שפירא:
1 = הגשמה עצמית
2 = הערכה עצמית
3 = חיבה, אהבה
4 = ודאות ובטחון בחיים
5 = חיים נוחים",,scale,"יניב שפירא:
1 = הגשמה עצמית
2 = הערכה עצמית
3 = חיבה, אהבה
4 = ודאות ובטחון בחיים
5 = חיים נוחים",unknown,unknown,,,scale,"1 = הגשמה עצמית
2 = הערכה עצמית
3 = חיבה, אהבה
4 = ודאות ובטחון בחיים
5 = חיים נוחים",,,,,,,,,,,,,,
ישראל כללי,$P$61,"יניב שפירא:
1 = מסכים בהחלט
2 = מסכים
3 = מתנגד
4 = מתנגד בהחלט",,scale,"יניב שפירא:
1 = מסכים בהחלט
2 = מסכים
3 = מתנגד
4 = מתנגד בהחלט",unknown,unknown,,,scale,"1 = מסכים בהחלט
2 = מסכים
3 = מתנגד
4 = מתנגד בהחלט",,,,,,,,,,,,,,
ישראל כללי,$P$69,"יניב שפירא:
1 = דעה טובה מאד
2 = דעה די טובה
3 = לא טובה ולא רעה
4 = דעה די רעה
5 = דעה רעה מאד",,scale,"יניב שפירא:
1 = דעה טובה מאד
2 = דעה די טובה
3 = לא טובה ולא רעה
4 = דעה די רעה
5 = דעה רעה מאד",unknown,unknown,,,scale,"1 = דעה טובה מאד
2 = דעה די טובה
3 = לא טובה ולא רעה
4 = דעה די רעה
5 = דעה רעה מאד",,,,,,,,,,,,,,
ישראל כללי,$A$70,"יניב שפירא:
מי שענה '3' בשאלה הקודמת (a45)",יניב שפירא,sector,מי שענה '3' בשאלה הקודמת (a45),unknown,unknown,,,sector,מי שענה '3' בשאלה הקודמת (a45),,,,,,,,,,,,,,
ישראל כללי,$P$70,"יניב שפירא:
1 = לכיוון הדעה הטובה
2 = לכיוון הדעה הרעה",,scale,"יניב שפירא:
1 = לכיוון הדעה הטובה
2 = לכיוון הדעה הרעה",unknown,unknown,,,scale,"1 = לכיוון הדעה הטובה
2 = לכיוון הדעה הרעה",,,,,,,,,,,,,,
ישראל כללי,$P$71,"יניב שפירא:
1 = מרוצה מאד
2 = די מרוצה
3 = לא כ""כ מרוצה
4 = כלל לא מרוצה",,scale,"יניב שפירא:
1 = מרוצה מאד
2 = די מרוצה
3 = לא כ""כ מרוצה
4 = כלל לא מרוצה",unknown,unknown,,,scale,"1 = מרוצה מאד
2 = די מרוצה
3 = לא כ""כ מרוצה
4 = כלל לא מרוצה",,,,,,,,,,,,,,
ישראל כללי,$P$72,"יניב שפירא:
1 = לעתים קרובות
2 = לפעמים
3 = לעתים רחוקות
4 = אף פעם לא",,scale,"יניב שפירא:
1 = לעתים קרובות
2 = לפעמים
3 = לעתים רחוקות
4 = אף פעם לא",unknown,unknown,,,scale,"1 = לעתים קרובות
2 = לפעמים
3 = לעתים רחוקות
4 = אף פעם לא",,,,,,,,,,,,,,
ישראל כללי,$P$73,"יניב שפירא:
1 = משוכנע שרוצה
2 = רוצה אך לא משוכנע
3 = יש לי ספיקות
4 = משוכנע שלא רוצה",,scale,"יניב שפירא:
1 = משוכנע שרוצה
2 = רוצה אך לא משוכנע
3 = יש לי ספיקות
4 = משוכנע שלא רוצה",unknown,unknown,,,scale,"1 = משוכנע שרוצה
2 = רוצה אך לא משוכנע
3 = יש לי ספיקות
4 = משוכנע שלא רוצה",,,,,,,,,,,,,,
ישראל כללי,$P$74,"יניב שפירא:
1 = המצב הבטחוני
2 = המצב הכלכלי
3 = המצב החברתי
4 = עליות נטיות אנטי דמוקרטיות
5 = מעמד הדת במדינה",,scale,"יניב שפירא:
1 = המצב הבטחוני
2 = המצב הכלכלי
3 = המצב החברתי
4 = עליות נטיות אנטי דמוקרטיות
5 = מעמד הדת במדינה",unknown,unknown,,,scale,"1 = המצב הבטחוני
2 = המצב הכלכלי
3 = המצב החברתי
4 = עליות נטיות אנטי דמוקרטיות
5 = מעמד הדת במדינה",,,,,,,,,,,,,,
ישראל כללי,$P$75,"יניב שפירא:
1 = מאושר מאד
2 = די מאושר
3 = לא כ""כ מאושר",,scale,"יניב שפירא:
1 = מאושר מאד
2 = די מאושר
3 = לא כ""כ מאושר",unknown,unknown,,,scale,"1 = מאושר מאד
2 = די מאושר
3 = לא כ""כ מאושר",,,,,,,,,,,,,,
ישראל כללי,$P$76,"יניב שפירא:
1 = מרוצה מאד
2 = מרוצה
3 = אין דעה
4 = לא מרוצה
5 = כלל לא מרוצה",,scale,"יניב שפירא:
1 = מרוצה מאד
2 = מרוצה
3 = אין דעה
4 = לא מרוצה
5 = כלל לא מרוצה",unknown,unknown,,,scale,"1 = מרוצה מאד
2 = מרוצה
3 = אין דעה
4 = לא מרוצה
5 = כלל לא מרוצה",,,,,,,,,,,,,,
ישראל כללי,$P$77,"יניב שפירא:
1 = טרם הגיע מועד הגיוס שלי
2 = אני בעתודה אקדמית
3 = עולה חדש
4 = אינני אזרח המדינה
5 = מסיבות דתיות
6 = מסיבות מצפוניות
7 = אחר",,scale,"יניב שפירא:
1 = טרם הגיע מועד הגיוס שלי
2 = אני בעתודה אקדמית
3 = עולה חדש
4 = אינני אזרח המדינה
5 = מסיבות דתיות
6 = מסיבות מצפוניות
7 = אחר",unknown,unknown,,,scale,"1 = טרם הגיע מועד הגיוס שלי
2 = אני בעתודה אקדמית
3 = עולה חדש
4 = אינני אזרח המדינה
5 = מסיבות דתיות
6 = מסיבות מצפוניות
7 = אחר",,,,,,,,,,,,,,
ישראל כללי,$P$78,"יניב שפירא:
1 = כן
2 = לא",,scale,"יניב שפירא:
1 = כן
2 = לא",unknown,unknown,,,scale,"1 = כן
2 = לא",,,,,,,,,,,,,,
ישראל כללי,$P$79,"יניב שפירא:
1 = אני נפצעתי קשה
2 = אני נפצעתי, אך לא קשה
3 = מישהו מבני משפחתי נפצע קשה
4 = מישהו מבני משפחתי נפצע, אף ךא קשה",,scale,"יניב שפירא:
1 = אני נפצעתי קשה
2 = אני נפצעתי, אך לא קשה
3 = מישהו מבני משפחתי נפצע קשה
4 = מישהו מבני משפחתי נפצע, אף ךא קשה",unknown,unknown,,,scale,"1 = אני נפצעתי קשה
2 = אני נפצעתי, אך לא קשה
3 = מישהו מבני משפחתי נפצע קשה
4 = מישהו מבני משפחתי נפצע, אף ךא קשה",,,,,,,,,,,,,,
ישראל כללי,$P$80,"יניב שפירא:
1 = כן
2 = לא",,scale,"יניב שפירא:
1 = כן
2 = לא",unknown,unknown,,,scale,"1 = כן
2 = לא",,,,,,,,,,,,,,
ישראל כללי,$P$81,"יניב שפירא:
1 = לעתים קרובות
2 = לפעמים
3 = לעתים רחוקות
4 = אף פעם לא",,scale,"יניב שפירא:
1 = לעתים קרובות
2 = לפעמים
3 = לעתים רחוקות
4 = אף פעם לא",unknown,unknown,,,scale,"1 = לעתים קרובות
2 = לפעמים
3 = לעתים רחוקות
4 = אף פעם לא",,,,,,,,,,,,,,
ישראל כללי,$P$82,"יניב שפירא:
1 = כן
2 = לא",,scale,"יניב שפירא:
1 = כן
2 = לא",unknown,unknown,,,scale,"1 = כן
2 = לא",,,,,,,,,,,,,,
ישראל כללי,$P$83,"יניב שפירא:
1 = כן
2 - לא",,scale,"יניב שפירא:
1 = כן
2 - לא",unknown,unknown,,,scale,"1 = כן
2 - לא",,,,,,,,,,,,,,
ישראל כללי,$P$84,"יניב שפירא:
1 = כן
2 = לא",,scale,"יניב שפירא:
1 = כן
2 = לא",unknown,unknown,,,scale,"1 = כן
2 = לא",,,,,,,,,,,,,,
ישראל כללי,$U$85,"יניב שפירא:
1 = מתאים מאד
2 = מתאים
3 = לא בטוח
4 = לא מתאים
5 = כלל לא מתאים",,scale,"יניב שפירא:
1 = מתאים מאד
2 = מתאים
3 = לא בטוח
4 = לא מתאים
5 = כלל לא מתאים",unknown,unknown,,,scale,"1 = מתאים מאד
2 = מתאים
3 = לא בטוח
4 = לא מתאים
5 = כלל לא מתאים",,,,,,,,,,,,,,
ישראל כללי,$AA$92,"יניב שפירא:
1 = מאמין במידה רבה
2 = מאמין במידה מסוימת
3 = מאמין במידה מועטה
4 = לא מאמין כלל",,scale,"יניב שפירא:
1 = מאמין במידה רבה
2 = מאמין במידה מסוימת
3 = מאמין במידה מועטה
4 = לא מאמין כלל",unknown,unknown,,,scale,"1 = מאמין במידה רבה
2 = מאמין במידה מסוימת
3 = מאמין במידה מועטה
4 = לא מאמין כלל",,,,,,,,,,,,,,
ישראל כללי,$AA$93,"יניב שפירא:
1 = לא שירת
2 = פחות משבועיים
3 = שבועיים עד חודש
4 = חודש עד חודש וחצי
5 = חודש וחצי עד חודשיים
6 = חודשיים עד חודשיים וחצי
7 = חודשיים וחצי עד שלושה
8 = שלושה חודשים או יותר",,scale,"יניב שפירא:
1 = לא שירת
2 = פחות משבועיים
3 = שבועיים עד חודש
4 = חודש עד חודש וחצי
5 = חודש וחצי עד חודשיים
6 = חודשיים עד חודשיים וחצי
7 = חודשיים וחצי עד שלושה
8 = שלושה חודשים או יותר",unknown,unknown,,,scale,"1 = לא שירת
2 = פחות משבועיים
3 = שבועיים עד חודש
4 = חודש עד חודש וחצי
5 = חודש וחצי עד חודשיים
6 = חודשיים עד חודשיים וחצי
7 = חודשיים וחצי עד שלושה
8 = שלושה חודשים או יותר",,,,,,,,,,,,,,
ישראל כללי,$AB$94,"יניב שפירא:
1 = מרוצה מאוד
2 = מרוצה
3 = לא כ""כ מרוצה
4 = לא מרוצה כלל",,scale,"יניב שפירא:
1 = מרוצה מאוד
2 = מרוצה
3 = לא כ""כ מרוצה
4 = לא מרוצה כלל",unknown,unknown,,,scale,"1 = מרוצה מאוד
2 = מרוצה
3 = לא כ""כ מרוצה
4 = לא מרוצה כלל",,,,,,,,,,,,,,
ישראל כללי,$AD$94,"יניב שפירא:
1 = מאד מרוצה
2 = מרוצה
3 = לא כ""כ מרוצה
4 = כלל לא מרוצה",,scale,"יניב שפירא:
1 = מאד מרוצה
2 = מרוצה
3 = לא כ""כ מרוצה
4 = כלל לא מרוצה",unknown,unknown,,,scale,"1 = מאד מרוצה
2 = מרוצה
3 = לא כ""כ מרוצה
4 = כלל לא מרוצה",,,,,,,,,,,,,,
ישראל כללי,$AD$96,"יניב שפירא:
1 = במידה רבה
2 = במידה מסוימת
3 = במדה מועטה
4 = כלל לא
9 = לא פעיל",,scale,"יניב שפירא:
1 = במידה רבה
2 = במידה מסוימת
3 = במדה מועטה
4 = כלל לא
9 = לא פעיל",unknown,unknown,,,scale,"1 = במידה רבה
2 = במידה מסוימת
3 = במדה מועטה
4 = כלל לא
9 = לא פעיל",,,,,,,,,,,,,,
ישראל כללי,$AD$97,"יניב שפירא:
1 = במידה רבה
2 = במידה מסוימת
3 = במדה מועטה
4 = כלל לא
9 = לא פעיל",,scale,"יניב שפירא:
1 = במידה רבה
2 = במידה מסוימת
3 = במדה מועטה
4 = כלל לא
9 = לא פעיל",unknown,unknown,,,scale,"1 = במידה רבה
2 = במידה מסוימת
3 = במדה מועטה
4 = כלל לא
9 = לא פעיל",,,,,,,,,,,,,,
ישראל כללי,$A$98,"יניב שפירא:
לנשים בלבד",יניב שפירא,unknown,לנשים בלבד,unknown,unknown,specialSector,women,specialSector,לנשים בלבד,,,,,,,,,,,,,,
ישראל כללי,$AB$98,"יניב שפירא:
1 = מזה חודשיים
2 = מזה חודש
3 = מזה שבועיים
4 = פחות משבועיים
5 = לא מגוייס
6 = אין לי בעל",,scale,"יניב שפירא:
1 = מזה חודשיים
2 = מזה חודש
3 = מזה שבועיים
4 = פחות משבועיים
5 = לא מגוייס
6 = אין לי בעל",unknown,unknown,,,scale,"1 = מזה חודשיים
2 = מזה חודש
3 = מזה שבועיים
4 = פחות משבועיים
5 = לא מגוייס
6 = אין לי בעל",,,,,,,,,,,,,,
ישראל כללי,$AC$99,"יניב שפירא:
1 = הוטב במידה רבה
2 = הוטב במידה מסוימת
3 = לא חל שינוי
4 = הורע במידה מסוימת
5 = הוקע במידה רבה",,scale,"יניב שפירא:
1 = הוטב במידה רבה
2 = הוטב במידה מסוימת
3 = לא חל שינוי
4 = הורע במידה מסוימת
5 = הוקע במידה רבה",unknown,unknown,,,scale,"1 = הוטב במידה רבה
2 = הוטב במידה מסוימת
3 = לא חל שינוי
4 = הורע במידה מסוימת
5 = הוקע במידה רבה",,,,,,,,,,,,,,
ישראל כללי,$AC$100,"יניב שפירא:
1 = במידה רבה
2 = במידה מסוימת
3 = במידה מועטה
4 = כלל לא",,scale,"יניב שפירא:
1 = במידה רבה
2 = במידה מסוימת
3 = במידה מועטה
4 = כלל לא",unknown,unknown,,,scale,"1 = במידה רבה
2 = במידה מסוימת
3 = במידה מועטה
4 = כלל לא",,,,,,,,,,,,,,
ישראל כללי,$AC$104,"יניב שפירא:
1 = במידה רבה
2 = במידה מסוימת
3 = במידה מועטה
4 = כלל לא",,scale,"יניב שפירא:
1 = במידה רבה
2 = במידה מסוימת
3 = במידה מועטה
4 = כלל לא",unknown,unknown,,,scale,"1 = במידה רבה
2 = במידה מסוימת
3 = במידה מועטה
4 = כלל לא",,,,,,,,,,,,,,
ישראל כללי,$AD$105,"יניב שפירא:
1 = באופן חיובי ביותר
2 = באופן חיובי
3 = באופן שלילי
4 = באופן שלילי ביותר",,scale,"יניב שפירא:
1 = באופן חיובי ביותר
2 = באופן חיובי
3 = באופן שלילי
4 = באופן שלילי ביותר",unknown,unknown,,,scale,"1 = באופן חיובי ביותר
2 = באופן חיובי
3 = באופן שלילי
4 = באופן שלילי ביותר",,,,,,,,,,,,,,
ישראל כללי,$AD$106,"יניב שפירא:
1 = במידה רבה
2 = במידה מסוימת
3 = במידה מועטה
4 = כלל לא",,scale,"יניב שפירא:
1 = במידה רבה
2 = במידה מסוימת
3 = במידה מועטה
4 = כלל לא",unknown,unknown,,,scale,"1 = במידה רבה
2 = במידה מסוימת
3 = במידה מועטה
4 = כלל לא",,,,,,,,,,,,,,
ישראל כללי,$AD$107,"יניב שפירא:
1 = במידה רבה
2 = במידה מסוימת
3 = במידה מועטה
4 = כלל לא",,scale,"יניב שפירא:
1 = במידה רבה
2 = במידה מסוימת
3 = במידה מועטה
4 = כלל לא",unknown,unknown,,,scale,"1 = במידה רבה
2 = במידה מסוימת
3 = במידה מועטה
4 = כלל לא",,,,,,,,,,,,,,
ישראל כללי,$AD$108,"יניב שפירא:
1 = במידה רבה
2 = במידה מסוימת
3 = במידה מועטה
4 = כלל לא",,scale,"יניב שפירא:
1 = במידה רבה
2 = במידה מסוימת
3 = במידה מועטה
4 = כלל לא",unknown,unknown,,,scale,"1 = במידה רבה
2 = במידה מסוימת
3 = במידה מועטה
4 = כלל לא",,,,,,,,,,,,,,
ישראל כללי,$AD$109,"יניב שפירא:
1 = במידה רבה
2 = במידה מסוימת
3 = במידה מועטה
4 = כלל לא",,scale,"יניב שפירא:
1 = במידה רבה
2 = במידה מסוימת
3 = במידה מועטה
4 = כלל לא",unknown,unknown,,,scale,"1 = במידה רבה
2 = במידה מסוימת
3 = במידה מועטה
4 = כלל לא",,,,,,,,,,,,,,
ישראל כללי,$AD$110,"יניב שפירא:
1 = במידה רבה
2 = במידה מסוימת
3 = במידה מועטה
4 = כלל לא",,scale,"יניב שפירא:
1 = במידה רבה
2 = במידה מסוימת
3 = במידה מועטה
4 = כלל לא",unknown,unknown,,,scale,"1 = במידה רבה
2 = במידה מסוימת
3 = במידה מועטה
4 = כלל לא",,,,,,,,,,,,,,
ישראל כללי,$AD$111,"יניב שפירא:
1 = במידה רבה
2 = במידה מסוימת
3 = במידה מועטה
4 = כלל לא",,scale,"יניב שפירא:
1 = במידה רבה
2 = במידה מסוימת
3 = במידה מועטה
4 = כלל לא",unknown,unknown,,,scale,"1 = במידה רבה
2 = במידה מסוימת
3 = במידה מועטה
4 = כלל לא",,,,,,,,,,,,,,
ישראל כללי,$AD$112,"יניב שפירא:
1 = במידה רבה
2 = במידה מסוימת
3 = במידה מועטה
4 = כלל לא",,scale,"יניב שפירא:
1 = במידה רבה
2 = במידה מסוימת
3 = במידה מועטה
4 = כלל לא",unknown,unknown,,,scale,"1 = במידה רבה
2 = במידה מסוימת
3 = במידה מועטה
4 = כלל לא",,,,,,,,,,,,,,
ישראל כללי,$AH$113,"יניב שפירא:
1 = דרך טובה מאוד
2 = דרך טובה
3 = דרך לא כ""כ טובה
4 = דרך גרועה
5 = דרך גרועה מאוד",,scale,"יניב שפירא:
1 = דרך טובה מאוד
2 = דרך טובה
3 = דרך לא כ""כ טובה
4 = דרך גרועה
5 = דרך גרועה מאוד",unknown,unknown,,,scale,"1 = דרך טובה מאוד
2 = דרך טובה
3 = דרך לא כ""כ טובה
4 = דרך גרועה
5 = דרך גרועה מאוד",,,,,,,,,,,,,,
ישראל כללי,$AD$114,"יניב שפירא:
1 = לשפר את השירותים
2 = לפתח את העיר
3 = לדאוג לפרנסה
4 = אחר",,scale,"יניב שפירא:
1 = לשפר את השירותים
2 = לפתח את העיר
3 = לדאוג לפרנסה
4 = אחר",unknown,unknown,,,scale,"1 = לשפר את השירותים
2 = לפתח את העיר
3 = לדאוג לפרנסה
4 = אחר",,,,,,,,,,,,,,
ישראל כללי,$AH$115,"יניב שפירא:
1 = מאוד ברור
2 = ברור
3 = לא כ""כ ברור
4 = לא ברור כלל",,scale,"יניב שפירא:
1 = מאוד ברור
2 = ברור
3 = לא כ""כ ברור
4 = לא ברור כלל",unknown,unknown,,,scale,"1 = מאוד ברור
2 = ברור
3 = לא כ""כ ברור
4 = לא ברור כלל",,,,,,,,,,,,,,
ישראל כללי,$AD$117,"יניב שפירא:
1 = במידה רבה מאוד
2 = במידה רבה
3 = במידה מועטה
4 = כלל לא",,scale,"יניב שפירא:
1 = במידה רבה מאוד
2 = במידה רבה
3 = במידה מועטה
4 = כלל לא",unknown,unknown,,,scale,"1 = במידה רבה מאוד
2 = במידה רבה
3 = במידה מועטה
4 = כלל לא",,,,,,,,,,,,,,
ישראל כללי,$AD$118,"יניב שפירא:
1 = מאוד רצוי
2 = רצוי
3 = לא כ""כ רצוי
4 = כלל לא רצוי",,scale,"יניב שפירא:
1 = מאוד רצוי
2 = רצוי
3 = לא כ""כ רצוי
4 = כלל לא רצוי",unknown,unknown,,,scale,"1 = מאוד רצוי
2 = רצוי
3 = לא כ""כ רצוי
4 = כלל לא רצוי",,,,,,,,,,,,,,
ישראל כללי,$AH$119,"יניב שפירא:
1 = בהחלט בחירות ישירות
2 = בחירות אישיות
3 = רשימות מפלגתיות
4 = בהחלט רשימות מפלגתיות
5 = אין דעה",,scale,"יניב שפירא:
1 = בהחלט בחירות ישירות
2 = בחירות אישיות
3 = רשימות מפלגתיות
4 = בהחלט רשימות מפלגתיות
5 = אין דעה",unknown,unknown,,,scale,"1 = בהחלט בחירות ישירות
2 = בחירות אישיות
3 = רשימות מפלגתיות
4 = בהחלט רשימות מפלגתיות
5 = אין דעה",,,,,,,,,,,,,,
ישראל כללי,$AE$120,"יניב שפירא:
1 = כן
2 = לא
3 = לא חבר תנועת נוער",,scale,"יניב שפירא:
1 = כן
2 = לא
3 = לא חבר תנועת נוער",unknown,unknown,,,scale,"1 = כן
2 = לא
3 = לא חבר תנועת נוער",,,,,,,,,,,,,,
ישראל כללי,$AG$121,"יניב שפירא:
1 = בהחלט ברור
2 = ברור
3 = לא כ""כ ברור
4 = כלל לא ברור",,scale,"יניב שפירא:
1 = בהחלט ברור
2 = ברור
3 = לא כ""כ ברור
4 = כלל לא ברור",unknown,unknown,,,scale,"1 = בהחלט ברור
2 = ברור
3 = לא כ""כ ברור
4 = כלל לא ברור",,,,,,,,,,,,,,
ישראל כללי,$AH$122,"יניב שפירא:
1 = בהחלט ברור
2 = ברור
3 = לא כ""כ ברור
4 = כלל לא ברור",,scale,"יניב שפירא:
1 = בהחלט ברור
2 = ברור
3 = לא כ""כ ברור
4 = כלל לא ברור",unknown,unknown,,,scale,"1 = בהחלט ברור
2 = ברור
3 = לא כ""כ ברור
4 = כלל לא ברור",,,,,,,,,,,,,,
ישראל כללי,$AG$123,"יניב שפירא:
1 = יחסים עם המעצמות
2 = עצמאות כלכלית
3 = שלום באזור
4 = יחסי עבודה
5 = היחסים עם הערבים
6 = הצבא
7 = יחסי חוץ
8 = עלייה
9 = מיקום הדת במדינה
10 = יחסים עדתיים
11 = אחר
12 = לא יודע",,scale,"יניב שפירא:
1 = יחסים עם המעצמות
2 = עצמאות כלכלית
3 = שלום באזור
4 = יחסי עבודה
5 = היחסים עם הערבים
6 = הצבא
7 = יחסי חוץ
8 = עלייה
9 = מיקום הדת במדינה
10 = יחסים עדתיים
11 = אחר
12 = לא יודע",unknown,unknown,,,scale,"1 = יחסים עם המעצמות
2 = עצמאות כלכלית
3 = שלום באזור
4 = יחסי עבודה
5 = היחסים עם הערבים
6 = הצבא
7 = יחסי חוץ
8 = עלייה
9 = מיקום הדת במדינה
10 = יחסים עדתיים
11 = אחר
12 = לא יודע",,,,,,,,,,,,,,
ישראל כללי,$AG$124,"יניב שפירא:
1 = צעירים
2 = מבוגרים
3 = אין קבוצת גיל מיוחדת",,scale,"יניב שפירא:
1 = צעירים
2 = מבוגרים
3 = אין קבוצת גיל מיוחדת",unknown,unknown,,,scale,"1 = צעירים
2 = מבוגרים
3 = אין קבוצת גיל מיוחדת",,,,,,,,,,,,,,
ישראל כללי,$AG$125,"יניב שפירא:
1 = צפון אפריקה + מזרח תיכון
2 = אירופה
3 = אין קבוצת מוצא מיוחדת",,scale,"יניב שפירא:
1 = צפון אפריקה + מזרח תיכון
2 = אירופה
3 = אין קבוצת מוצא מיוחדת",unknown,unknown,,,scale,"1 = צפון אפריקה + מזרח תיכון
2 = אירופה
3 = אין קבוצת מוצא מיוחדת",,,,,,,,,,,,,,
ישראל כללי,$AG$126,"יניב שפירא:
1 = פועלים
2 = סוחרים
3 = אנשי רוח
4 = אין קבוצת מקצוע מיוחדת",,scale,"יניב שפירא:
1 = פועלים
2 = סוחרים
3 = אנשי רוח
4 = אין קבוצת מקצוע מיוחדת",unknown,unknown,,,scale,"1 = פועלים
2 = סוחרים
3 = אנשי רוח
4 = אין קבוצת מקצוע מיוחדת",,,,,,,,,,,,,,
ישראל כללי,$AG$127,"יניב שפירא:
1 = צעירים
2 = מבוגרים
3 = אין קבוצת גיל מיוחדת",,scale,"יניב שפירא:
1 = צעירים
2 = מבוגרים
3 = אין קבוצת גיל מיוחדת",unknown,unknown,,,scale,"1 = צעירים
2 = מבוגרים
3 = אין קבוצת גיל מיוחדת",,,,,,,,,,,,,,
ישראל כללי,$AG$128,"יניב שפירא:
1 = צפון אפריקה + מזרח תיכון
2 = אירופה
3 = אין קבוצת מוצא מיוחדת",,scale,"יניב שפירא:
1 = צפון אפריקה + מזרח תיכון
2 = אירופה
3 = אין קבוצת מוצא מיוחדת",unknown,unknown,,,scale,"1 = צפון אפריקה + מזרח תיכון
2 = אירופה
3 = אין קבוצת מוצא מיוחדת",,,,,,,,,,,,,,
ישראל כללי,$AG$129,"יניב שפירא:
1 = פועלים
2 = סוחרים
3 = אנשי רוח
4 = אין קבוצת מקצוע מיוחדת",,scale,"יניב שפירא:
1 = פועלים
2 = סוחרים
3 = אנשי רוח
4 = אין קבוצת מקצוע מיוחדת",unknown,unknown,,,scale,"1 = פועלים
2 = סוחרים
3 = אנשי רוח
4 = אין קבוצת מקצוע מיוחדת",,,,,,,,,,,,,,
ישראל כללי,$AG$130,"יניב שפירא:
1 = צעירים
2 = מבוגרים
3 = אין קבוצת גיל מיוחדת",,scale,"יניב שפירא:
1 = צעירים
2 = מבוגרים
3 = אין קבוצת גיל מיוחדת",unknown,unknown,,,scale,"1 = צעירים
2 = מבוגרים
3 = אין קבוצת גיל מיוחדת",,,,,,,,,,,,,,
ישראל כללי,$AG$131,"יניב שפירא:
1 = צפון אפריקה + מזרח תיכון
2 = אירופה
3 = אין קבוצת מוצא מיוחדת",,scale,"יניב שפירא:
1 = צפון אפריקה + מזרח תיכון
2 = אירופה
3 = אין קבוצת מוצא מיוחדת",unknown,unknown,,,scale,"1 = צפון אפריקה + מזרח תיכון
2 = אירופה
3 = אין קבוצת מוצא מיוחדת",,,,,,,,,,,,,,
ישראל כללי,$AG$132,"יניב שפירא:
1 = פועלים
2 = סוחרים
3 = אנשי רוח
4 = אין קבוצת מקצוע מיוחדת",,scale,"יניב שפירא:
1 = פועלים
2 = סוחרים
3 = אנשי רוח
4 = אין קבוצת מקצוע מיוחדת",unknown,unknown,,,scale,"1 = פועלים
2 = סוחרים
3 = אנשי רוח
4 = אין קבוצת מקצוע מיוחדת",,,,,,,,,,,,,,
ישראל כללי,$AG$133,"יניב שפירא:
1 = אנשי תקשורת
2  = אנשי ממשלה ומדינאיים
3 = איטנלקטואלים ואומנים ידועים
4 = מנהיגי איגודי פועלים
5 = מפקדי צבא בכירים
6 = אנשי אקדמיה
7 = מורים בתיכון
8 = אנשי עסקים
9 = מדריכי נוער
0 = בעלי מקצועות חופשיים",,scale,"יניב שפירא:
1 = אנשי תקשורת
2  = אנשי ממשלה ומדינאיים
3 = איטנלקטואלים ואומנים ידועים
4 = מנהיגי איגודי פועלים
5 = מפקדי צבא בכירים
6 = אנשי אקדמיה
7 = מורים בתיכון
8 = אנשי עסקים
9 = מדריכי נוער
0 = בעלי מקצועות חופשיים",unknown,unknown,,,scale,"1 = אנשי תקשורת
2  = אנשי ממשלה ומדינאיים
3 = איטנלקטואלים ואומנים ידועים
4 = מנהיגי איגודי פועלים
5 = מפקדי צבא בכירים
6 = אנשי אקדמיה
7 = מורים בתיכון
8 = אנשי עסקים
9 = מדריכי נוער
0 = בעלי מקצועות חופשיים",,,,,,,,,,,,,,
ישראל כללי,$AG$141,"יניב שפירא:
1 = צבר
2 = אירופה התיכונית והמזרחית
3 = אירופה הדרומית
4 = אירופה המערבית
5 = ארצות דוברות אנגלית
6 = צפון אפריקה
7 = המזרח התיכון
8 = המזרח הרחוק
9 = דרום אמריקה",,scale,"יניב שפירא:
1 = צבר
2 = אירופה התיכונית והמזרחית
3 = אירופה הדרומית
4 = אירופה המערבית
5 = ארצות דוברות אנגלית
6 = צפון אפריקה
7 = המזרח התיכון
8 = המזרח הרחוק
9 = דרום אמריקה",unknown,unknown,,,scale,"1 = צבר
2 = אירופה התיכונית והמזרחית
3 = אירופה הדרומית
4 = אירופה המערבית
5 = ארצות דוברות אנגלית
6 = צפון אפריקה
7 = המזרח התיכון
8 = המזרח הרחוק
9 = דרום אמריקה",,,,,,,,,,,,,,
ישראל כללי,$AG$142,"יניב שפירא:
1 = מקצוע חופשי
2 = מנהל/פקיד
3 = סוחר
4 = חקלאי
5 = עובד תחבורה
6 = בנייה
7 = בעל מלאכה
8 = ספורט/בידור
9 = לא עובד",,scale,"יניב שפירא:
1 = מקצוע חופשי
2 = מנהל/פקיד
3 = סוחר
4 = חקלאי
5 = עובד תחבורה
6 = בנייה
7 = בעל מלאכה
8 = ספורט/בידור
9 = לא עובד",unknown,unknown,,,scale,"1 = מקצוע חופשי
2 = מנהל/פקיד
3 = סוחר
4 = חקלאי
5 = עובד תחבורה
6 = בנייה
7 = בעל מלאכה
8 = ספורט/בידור
9 = לא עובד",,,,,,,,,,,,,,
ישראל כללי,$AG$143,"יניב שפירא:
0 = 18-20
1 = 21-24
2 = 25-29
3 = 30-34
4 = 35-39
5 = 40-44
6 = 45-49
7 = 50-54
8 = 55-64
9 = 65+
",,scale,"יניב שפירא:
0 = 18-20
1 = 21-24
2 = 25-29
3 = 30-34
4 = 35-39
5 = 40-44
6 = 45-49
7 = 50-54
8 = 55-64
9 = 65+
",unknown,unknown,,,scale,"0 = 18-20
1 = 21-24
2 = 25-29
3 = 30-34
4 = 35-39
5 = 40-44
6 = 45-49
7 = 50-54
8 = 55-64
9 = 65+
",,,,,,,,,,,,,,
ישראל כללי,$AG$144,"יניב שפירא:
1 = צבר
2 = אירופה התיכונית והמזרחית
3 = אירופה הדרומית
4 = אירופה המערבית
5 = ארצות דוברות אנגלית
6 = צפון אפריקה
7 = המזרח התיכון
8 = המזרח הרחוק
9 = דרום אמריקה",,scale,"יניב שפירא:
1 = צבר
2 = אירופה התיכונית והמזרחית
3 = אירופה הדרומית
4 = אירופה המערבית
5 = ארצות דוברות אנגלית
6 = צפון אפריקה
7 = המזרח התיכון
8 = המזרח הרחוק
9 = דרום אמריקה",unknown,unknown,,,scale,"1 = צבר
2 = אירופה התיכונית והמזרחית
3 = אירופה הדרומית
4 = אירופה המערבית
5 = ארצות דוברות אנגלית
6 = צפון אפריקה
7 = המזרח התיכון
8 = המזרח הרחוק
9 = דרום אמריקה",,,,,,,,,,,,,,
ישראל כללי,$AG$145,"יניב שפירא:
1 = מקצוע חופשי
2 = מנהל/פקיד
3 = סוחר
4 = חקלאי
5 = עובד תחבורה
6 = בנייה
7 = בעל מלאכה
8 = ספורט/בידור
9 = לא עובד",,scale,"יניב שפירא:
1 = מקצוע חופשי
2 = מנהל/פקיד
3 = סוחר
4 = חקלאי
5 = עובד תחבורה
6 = בנייה
7 = בעל מלאכה
8 = ספורט/בידור
9 = לא עובד",unknown,unknown,,,scale,"1 = מקצוע חופשי
2 = מנהל/פקיד
3 = סוחר
4 = חקלאי
5 = עובד תחבורה
6 = בנייה
7 = בעל מלאכה
8 = ספורט/בידור
9 = לא עובד",,,,,,,,,,,,,,
ישראל כללי,$AG$146,"יניב שפירא:
0 = 18-20
1 = 21-24
2 = 25-29
3 = 30-34
4 = 35-39
5 = 40-44
6 = 45-49
7 = 50-54
8 = 55-64
9 = 65+",,scale,"יניב שפירא:
0 = 18-20
1 = 21-24
2 = 25-29
3 = 30-34
4 = 35-39
5 = 40-44
6 = 45-49
7 = 50-54
8 = 55-64
9 = 65+",unknown,unknown,,,scale,"0 = 18-20
1 = 21-24
2 = 25-29
3 = 30-34
4 = 35-39
5 = 40-44
6 = 45-49
7 = 50-54
8 = 55-64
9 = 65+",,,,,,,,,,,,,,
ישראל כללי,$AH$147,"יניב שפירא:
1 = במידה רבה
2 = במידה מסוימת
3 = במידה מועטה
4 = כלל לא",,scale,"יניב שפירא:
1 = במידה רבה
2 = במידה מסוימת
3 = במידה מועטה
4 = כלל לא",unknown,unknown,,,scale,"1 = במידה רבה
2 = במידה מסוימת
3 = במידה מועטה
4 = כלל לא",,,,,,,,,,,,,,
ישראל כללי,$AH$148,"יניב שפירא:
1 = במידה רבה
2 = במידה מסוימת
3 = במידה מועטה
4 = כלל לא",,scale,"יניב שפירא:
1 = במידה רבה
2 = במידה מסוימת
3 = במידה מועטה
4 = כלל לא",unknown,unknown,,,scale,"1 = במידה רבה
2 = במידה מסוימת
3 = במידה מועטה
4 = כלל לא",,,,,,,,,,,,,,
ישראל כללי,$AH$149,"יניב שפירא:
1 = בהחלט מסכים
2 = מסכים במידה מסוימת
3 = מסתייג
4 = בהחלט לא מסכים
5 = אין לי דעה",,scale,"יניב שפירא:
1 = בהחלט מסכים
2 = מסכים במידה מסוימת
3 = מסתייג
4 = בהחלט לא מסכים
5 = אין לי דעה",unknown,unknown,,,scale,"1 = בהחלט מסכים
2 = מסכים במידה מסוימת
3 = מסתייג
4 = בהחלט לא מסכים
5 = אין לי דעה",,,,,,,,,,,,,,
ישראל כללי,$C$150,"יניב שפירא:
1 = מודאג מאד
2 = מודאג
3 = לא מודאג
4 = בכלל לא מודאג",,scale,"יניב שפירא:
1 = מודאג מאד
2 = מודאג
3 = לא מודאג
4 = בכלל לא מודאג",unknown,unknown,,,scale,"1 = מודאג מאד
2 = מודאג
3 = לא מודאג
4 = בכלל לא מודאג",,,,,,,,,,,,,,
עניין פוליטי,$D$2,"יניב שפירא:
1 = במידה רבה
2 = במידה מסוימת
3 = במידה מועטה
4 = בכלל לא",,scale,"יניב שפירא:
1 = במידה רבה
2 = במידה מסוימת
3 = במידה מועטה
4 = בכלל לא",unknown,unknown,,,scale,"1 = במידה רבה
2 = במידה מסוימת
3 = במידה מועטה
4 = בכלל לא",,,,,,,,,,,,,,
עניין פוליטי,$L$2,"יניב שפירא:
1 = בכלל לא
2 = במידה מועטה
3 = במידה מסוימת
4 = במידה רבה",,scale,"יניב שפירא:
1 = בכלל לא
2 = במידה מועטה
3 = במידה מסוימת
4 = במידה רבה",unknown,unknown,,,scale,"1 = בכלל לא
2 = במידה מועטה
3 = במידה מסוימת
4 = במידה רבה",,,,,,,,,,,,,,
עניין פוליטי,$M$2,"יניב שפירא:
1 = במידה רבה
2 = במידה מסוימת
3 = במידה מועטה
4 = בכלל לא",,scale,"יניב שפירא:
1 = במידה רבה
2 = במידה מסוימת
3 = במידה מועטה
4 = בכלל לא",unknown,unknown,,,scale,"1 = במידה רבה
2 = במידה מסוימת
3 = במידה מועטה
4 = בכלל לא",,,,,,,,,,,,,,
עניין פוליטי,$P$2,"יניב שפירא:
הניסוח הוא:
""החלטות בעניינים בטחוניים""",,scale,"יניב שפירא:
הניסוח הוא:
""החלטות בעניינים בטחוניים""",unknown,unknown,,,scale,"הניסוח הוא:
""החלטות בעניינים בטחוניים""",,,,,,,,,,,,,,
עניין פוליטי,$Z$2,"יניב שפירא:
1 = במידה רבה
2 = במידה מסוימת
3 = במידה מועטה
4 = כלל לא",,scale,"יניב שפירא:
1 = במידה רבה
2 = במידה מסוימת
3 = במידה מועטה
4 = כלל לא",unknown,unknown,,,scale,"1 = במידה רבה
2 = במידה מסוימת
3 = במידה מועטה
4 = כלל לא",,,,,,,,,,,,,,
עניין פוליטי,$D$3,"יניב שפירא:
1 = במידה רבה
2 = במידה מסוימת
3 = במידה מועטה
4 = בכלל לא",,scale,"יניב שפירא:
1 = במידה רבה
2 = במידה מסוימת
3 = במידה מועטה
4 = בכלל לא",unknown,unknown,,,scale,"1 = במידה רבה
2 = במידה מסוימת
3 = במידה מועטה
4 = בכלל לא",,,,,,,,,,,,,,
עניין פוליטי,$L$3,"יניב שפירא:
1 = בכלל לא
2 = במידה מועטה
3 = במידה מסוימת
4 = במידה רבה",,scale,"יניב שפירא:
1 = בכלל לא
2 = במידה מועטה
3 = במידה מסוימת
4 = במידה רבה",unknown,unknown,,,scale,"1 = בכלל לא
2 = במידה מועטה
3 = במידה מסוימת
4 = במידה רבה",,,,,,,,,,,,,,
עניין פוליטי,$M$3,"יניב שפירא:
1 = במידה רבה
2 = במידה מסוימת
3 = במידה מועטה
4 = בכלל לא",,scale,"יניב שפירא:
1 = במידה רבה
2 = במידה מסוימת
3 = במידה מועטה
4 = בכלל לא",unknown,unknown,,,scale,"1 = במידה רבה
2 = במידה מסוימת
3 = במידה מועטה
4 = בכלל לא",,,,,,,,,,,,,,
עניין פוליטי,$P$3,"יניב שפירא:
1 = כמעט כל יום
2 = פעם/פעמיים בשבוע
3 = לעיתים רחוקות
4 = כלל לא",,scale,"יניב שפירא:
1 = כמעט כל יום
2 = פעם/פעמיים בשבוע
3 = לעיתים רחוקות
4 = כלל לא",unknown,unknown,,,scale,"1 = כמעט כל יום
2 = פעם/פעמיים בשבוע
3 = לעיתים רחוקות
4 = כלל לא",,,,,,,,,,,,,,
עניין פוליטי,$U$3,"יניב שפירא:
1 = במידה רבה
2 = במידה מסויימת
3 = במידה מועטה
4 = כלל לא",,scale,"יניב שפירא:
1 = במידה רבה
2 = במידה מסויימת
3 = במידה מועטה
4 = כלל לא",unknown,unknown,,,scale,"1 = במידה רבה
2 = במידה מסויימת
3 = במידה מועטה
4 = כלל לא",,,,,,,,,,,,,,
עניין פוליטי,$AE$3,"יניב שפירא:
v8 = חברים
v11 = משפחה",,scale,"יניב שפירא:
v8 = חברים
v11 = משפחה",unknown,unknown,,,scale,"v8 = חברים
v11 = משפחה",,,,,,,,,,,,,,
עניין פוליטי,$P$4,"יניב שפירא:
1 = לעתים קרובות
2 = לפעמים
3 = לעתים רחוקות
4 = אף פעם לא",,scale,"יניב שפירא:
1 = לעתים קרובות
2 = לפעמים
3 = לעתים רחוקות
4 = אף פעם לא",unknown,unknown,,,scale,"1 = לעתים קרובות
2 = לפעמים
3 = לעתים רחוקות
4 = אף פעם לא",,,,,,,,,,,,,,
עניין פוליטי,$Q$4,"יניב שפירא:
1 = במידה רבה
2 = במידה מסויימת
3 = במידה מועטה
4 = כלל לא",,scale,"יניב שפירא:
1 = במידה רבה
2 = במידה מסויימת
3 = במידה מועטה
4 = כלל לא",unknown,unknown,,,scale,"1 = במידה רבה
2 = במידה מסויימת
3 = במידה מועטה
4 = כלל לא",,,,,,,,,,,,,,
עניין פוליטי,$P$5,"יניב שפירא:
1 = לעיתים קרובות
2 = לפעמים
3 = לעיתים רחוקות
4 = אף פעם לא",,scale,"יניב שפירא:
1 = לעיתים קרובות
2 = לפעמים
3 = לעיתים רחוקות
4 = אף פעם לא",unknown,unknown,,,scale,"1 = לעיתים קרובות
2 = לפעמים
3 = לעיתים רחוקות
4 = אף פעם לא",,,,,,,,,,,,,,
עניין פוליטי,$AD$6,"יניב שפירא:
1 = במידה רבה
2 = במידה מסוימת
3 = במידה מועטה
4 = כלל לא",,scale,"יניב שפירא:
1 = במידה רבה
2 = במידה מסוימת
3 = במידה מועטה
4 = כלל לא",unknown,unknown,,,scale,"1 = במידה רבה
2 = במידה מסוימת
3 = במידה מועטה
4 = כלל לא",,,,,,,,,,,,,,
עניין פוליטי,$AD$7,"יניב שפירא:
1 = במידה רבה
2 = במידה מסוימת
3 = במידה מועטה
4 = כלל לא",,scale,"יניב שפירא:
1 = במידה רבה
2 = במידה מסוימת
3 = במידה מועטה
4 = כלל לא",unknown,unknown,,,scale,"1 = במידה רבה
2 = במידה מסוימת
3 = במידה מועטה
4 = כלל לא",,,,,,,,,,,,,,
עניין פוליטי,$Q$8,"יניב שפירא:
1 = כל בני משפחתי בדעות שלי
2 =  חלק גדול מבני משפחתי בדעות שלי
3 = חלק קטן מבני משפחתי בדעות שלי
4 = אף אחד מבני משפחתי לא בדעות שלי
5 = לא יודע את הדעות של בני משפחתי",,scale,"יניב שפירא:
1 = כל בני משפחתי בדעות שלי
2 =  חלק גדול מבני משפחתי בדעות שלי
3 = חלק קטן מבני משפחתי בדעות שלי
4 = אף אחד מבני משפחתי לא בדעות שלי
5 = לא יודע את הדעות של בני משפחתי",unknown,unknown,,,scale,"1 = כל בני משפחתי בדעות שלי
2 =  חלק גדול מבני משפחתי בדעות שלי
3 = חלק קטן מבני משפחתי בדעות שלי
4 = אף אחד מבני משפחתי לא בדעות שלי
5 = לא יודע את הדעות של בני משפחתי",,,,,,,,,,,,,,
עניין פוליטי,$P$9,"יניב שפירא:
1 = אבא
2 = אמא
3 = אח/אחות
4 = בן/בת זוג
5 = ילדי
6 = אחר
7 = שני ההורים במידה שווה
8 = כל בני המשפחה במידה שווה
9 = אף אחד מהם",,scale,"יניב שפירא:
1 = אבא
2 = אמא
3 = אח/אחות
4 = בן/בת זוג
5 = ילדי
6 = אחר
7 = שני ההורים במידה שווה
8 = כל בני המשפחה במידה שווה
9 = אף אחד מהם",unknown,unknown,,,scale,"1 = אבא
2 = אמא
3 = אח/אחות
4 = בן/בת זוג
5 = ילדי
6 = אחר
7 = שני ההורים במידה שווה
8 = כל בני המשפחה במידה שווה
9 = אף אחד מהם",,,,,,,,,,,,,,
עניין פוליטי,$P$10,"יניב שפירא:
1 = אבא
2 = אמא
3 = אח/אחות
4 = אחר
5 = שני ההורים במידה שווה
6 = כל בני הבית במידה שווה
7 = אף אחד מהם
8 = אני עדיין מתגורר בבית הורי",,scale,"יניב שפירא:
1 = אבא
2 = אמא
3 = אח/אחות
4 = אחר
5 = שני ההורים במידה שווה
6 = כל בני הבית במידה שווה
7 = אף אחד מהם
8 = אני עדיין מתגורר בבית הורי",unknown,unknown,,,scale,"1 = אבא
2 = אמא
3 = אח/אחות
4 = אחר
5 = שני ההורים במידה שווה
6 = כל בני הבית במידה שווה
7 = אף אחד מהם
8 = אני עדיין מתגורר בבית הורי",,,,,,,,,,,,,,
עניין פוליטי,$AE$11,"יניב שפירא:
1 = במידה רבה
2 = במידה מסוימת
3 = במידה מועטה
4 = כלל לא
5 = אב נפטר/לא חי איתו",,scale,"יניב שפירא:
1 = במידה רבה
2 = במידה מסוימת
3 = במידה מועטה
4 = כלל לא
5 = אב נפטר/לא חי איתו",unknown,unknown,,,scale,"1 = במידה רבה
2 = במידה מסוימת
3 = במידה מועטה
4 = כלל לא
5 = אב נפטר/לא חי איתו",,,,,,,,,,,,,,
עניין פוליטי,$G$12,"יניב שפירא:
1 = לא אוהד ולא פעיל בשום מפלגה
2 = אוהד של מפלגה אך לא חבר בה
3 = חבר במפלגה
4 = חבר פעיל במפלגה
5 = חבר ובעל תפקיד במפלגה",,scale,"יניב שפירא:
1 = לא אוהד ולא פעיל בשום מפלגה
2 = אוהד של מפלגה אך לא חבר בה
3 = חבר במפלגה
4 = חבר פעיל במפלגה
5 = חבר ובעל תפקיד במפלגה",unknown,unknown,,,scale,"1 = לא אוהד ולא פעיל בשום מפלגה
2 = אוהד של מפלגה אך לא חבר בה
3 = חבר במפלגה
4 = חבר פעיל במפלגה
5 = חבר ובעל תפקיד במפלגה",,,,,,,,,,,,,,
עניין פוליטי,$T$12,"יניב שפירא:
1 = חבר ובעל תפקיד בשכר
2 = חבר ובעל תפקיד לא בשכר
3 = חבר ללא תפקיד
4 = אוהד אבל לא חבר
5 = לא אוהד במיוחד אף מפלגה",,scale,"יניב שפירא:
1 = חבר ובעל תפקיד בשכר
2 = חבר ובעל תפקיד לא בשכר
3 = חבר ללא תפקיד
4 = אוהד אבל לא חבר
5 = לא אוהד במיוחד אף מפלגה",unknown,unknown,,,scale,"1 = חבר ובעל תפקיד בשכר
2 = חבר ובעל תפקיד לא בשכר
3 = חבר ללא תפקיד
4 = אוהד אבל לא חבר
5 = לא אוהד במיוחד אף מפלגה",,,,,,,,,,,,,,
עניין פוליטי,$V$13,"יניב שפירא:
1 = כן, לעיתים קרובות
2 = כן, לעיתים רחוקות
3 = אף פעם לא",,scale,"יניב שפירא:
1 = כן, לעיתים קרובות
2 = כן, לעיתים רחוקות
3 = אף פעם לא",unknown,unknown,,,scale,"1 = כן, לעיתים קרובות
2 = כן, לעיתים רחוקות
3 = אף פעם לא",,,,,,,,,,,,,,
עניין פוליטי,$AE$13,"יניב שפירא:
1 = לעתים קרובות
2 = לעתים רחוקות
3 = אף פעם
4 = עדיין לא הצביע",,scale,"יניב שפירא:
1 = לעתים קרובות
2 = לעתים רחוקות
3 = אף פעם
4 = עדיין לא הצביע",unknown,unknown,,,scale,"1 = לעתים קרובות
2 = לעתים רחוקות
3 = אף פעם
4 = עדיין לא הצביע",,,,,,,,,,,,,,
עניין פוליטי,$V$14,"יניב שפירא:
1 = כן, לעיתים קרובות
2 = כן, לעיתים רחוקות
3 = אף פעם לא",,scale,"יניב שפירא:
1 = כן, לעיתים קרובות
2 = כן, לעיתים רחוקות
3 = אף פעם לא",unknown,unknown,,,scale,"1 = כן, לעיתים קרובות
2 = כן, לעיתים רחוקות
3 = אף פעם לא",,,,,,,,,,,,,,
עניין פוליטי,$AD$14,"יניב שפירא:
1 = כן
2 = לא",,scale,"יניב שפירא:
1 = כן
2 = לא",unknown,unknown,,,scale,"1 = כן
2 = לא",,,,,,,,,,,,,,
עניין פוליטי,$AH$14,"יניב שפירא:
1 = לעיתים קרובות
2 = לעיתים רחוקות
3 = אף פעם לא",,scale,"יניב שפירא:
1 = לעיתים קרובות
2 = לעיתים רחוקות
3 = אף פעם לא",unknown,unknown,,,scale,"1 = לעיתים קרובות
2 = לעיתים רחוקות
3 = אף פעם לא",,,,,,,,,,,,,,
עניין פוליטי,$AH$15,"יניב שפירא:
1 = לעיתים קרובות
2 = לעיתים רחוקות
3 = אף פעם לא",,scale,"יניב שפירא:
1 = לעיתים קרובות
2 = לעיתים רחוקות
3 = אף פעם לא",unknown,unknown,,,scale,"1 = לעיתים קרובות
2 = לעיתים רחוקות
3 = אף פעם לא",,,,,,,,,,,,,,
עניין פוליטי,$AB$16,"יניב שפירא:
1 = במידה רבה
2 = במידה מסוימת
3 = במידה מועטה
4 = כלל לא",,scale,"יניב שפירא:
1 = במידה רבה
2 = במידה מסוימת
3 = במידה מועטה
4 = כלל לא",unknown,unknown,,,scale,"1 = במידה רבה
2 = במידה מסוימת
3 = במידה מועטה
4 = כלל לא",,,,,,,,,,,,,,
עניין פוליטי,$AB$17,"יניב שפירא:
1 = מאוד פעיל
2 = פעיל 
3 = לא כ""כ פעיל
4 = בכלל לא פעיל",,scale,"יניב שפירא:
1 = מאוד פעיל
2 = פעיל 
3 = לא כ""כ פעיל
4 = בכלל לא פעיל",unknown,unknown,,,scale,"1 = מאוד פעיל
2 = פעיל 
3 = לא כ""כ פעיל
4 = בכלל לא פעיל",,,,,,,,,,,,,,
עניין פוליטי,$AD$18,"יניב שפירא:
1 = הרבה יותר
2 = יותר
3 = פחות
4 = הרבה פחות",,scale,"יניב שפירא:
1 = הרבה יותר
2 = יותר
3 = פחות
4 = הרבה פחות",unknown,unknown,,,scale,"1 = הרבה יותר
2 = יותר
3 = פחות
4 = הרבה פחות",,,,,,,,,,,,,,
עניין פוליטי,$AD$19,"יניב שפירא:
1 = במידה רבה
2 = במידה מסוימת
3 = במידה מועטה
4 = בכלל לא",,scale,"יניב שפירא:
1 = במידה רבה
2 = במידה מסוימת
3 = במידה מועטה
4 = בכלל לא",unknown,unknown,,,scale,"1 = במידה רבה
2 = במידה מסוימת
3 = במידה מועטה
4 = בכלל לא",,,,,,,,,,,,,,
עניין פוליטי,$AD$22,"יניב שפירא:
שאלה פתוחה",יניב שפירא,unknown,שאלה פתוחה,unknown,open,,,open,שאלה פתוחה,,,,,,,,,,,,,,
עניין פוליטי,$AD$23,"יניב שפירא:
1 = במידה רבה
2 = במידה מסוימת
3 = במידה מועטה
4 = כלל לא",,scale,"יניב שפירא:
1 = במידה רבה
2 = במידה מסוימת
3 = במידה מועטה
4 = כלל לא",unknown,unknown,,,scale,"1 = במידה רבה
2 = במידה מסוימת
3 = במידה מועטה
4 = כלל לא",,,,,,,,,,,,,,
עניין פוליטי,$AE$24,"יניב שפירא:
1 = לעיתים קרובות
2 = לעיתים רחוקות
3 = אף פעם",,scale,"יניב שפירא:
1 = לעיתים קרובות
2 = לעיתים רחוקות
3 = אף פעם",unknown,unknown,,,scale,"1 = לעיתים קרובות
2 = לעיתים רחוקות
3 = אף פעם",,,,,,,,,,,,,,
עניין פוליטי,$AD$25,"יניב שפירא:
1 = פעיל מאוד
2 = פעיל
3 = לא כ""כ פעיל
4 = לא פעיל כלל",,scale,"יניב שפירא:
1 = פעיל מאוד
2 = פעיל
3 = לא כ""כ פעיל
4 = לא פעיל כלל",unknown,unknown,,,scale,"1 = פעיל מאוד
2 = פעיל
3 = לא כ""כ פעיל
4 = לא פעיל כלל",,,,,,,,,,,,,,
עניין פוליטי,$AD$27,"יניב שפירא:
1 = במידה רבה
2 = במידה מסוימת
3 = במידה מועטה
4 = כלל לא",,scale,"יניב שפירא:
1 = במידה רבה
2 = במידה מסוימת
3 = במידה מועטה
4 = כלל לא",unknown,unknown,,,scale,"1 = במידה רבה
2 = במידה מסוימת
3 = במידה מועטה
4 = כלל לא",,,,,,,,,,,,,,
עניין פוליטי,$AB$28,"יניב שפירא:
1 = במידה רבה
2 = במידה מסוימת
3 = במידה מועטה
4 = כלל לא",,scale,"יניב שפירא:
1 = במידה רבה
2 = במידה מסוימת
3 = במידה מועטה
4 = כלל לא",unknown,unknown,,,scale,"1 = במידה רבה
2 = במידה מסוימת
3 = במידה מועטה
4 = כלל לא",,,,,,,,,,,,,,
עניין פוליטי,$AD$29,"יניב שפירא:
1 = במידה רבה
2 = במידה מסוימת
3 = במידה מועטה
4 = כלל לא",,scale,"יניב שפירא:
1 = במידה רבה
2 = במידה מסוימת
3 = במידה מועטה
4 = כלל לא",unknown,unknown,,,scale,"1 = במידה רבה
2 = במידה מסוימת
3 = במידה מועטה
4 = כלל לא",,,,,,,,,,,,,,
עניין פוליטי,$AE$30,"יניב שפירא:
1 = במידה רבה
2 = במידה מסוימת
3 = במידה מועטה
4 = לא התעניין
5 = אב נפטר/לא חי איתו",,scale,"יניב שפירא:
1 = במידה רבה
2 = במידה מסוימת
3 = במידה מועטה
4 = לא התעניין
5 = אב נפטר/לא חי איתו",unknown,unknown,,,scale,"1 = במידה רבה
2 = במידה מסוימת
3 = במידה מועטה
4 = לא התעניין
5 = אב נפטר/לא חי איתו",,,,,,,,,,,,,,
עניין פוליטי,$AE$31,"יניב שפירא:
1 = מאוד מתעניין
2 = מתעניין
3 = לא כ""כ מתעניין
4 = כלל לא מתעניין",,scale,"יניב שפירא:
1 = מאוד מתעניין
2 = מתעניין
3 = לא כ""כ מתעניין
4 = כלל לא מתעניין",unknown,unknown,,,scale,"1 = מאוד מתעניין
2 = מתעניין
3 = לא כ""כ מתעניין
4 = כלל לא מתעניין",,,,,,,,,,,,,,
עניין פוליטי,$AG$32,"יניב שפירא:
1 = במידה רבה
2 = במידה מסויימת
3 = במידה מועטה
4 = כלל לא",,scale,"יניב שפירא:
1 = במידה רבה
2 = במידה מסויימת
3 = במידה מועטה
4 = כלל לא",unknown,unknown,,,scale,"1 = במידה רבה
2 = במידה מסויימת
3 = במידה מועטה
4 = כלל לא",,,,,,,,,,,,,,
עניין פוליטי,$AE$33,"יניב שפירא:
1 = מאד מתעניין
2 = מתעניין
3 = לא כ""כ מתעניין
4 = בכלל לא מתעניין",,scale,"יניב שפירא:
1 = מאד מתעניין
2 = מתעניין
3 = לא כ""כ מתעניין
4 = בכלל לא מתעניין",unknown,unknown,,,scale,"1 = מאד מתעניין
2 = מתעניין
3 = לא כ""כ מתעניין
4 = בכלל לא מתעניין",,,,,,,,,,,,,,
עניין פוליטי,$AH$33,"יניב שפירא:
1 = במידה רבה
2 = במידה מסוימת
3 = במידה מועטה
4 = כלל לא",,scale,"יניב שפירא:
1 = במידה רבה
2 = במידה מסוימת
3 = במידה מועטה
4 = כלל לא",unknown,unknown,,,scale,"1 = במידה רבה
2 = במידה מסוימת
3 = במידה מועטה
4 = כלל לא",,,,,,,,,,,,,,
עניין פוליטי,$AF$34,"יניב שפירא:
1 = מאוד מתעניין
2 = מתעניין
3 = לא כ""כ מתעניין
4 = לא מתעניין כלל",,scale,"יניב שפירא:
1 = מאוד מתעניין
2 = מתעניין
3 = לא כ""כ מתעניין
4 = לא מתעניין כלל",unknown,unknown,,,scale,"1 = מאוד מתעניין
2 = מתעניין
3 = לא כ""כ מתעניין
4 = לא מתעניין כלל",,,,,,,,,,,,,,
עניין פוליטי,$AG$35,"יניב שפירא:
1 = במידה רבה
2 = במידה מסוימת
3 = במידה מועטה
4 = כלל לא",,scale,"יניב שפירא:
1 = במידה רבה
2 = במידה מסוימת
3 = במידה מועטה
4 = כלל לא",unknown,unknown,,,scale,"1 = במידה רבה
2 = במידה מסוימת
3 = במידה מועטה
4 = כלל לא",,,,,,,,,,,,,,
עניין פוליטי,$AH$36,"יניב שפירא:
1 = צריך במידה רבה
2 = צריך במידה מסוימת
3 = צריך במידה מועטה
4 = לא צריך כלל",,scale,"יניב שפירא:
1 = צריך במידה רבה
2 = צריך במידה מסוימת
3 = צריך במידה מועטה
4 = לא צריך כלל",unknown,unknown,,,scale,"1 = צריך במידה רבה
2 = צריך במידה מסוימת
3 = צריך במידה מועטה
4 = לא צריך כלל",,,,,,,,,,,,,,
עניין פוליטי,$AH$37,"יניב שפירא:
1 = במידה רבה
2 = במידה מסוימת
3 = במידה מועטה
4 = כלל לא",,scale,"יניב שפירא:
1 = במידה רבה
2 = במידה מסוימת
3 = במידה מועטה
4 = כלל לא",unknown,unknown,,,scale,"1 = במידה רבה
2 = במידה מסוימת
3 = במידה מועטה
4 = כלל לא",,,,,,,,,,,,,,
עניין פוליטי,$AH$38,"יניב שפירא:
1 = צריך במידה רבה
2 = צריך במידה מסוימת
3 = צריך במידה מועטה
4 = לא צריך כלל",,scale,"יניב שפירא:
1 = צריך במידה רבה
2 = צריך במידה מסוימת
3 = צריך במידה מועטה
4 = לא צריך כלל",unknown,unknown,,,scale,"1 = צריך במידה רבה
2 = צריך במידה מסוימת
3 = צריך במידה מועטה
4 = לא צריך כלל",,,,,,,,,,,,,,
עניין פוליטי,$AH$39,"יניב שפירא:
1 = במידה רבה
2 = במידה מסוימת
3 = במידה מועטה
4 = כלל לא",,scale,"יניב שפירא:
1 = במידה רבה
2 = במידה מסוימת
3 = במידה מועטה
4 = כלל לא",unknown,unknown,,,scale,"1 = במידה רבה
2 = במידה מסוימת
3 = במידה מועטה
4 = כלל לא",,,,,,,,,,,,,,
עניין פוליטי,$AH$40,"יניב שפירא:
1 = צריך במידה רבה
2 = צריך במידה מסוימת
3 = צריך במידה מועטה
4 = לא צריך כלל",,scale,"יניב שפירא:
1 = צריך במידה רבה
2 = צריך במידה מסוימת
3 = צריך במידה מועטה
4 = לא צריך כלל",unknown,unknown,,,scale,"1 = צריך במידה רבה
2 = צריך במידה מסוימת
3 = צריך במידה מועטה
4 = לא צריך כלל",,,,,,,,,,,,,,
עניין פוליטי,$AH$41,"יניב שפירא:
1 = לעיתים קרובות מאוד
2 = לפעמים
3 = לעיתים רחוקות
4 = לא משוחח כלל",,scale,"יניב שפירא:
1 = לעיתים קרובות מאוד
2 = לפעמים
3 = לעיתים רחוקות
4 = לא משוחח כלל",unknown,unknown,,,scale,"1 = לעיתים קרובות מאוד
2 = לפעמים
3 = לעיתים רחוקות
4 = לא משוחח כלל",,,,,,,,,,,,,,
עניין פוליטי,$AH$44,"יניב שפירא:
1 = בדר""כ כן
2 = לפעמים כן לפעמים לא
3 = בדר""כ לא
4 = לא מקבל אינפורמציה",,scale,"יניב שפירא:
1 = בדר""כ כן
2 = לפעמים כן לפעמים לא
3 = בדר""כ לא
4 = לא מקבל אינפורמציה",unknown,unknown,,,scale,"1 = בדר""כ כן
2 = לפעמים כן לפעמים לא
3 = בדר""כ לא
4 = לא מקבל אינפורמציה",,,,,,,,,,,,,,
עניין פוליטי,$N$45,"יניב שפירא:
1 = אף פעם
2 = פעם או פעמיים
3 = שלוש פעמים או יותר",,scale,"יניב שפירא:
1 = אף פעם
2 = פעם או פעמיים
3 = שלוש פעמים או יותר",unknown,unknown,,,scale,"1 = אף פעם
2 = פעם או פעמיים
3 = שלוש פעמים או יותר",,,,,,,,,,,,,,
עניין פוליטי,$N$46,"יניב שפירא:
1 = אף פעם
2 = פעם או פעמיים
3 = שלוש פעמים או יותר",,scale,"יניב שפירא:
1 = אף פעם
2 = פעם או פעמיים
3 = שלוש פעמים או יותר",unknown,unknown,,,scale,"1 = אף פעם
2 = פעם או פעמיים
3 = שלוש פעמים או יותר",,,,,,,,,,,,,,
עניין פוליטי,$C$47,"יניב שפירא:
1 = לא השתתף
2 = השתתף פעם אחת
3 = 2-3 פעמים
4 = פעם בחודש
5 = פעם בשבוע או יותר",,scale,"יניב שפירא:
1 = לא השתתף
2 = השתתף פעם אחת
3 = 2-3 פעמים
4 = פעם בחודש
5 = פעם בשבוע או יותר",unknown,unknown,,,scale,"1 = לא השתתף
2 = השתתף פעם אחת
3 = 2-3 פעמים
4 = פעם בחודש
5 = פעם בשבוע או יותר",,,,,,,,,,,,,,
ימין-שמאל,$D$2,"יניב שפירא:
שאלה פתוחה, יש עד 3 תשובות לכל נבדק:
E8A_after_~1
E8A_after_~2
E8A_after_~3",,scale,"יניב שפירא:
שאלה פתוחה, יש עד 3 תשובות לכל נבדק:
E8A_after_~1
E8A_after_~2
E8A_after_~3",unknown,unknown,,,scale,"שאלה פתוחה, יש עד 3 תשובות לכל נבדק:
E8A_after_~1
E8A_after_~2
E8A_after_~3",,,,,,,,,,,,,,
ימין-שמאל,$G$2,"יניב שפירא:
שלוש תשובות מקודדות:
after_v13b_1_1
after_v13b_1_2
after_v13b_1_3",,scale,"יניב שפירא:
שלוש תשובות מקודדות:
after_v13b_1_1
after_v13b_1_2
after_v13b_1_3",unknown,unknown,,,scale,"שלוש תשובות מקודדות:
after_v13b_1_1
after_v13b_1_2
after_v13b_1_3",,,,,,,,,,,,,,
ימין-שמאל,$D$3,"יניב שפירא:
שאלה פתוחה, יש עד 3 תשובות לכל נבדק:
E8B_after_~1
E8B_after_~2
E8B_after_~3",,scale,"יניב שפירא:
שאלה פתוחה, יש עד 3 תשובות לכל נבדק:
E8B_after_~1
E8B_after_~2
E8B_after_~3",unknown,unknown,,,scale,"שאלה פתוחה, יש עד 3 תשובות לכל נבדק:
E8B_after_~1
E8B_after_~2
E8B_after_~3",,,,,,,,,,,,,,
ימין-שמאל,$G$3,"יניב שפירא:
שלוש תשובות מקודדות:
after_v13b_2_1
after_v13b_2_2
after_v13b_2_3",,scale,"יניב שפירא:
שלוש תשובות מקודדות:
after_v13b_2_1
after_v13b_2_2
after_v13b_2_3",unknown,unknown,,,scale,"שלוש תשובות מקודדות:
after_v13b_2_1
after_v13b_2_2
after_v13b_2_3",,,,,,,,,,,,,,
ימין-שמאל,$B$4,"adi:
1 = שמאל
2 = שמאל מתון
3 = מרכז
4 = ימין מתון
5 = ימין",,scale,"adi:
1 = שמאל
2 = שמאל מתון
3 = מרכז
4 = ימין מתון
5 = ימין",unknown,unknown,,,scale,"1 = שמאל
2 = שמאל מתון
3 = מרכז
4 = ימין מתון
5 = ימין",,,,,,,,,,,,,,
ימין-שמאל,$F$4,"יניב שפירא:
1 = שמאל
2 = שמאל מתון
3 = מרכז
4 = ימין מתון
5 = ימין
6 = הזרם הדתי
7 = לא מזדהה עם אף גורם",,scale,"יניב שפירא:
1 = שמאל
2 = שמאל מתון
3 = מרכז
4 = ימין מתון
5 = ימין
6 = הזרם הדתי
7 = לא מזדהה עם אף גורם",unknown,unknown,,,scale,"1 = שמאל
2 = שמאל מתון
3 = מרכז
4 = ימין מתון
5 = ימין
6 = הזרם הדתי
7 = לא מזדהה עם אף גורם",,,,,,,,,,,,,,
ימין-שמאל,$U$4,"יניב שפירא:
1 = שמאל
2 = שמאל מתון
3 = מרכז
4 = ימין מתון
5 = הזרם הדתי
6 = אף זרם",,scale,"יניב שפירא:
1 = שמאל
2 = שמאל מתון
3 = מרכז
4 = ימין מתון
5 = הזרם הדתי
6 = אף זרם",unknown,unknown,,,scale,"1 = שמאל
2 = שמאל מתון
3 = מרכז
4 = ימין מתון
5 = הזרם הדתי
6 = אף זרם",,,,,,,,,,,,,,
ימין-שמאל,$D$5,"יניב שפירא:
1-7
1 = ימין מלא
7 = שמאל מלא",,scale,"יניב שפירא:
1-7
1 = ימין מלא
7 = שמאל מלא",unknown,unknown,,,scale,"1-7
1 = ימין מלא
7 = שמאל מלא",,,,,,,,,,,,,,
ימין-שמאל,$A$6,"יניב שפירא:
מי שדירג עצמו ""4""
בשאלה של ימין-שמאל",,scale,"יניב שפירא:
מי שדירג עצמו ""4""
בשאלה של ימין-שמאל",unknown,unknown,,,scale,"מי שדירג עצמו ""4""
בשאלה של ימין-שמאל",,,,,,,,,,,,,,
ימין-שמאל,$M$6,"יניב שפירא:
1 = למחנה הימין
2 = למחנה השמאל
3 = לכל כיוון
4 = לא עובר",,scale,"יניב שפירא:
1 = למחנה הימין
2 = למחנה השמאל
3 = לכל כיוון
4 = לא עובר",unknown,unknown,,,scale,"1 = למחנה הימין
2 = למחנה השמאל
3 = לכל כיוון
4 = לא עובר",,,,,,,,,,,,,,
ימין-שמאל,$A$7,"יניב שפירא:
כל מי שלא דירג עצמו ""4"" בשאלה של ימין-שמאל",יניב שפירא,sector,"כל מי שלא דירג עצמו ""4"" בשאלה של ימין-שמאל",unknown,unknown,,,sector,"כל מי שלא דירג עצמו ""4"" בשאלה של ימין-שמאל",,,,,,,,,,,,,,
ימין-שמאל,$M$7,"יניב שפירא:
1 = כן בקלות
2 = חושב שכן
3 = חושב שלא
4 = בשום אופן לא",,scale,"יניב שפירא:
1 = כן בקלות
2 = חושב שכן
3 = חושב שלא
4 = בשום אופן לא",unknown,unknown,,,scale,"1 = כן בקלות
2 = חושב שכן
3 = חושב שלא
4 = בשום אופן לא",,,,,,,,,,,,,,
ימין-שמאל,$I$8,"יניב שפירא:
סולם 0-10
0 = שמאל מלא
10 = ימין מלא",,scale,"יניב שפירא:
סולם 0-10
0 = שמאל מלא
10 = ימין מלא",unknown,unknown,,,scale,"סולם 0-10
0 = שמאל מלא
10 = ימין מלא",,,,,,,,,,,,,,
ימין-שמאל,$H$9,"יניב שפירא:
סולם 0-10
0 = שמאלי (יוני)
10 = ימני (נצי)",,scale,"יניב שפירא:
סולם 0-10
0 = שמאלי (יוני)
10 = ימני (נצי)",unknown,unknown,,,scale,"סולם 0-10
0 = שמאלי (יוני)
10 = ימני (נצי)",,,,,,,,,,,,,,
ימין-שמאל,$P$9,"יניב שפירא:
סולם 1-7
1 = נץ
7 = יונה",,scale,"יניב שפירא:
סולם 1-7
1 = נץ
7 = יונה",unknown,unknown,,,scale,"סולם 1-7
1 = נץ
7 = יונה",,,,,,,,,,,,,,
ימין-שמאל,$S$10,"יניב שפירא:
סולם 1-7
1 = ימין
7 = שמאל",,scale,"יניב שפירא:
סולם 1-7
1 = ימין
7 = שמאל",unknown,unknown,,,scale,"סולם 1-7
1 = ימין
7 = שמאל",,,,,,,,,,,,,,
ימין-שמאל,$F$12,"יניב שפירא:
1 = מאד חשובה
2 = די חשובה
3 = לא כ""כ חשובה
4 = כלל לא חשובה",,scale,"יניב שפירא:
1 = מאד חשובה
2 = די חשובה
3 = לא כ""כ חשובה
4 = כלל לא חשובה",unknown,unknown,,,scale,"1 = מאד חשובה
2 = די חשובה
3 = לא כ""כ חשובה
4 = כלל לא חשובה",,,,,,,,,,,,,,
ימין-שמאל,$F$13,"יניב שפירא:
1 = כלל לא מסכים
2 = לא כ""כ מסכים
3 = די מסכים
4 = מסכים מאד",,scale,"יניב שפירא:
1 = כלל לא מסכים
2 = לא כ""כ מסכים
3 = די מסכים
4 = מסכים מאד",unknown,unknown,,,scale,"1 = כלל לא מסכים
2 = לא כ""כ מסכים
3 = די מסכים
4 = מסכים מאד",,,,,,,,,,,,,,
ימין-שמאל,$G$16,"יניב שפירא:
שלוש תשובות מקודדות:
after_v13a_1
after_v13a_2
after_v13a_3",,scale,"יניב שפירא:
שלוש תשובות מקודדות:
after_v13a_1
after_v13a_2
after_v13a_3",unknown,unknown,,,scale,"שלוש תשובות מקודדות:
after_v13a_1
after_v13a_2
after_v13a_3",,,,,,,,,,,,,,
ימין-שמאל,$S$17,"יניב שפירא:
1 = הבדלים גדולים מאד
2 = הבדלים גדולים
3 = הבדלים מסוימים
4 = הבדלים קטנים
5 = הבדלים קטנים מאד
6 = אין הבדלים",,scale,"יניב שפירא:
1 = הבדלים גדולים מאד
2 = הבדלים גדולים
3 = הבדלים מסוימים
4 = הבדלים קטנים
5 = הבדלים קטנים מאד
6 = אין הבדלים",unknown,unknown,,,scale,"1 = הבדלים גדולים מאד
2 = הבדלים גדולים
3 = הבדלים מסוימים
4 = הבדלים קטנים
5 = הבדלים קטנים מאד
6 = אין הבדלים",,,,,,,,,,,,,,
ימין-שמאל,$AD$17,"יניב שפירא:
c54  = בעיה ראשונה
c55 = בעיה שנייה",,scale,"יניב שפירא:
c54  = בעיה ראשונה
c55 = בעיה שנייה",unknown,unknown,,,scale,"c54  = בעיה ראשונה
c55 = בעיה שנייה",,,,,,,,,,,,,,
ימין-שמאל,$AE$17,"יניב שפירא:
v30 בעיה ראשונה
v31 בעיה שנייה",,scale,"יניב שפירא:
v30 בעיה ראשונה
v31 בעיה שנייה",unknown,unknown,,,scale,"v30 בעיה ראשונה
v31 בעיה שנייה",,,,,,,,,,,,,,
ימין-שמאל,$Z$18,"יניב שפירא:
1 = ברור מאד
2 = ברור
3 = לא כ""כ ברור
4 = כלל לא ברור",,scale,"יניב שפירא:
1 = ברור מאד
2 = ברור
3 = לא כ""כ ברור
4 = כלל לא ברור",unknown,unknown,,,scale,"1 = ברור מאד
2 = ברור
3 = לא כ""כ ברור
4 = כלל לא ברור",,,,,,,,,,,,,,
ימין-שמאל,$B$19,"adi:
יהודים בלבד",adi,unknown,יהודים בלבד,sector,unknown,,,sector,יהודים בלבד,,,,,,,,,,,,,,
ימין-שמאל,$F$19,"יניב שפירא:
1 = כמעט ואין הבדלים
2 = הבדלים קטנים
3 = הבדלים מסוימים
4 = הבדלים גדולים
5 = הבדלים גדולים מאד",,scale,"יניב שפירא:
1 = כמעט ואין הבדלים
2 = הבדלים קטנים
3 = הבדלים מסוימים
4 = הבדלים גדולים
5 = הבדלים גדולים מאד",unknown,unknown,,,scale,"1 = כמעט ואין הבדלים
2 = הבדלים קטנים
3 = הבדלים מסוימים
4 = הבדלים גדולים
5 = הבדלים גדולים מאד",,,,,,,,,,,,,,
ימין-שמאל,$H$20,"יניב שפירא:
1 = הבדלים גדולים מאוד
2 = הבדלים גדולים
3 = הבדלים מסוימים
4 = הבדלים קטנים
5 = הבדלים קטנים מאוד",,scale,"יניב שפירא:
1 = הבדלים גדולים מאוד
2 = הבדלים גדולים
3 = הבדלים מסוימים
4 = הבדלים קטנים
5 = הבדלים קטנים מאוד",unknown,unknown,,,scale,"1 = הבדלים גדולים מאוד
2 = הבדלים גדולים
3 = הבדלים מסוימים
4 = הבדלים קטנים
5 = הבדלים קטנים מאוד",,,,,,,,,,,,,,
ימין-שמאל,$L$20,"יניב שפירא:
1 = כמעט ואין הבדלים
2 = הבדלים קטנים
3 = הבדלים מסויימים
4 = הבדלים גדולים
5 = הבדלים גדולים מאד",,scale,"יניב שפירא:
1 = כמעט ואין הבדלים
2 = הבדלים קטנים
3 = הבדלים מסויימים
4 = הבדלים גדולים
5 = הבדלים גדולים מאד",unknown,unknown,,,scale,"1 = כמעט ואין הבדלים
2 = הבדלים קטנים
3 = הבדלים מסויימים
4 = הבדלים גדולים
5 = הבדלים גדולים מאד",,,,,,,,,,,,,,
ימין-שמאל,$N$20,"יניב שפירא:
1 = הבדלים גדולים מאד
2 = הבדלים גדולים
3 = הבדלים מסויימים
4 = הבדלים קטנים
5 = כמעט ואין הבדלים",,scale,"יניב שפירא:
1 = הבדלים גדולים מאד
2 = הבדלים גדולים
3 = הבדלים מסויימים
4 = הבדלים קטנים
5 = כמעט ואין הבדלים",unknown,unknown,,,scale,"1 = הבדלים גדולים מאד
2 = הבדלים גדולים
3 = הבדלים מסויימים
4 = הבדלים קטנים
5 = כמעט ואין הבדלים",,,,,,,,,,,,,,
ימין-שמאל,$V$20,"יניב שפירא:
1 = הבדלים גדולים מאד
2 = הבדלים קטנים
3 = הבדלים מסויימים
4 = הבדלים קטנים
5 = הבדלים קטנים מאד
6 = אין הבדל",,scale,"יניב שפירא:
1 = הבדלים גדולים מאד
2 = הבדלים קטנים
3 = הבדלים מסויימים
4 = הבדלים קטנים
5 = הבדלים קטנים מאד
6 = אין הבדל",unknown,unknown,,,scale,"1 = הבדלים גדולים מאד
2 = הבדלים קטנים
3 = הבדלים מסויימים
4 = הבדלים קטנים
5 = הבדלים קטנים מאד
6 = אין הבדל",,,,,,,,,,,,,,
ימין-שמאל,$H$21,"יניב שפירא:
1 = הבדלים גדולים מאוד
2 = הבדלים גדולים
3 = הבדלים מסוימים
4 = הבדלים קטנים
5 = הבדלים קטנים מאוד",,scale,"יניב שפירא:
1 = הבדלים גדולים מאוד
2 = הבדלים גדולים
3 = הבדלים מסוימים
4 = הבדלים קטנים
5 = הבדלים קטנים מאוד",unknown,unknown,,,scale,"1 = הבדלים גדולים מאוד
2 = הבדלים גדולים
3 = הבדלים מסוימים
4 = הבדלים קטנים
5 = הבדלים קטנים מאוד",,,,,,,,,,,,,,
ימין-שמאל,$B$22,"adi:
יהודים בלבד",adi,unknown,יהודים בלבד,sector,unknown,,,sector,יהודים בלבד,,,,,,,,,,,,,,
ימין-שמאל,$H$22,"יניב שפירא:
1 = הבדלים גדולים מאוד
2 = הבדלים גדולים
3 = הבדלים מסוימים
4 = הבדלים קטנים
5 = הבדלים קטנים מאוד",,scale,"יניב שפירא:
1 = הבדלים גדולים מאוד
2 = הבדלים גדולים
3 = הבדלים מסוימים
4 = הבדלים קטנים
5 = הבדלים קטנים מאוד",unknown,unknown,,,scale,"1 = הבדלים גדולים מאוד
2 = הבדלים גדולים
3 = הבדלים מסוימים
4 = הבדלים קטנים
5 = הבדלים קטנים מאוד",,,,,,,,,,,,,,
ימין-שמאל,$B$23,"adi:
יהודים בלבד",adi,unknown,יהודים בלבד,sector,unknown,,,sector,יהודים בלבד,,,,,,,,,,,,,,
ימין-שמאל,$L$23,"יניב שפירא:
הניסוח הוא:
""הסכם עם הפלסטינים""",,scale,"יניב שפירא:
הניסוח הוא:
""הסכם עם הפלסטינים""",unknown,unknown,,,scale,"הניסוח הוא:
""הסכם עם הפלסטינים""",,,,,,,,,,,,,,
ימין-שמאל,$S$23,"יניב שפירא:
1 = הבדלים גדולים מאד
2 = הבדלים גדולים
3 = הבדלים מסויימים
4 = הבדלים קטנים
5 = כמעט ואין הבדלים",,scale,"יניב שפירא:
1 = הבדלים גדולים מאד
2 = הבדלים גדולים
3 = הבדלים מסויימים
4 = הבדלים קטנים
5 = כמעט ואין הבדלים",unknown,unknown,,,scale,"1 = הבדלים גדולים מאד
2 = הבדלים גדולים
3 = הבדלים מסויימים
4 = הבדלים קטנים
5 = כמעט ואין הבדלים",,,,,,,,,,,,,,
ימין-שמאל,$V$23,"יניב שפירא:
1 = הבדלים גדולים מאד
2 = הבדלים קטנים
3 = הבדלים מסויימים
4 = הבדלים קטנים
5 = הבדלים קטנים מאד
6 = אין הבדל",,scale,"יניב שפירא:
1 = הבדלים גדולים מאד
2 = הבדלים קטנים
3 = הבדלים מסויימים
4 = הבדלים קטנים
5 = הבדלים קטנים מאד
6 = אין הבדל",unknown,unknown,,,scale,"1 = הבדלים גדולים מאד
2 = הבדלים קטנים
3 = הבדלים מסויימים
4 = הבדלים קטנים
5 = הבדלים קטנים מאד
6 = אין הבדל",,,,,,,,,,,,,,
ימין-שמאל,$AE$23,"יניב שפירא:
1 = בהחלט קיימים
2 = קיימים
3 = אולי קיימים
4 = לא קיימים",,scale,"יניב שפירא:
1 = בהחלט קיימים
2 = קיימים
3 = אולי קיימים
4 = לא קיימים",unknown,unknown,,,scale,"1 = בהחלט קיימים
2 = קיימים
3 = אולי קיימים
4 = לא קיימים",,,,,,,,,,,,,,
ימין-שמאל,$B$24,"adi:
יהודים בלבד",adi,unknown,יהודים בלבד,sector,unknown,,,sector,יהודים בלבד,,,,,,,,,,,,,,
ימין-שמאל,$P$24,"יניב שפירא:
1 = רחוקות במידה רבה מאד
2 = רחוקות במידה רבה
3 = בחלקן קרובות ובחלקן רחוקות
4 = העמדות למעדה קרובות
5 = העמדות קרובות מאד",,scale,"יניב שפירא:
1 = רחוקות במידה רבה מאד
2 = רחוקות במידה רבה
3 = בחלקן קרובות ובחלקן רחוקות
4 = העמדות למעדה קרובות
5 = העמדות קרובות מאד",unknown,unknown,,,scale,"1 = רחוקות במידה רבה מאד
2 = רחוקות במידה רבה
3 = בחלקן קרובות ובחלקן רחוקות
4 = העמדות למעדה קרובות
5 = העמדות קרובות מאד",,,,,,,,,,,,,,
ימין-שמאל,$T$24,"יניב שפירא:
1 = הבדלים גדולים מאד
2 = הבדלים גדולים
3 = הבדלים מסויימים
4 = הבדלים קטנים
5 = כמעט ואין הבדלים",,scale,"יניב שפירא:
1 = הבדלים גדולים מאד
2 = הבדלים גדולים
3 = הבדלים מסויימים
4 = הבדלים קטנים
5 = כמעט ואין הבדלים",unknown,unknown,,,scale,"1 = הבדלים גדולים מאד
2 = הבדלים גדולים
3 = הבדלים מסויימים
4 = הבדלים קטנים
5 = כמעט ואין הבדלים",,,,,,,,,,,,,,
ימין-שמאל,$AB$24,"יניב שפירא:
1 = הבדל גדול מאוד
2 = הבדל גדול
3 = הבדל קטן
4 = אין הבדל כלל",,scale,"יניב שפירא:
1 = הבדל גדול מאוד
2 = הבדל גדול
3 = הבדל קטן
4 = אין הבדל כלל",unknown,unknown,,,scale,"1 = הבדל גדול מאוד
2 = הבדל גדול
3 = הבדל קטן
4 = אין הבדל כלל",,,,,,,,,,,,,,
ימין-שמאל,$B$25,"adi:
יהודים בלבד",adi,unknown,יהודים בלבד,sector,unknown,,,sector,יהודים בלבד,,,,,,,,,,,,,,
ימין-שמאל,$H$26,"יניב שפירא:
1 = הבדלים גדולים מאוד
2 = הבדלים גדולים
3 = הבדלים מסוימים
4 = הבדלים קטנים
5 = הבדלים קטנים מאוד",,scale,"יניב שפירא:
1 = הבדלים גדולים מאוד
2 = הבדלים גדולים
3 = הבדלים מסוימים
4 = הבדלים קטנים
5 = הבדלים קטנים מאוד",unknown,unknown,,,scale,"1 = הבדלים גדולים מאוד
2 = הבדלים גדולים
3 = הבדלים מסוימים
4 = הבדלים קטנים
5 = הבדלים קטנים מאוד",,,,,,,,,,,,,,
ימין-שמאל,$I$27,"יניב שפירא:
1 = הבדלים גדולים מאוד
2 = הבדלים גדולים
3 = הבדלים מסוימים
4 = הבדלים קטנים
5 = הבדלים קטנים מאוד",,scale,"יניב שפירא:
1 = הבדלים גדולים מאוד
2 = הבדלים גדולים
3 = הבדלים מסוימים
4 = הבדלים קטנים
5 = הבדלים קטנים מאוד",unknown,unknown,,,scale,"1 = הבדלים גדולים מאוד
2 = הבדלים גדולים
3 = הבדלים מסוימים
4 = הבדלים קטנים
5 = הבדלים קטנים מאוד",,,,,,,,,,,,,,
ימין-שמאל,$AD$29,"יניב שפירא:
1 = בהחלט קיימים
2 = קיימים
3 = אולי קיימים
4 = לא קיימים",,scale,"יניב שפירא:
1 = בהחלט קיימים
2 = קיימים
3 = אולי קיימים
4 = לא קיימים",unknown,unknown,,,scale,"1 = בהחלט קיימים
2 = קיימים
3 = אולי קיימים
4 = לא קיימים",,,,,,,,,,,,,,
ימין-שמאל,$I$30,"יניב שפירא:
סולם 0-10
0 = שמאל מלא
10 = ימין מלא",,scale,"יניב שפירא:
סולם 0-10
0 = שמאל מלא
10 = ימין מלא",unknown,unknown,,,scale,"סולם 0-10
0 = שמאל מלא
10 = ימין מלא",,,,,,,,,,,,,,
ימין-שמאל,$C$34,"יניב שפירא:
הציונות הדתית",יניב שפירא,unknown,הציונות הדתית,unknown,unknown,partyChange,,partyChange,הציונות הדתית,,,,,,,,,,,,,,
ימין-שמאל,$J$34,"יניב שפירא:
המפד""ל-האיחוד הלאומי",יניב שפירא,unknown,"המפד""ל-האיחוד הלאומי",unknown,unknown,partyChange,,partyChange,"המפד""ל-האיחוד הלאומי",,,,,,,,,,,,,,
ימין-שמאל,$B$37,"adi:
המחנה הממלכתי, איחוד עם תקווה חדשה",adi,scale,"המחנה הממלכתי, איחוד עם תקווה חדשה",unknown,unknown,partyChange,,scale,"המחנה הממלכתי, איחוד עם תקווה חדשה",,,,,,,,,,,,,,
ימין-שמאל,$B$42,"adi:
חד""ש תע""ל",adi,unknown,"חד""ש תע""ל",unknown,unknown,partyChange,,partyChange,"חד""ש תע""ל",,,,,,,,,,,,,,
ימין-שמאל,$M$44,"יניב שפירא:
1 = בטוח שכן
2 = חושב שכן
3 = חושב שלא
4 = בטוח שלא",,scale,"יניב שפירא:
1 = בטוח שכן
2 = חושב שכן
3 = חושב שלא
4 = בטוח שלא",unknown,unknown,,,scale,"1 = בטוח שכן
2 = חושב שכן
3 = חושב שלא
4 = בטוח שלא",,,,,,,,,,,,,,
ימין-שמאל,$T$45,"יניב שפירא:
1 = ההבדלים הם ""במה שהם אומרים""
2 = ההבדלים הם ""במה שהם עושים""
3 = ההבדלים הם בשניהם
4 = אין הבדלים",,scale,"יניב שפירא:
1 = ההבדלים הם ""במה שהם אומרים""
2 = ההבדלים הם ""במה שהם עושים""
3 = ההבדלים הם בשניהם
4 = אין הבדלים",unknown,unknown,,,scale,"1 = ההבדלים הם ""במה שהם אומרים""
2 = ההבדלים הם ""במה שהם עושים""
3 = ההבדלים הם בשניהם
4 = אין הבדלים",,,,,,,,,,,,,,
ימין-שמאל,$AD$45,"יניב שפירא:
1 = ההבדלים בעיקר בדיבורים ולא במעשים
2 = ההבדלים בעיקר במעשים ולא בדיבורים
3 = יש הבדלים גם בדיבורים וגם במעשים
9 = אין הבדלים כלל",,scale,"יניב שפירא:
1 = ההבדלים בעיקר בדיבורים ולא במעשים
2 = ההבדלים בעיקר במעשים ולא בדיבורים
3 = יש הבדלים גם בדיבורים וגם במעשים
9 = אין הבדלים כלל",unknown,unknown,,,scale,"1 = ההבדלים בעיקר בדיבורים ולא במעשים
2 = ההבדלים בעיקר במעשים ולא בדיבורים
3 = יש הבדלים גם בדיבורים וגם במעשים
9 = אין הבדלים כלל",,,,,,,,,,,,,,
ימין-שמאל,$T$46,"יניב שפירא:
1 = ניצית במידה רבה
2 = ניצית
3 = לא ניצית ולא יונית
4 = יונית
5 = יונית במידה רבה",,scale,"יניב שפירא:
1 = ניצית במידה רבה
2 = ניצית
3 = לא ניצית ולא יונית
4 = יונית
5 = יונית במידה רבה",unknown,unknown,,,scale,"1 = ניצית במידה רבה
2 = ניצית
3 = לא ניצית ולא יונית
4 = יונית
5 = יונית במידה רבה",,,,,,,,,,,,,,
ימין-שמאל,$T$48,"יניב שפירא:
1 = כן בהחלט
2 = חושב שכן
3 = ככה ככה
4 = חושב שלא
5 = בהחלט לא",,scale,"יניב שפירא:
1 = כן בהחלט
2 = חושב שכן
3 = ככה ככה
4 = חושב שלא
5 = בהחלט לא",unknown,unknown,,,scale,"1 = כן בהחלט
2 = חושב שכן
3 = ככה ככה
4 = חושב שלא
5 = בהחלט לא",,,,,,,,,,,,,,
ימין-שמאל,$Z$49,"יניב שפירא:
1 = ברור מאוד
2 = ברור
3 = לא כ""כ ברור
4 = לא ברור כלל",,scale,"יניב שפירא:
1 = ברור מאוד
2 = ברור
3 = לא כ""כ ברור
4 = לא ברור כלל",unknown,unknown,,,scale,"1 = ברור מאוד
2 = ברור
3 = לא כ""כ ברור
4 = לא ברור כלל",,,,,,,,,,,,,,
ימין-שמאל,$AG$49,"יניב שפירא:
1 = ברור מאוד
2 = ברור
3 = לא כ""כ ברור
4 = לא ברור כללי
5 = אין הבדל
6 = אין תשובה",,scale,"יניב שפירא:
1 = ברור מאוד
2 = ברור
3 = לא כ""כ ברור
4 = לא ברור כללי
5 = אין הבדל
6 = אין תשובה",unknown,unknown,,,scale,"1 = ברור מאוד
2 = ברור
3 = לא כ""כ ברור
4 = לא ברור כללי
5 = אין הבדל
6 = אין תשובה",,,,,,,,,,,,,,
ימין-שמאל,$AB$52,"יניב שפירא:
1 = במידה רבה
2 = במידה מסוימת
3 = במידה מועטה
4 = כלל לא",,scale,"יניב שפירא:
1 = במידה רבה
2 = במידה מסוימת
3 = במידה מועטה
4 = כלל לא",unknown,unknown,,,scale,"1 = במידה רבה
2 = במידה מסוימת
3 = במידה מועטה
4 = כלל לא",,,,,,,,,,,,,,
ימין-שמאל,$AD$53,"יניב שפירא:
1 = במידה רבה
2 = במידה מסוימת
3 = במידה מועטה
4 = כלל לא",,scale,"יניב שפירא:
1 = במידה רבה
2 = במידה מסוימת
3 = במידה מועטה
4 = כלל לא",unknown,unknown,,,scale,"1 = במידה רבה
2 = במידה מסוימת
3 = במידה מועטה
4 = כלל לא",,,,,,,,,,,,,,
ימין-שמאל,$AD$54,"יניב שפירא:
1 = הבדלים גדולים מאד
2 = הבדלים גדולים
3 = הבדלים קטנים
4 = הבדלים קטנים מאד
5 = אין הבדלים כלל",,scale,"יניב שפירא:
1 = הבדלים גדולים מאד
2 = הבדלים גדולים
3 = הבדלים קטנים
4 = הבדלים קטנים מאד
5 = אין הבדלים כלל",unknown,unknown,,,scale,"1 = הבדלים גדולים מאד
2 = הבדלים גדולים
3 = הבדלים קטנים
4 = הבדלים קטנים מאד
5 = אין הבדלים כלל",,,,,,,,,,,,,,
ימין-שמאל,$AD$55,"יניב שפירא:
1 = שמאלי
2 = ימני
3 = מרכזי
4 = לא הבין את השאלה",,scale,"יניב שפירא:
1 = שמאלי
2 = ימני
3 = מרכזי
4 = לא הבין את השאלה",unknown,unknown,,,scale,"1 = שמאלי
2 = ימני
3 = מרכזי
4 = לא הבין את השאלה",,,,,,,,,,,,,,
זיקה רגשית,$D$2,"יניב שפירא:
0-10
0 = דחייה/שנאה
10 = תמיכה/אהדה",,scale,"יניב שפירא:
0-10
0 = דחייה/שנאה
10 = תמיכה/אהדה",unknown,unknown,,,scale,"0-10
0 = דחייה/שנאה
10 = תמיכה/אהדה",,,,,,,,,,,,,,
זיקה רגשית,$H$2,"יניב שפירא:
בבחירות האלו - 
הליכוד-ישראל ביתנו",,scale,"יניב שפירא:
בבחירות האלו - 
הליכוד-ישראל ביתנו",unknown,unknown,,,scale,"בבחירות האלו - 
הליכוד-ישראל ביתנו",,,,,,,,,,,,,,
זיקה רגשית,$K$2,"יניב שפירא:
סולם 1-10",יניב שפירא,unknown,סולם 1-10,unknown,unknown,specialScale,,specialScale,סולם 1-10,,,,,,,,,,,,,,
זיקה רגשית,$O$2,"יניב שפירא:
סולם 1-10
1 = שנאה
10 = אהדה",,scale,"יניב שפירא:
סולם 1-10
1 = שנאה
10 = אהדה",unknown,unknown,,,scale,"סולם 1-10
1 = שנאה
10 = אהדה",,,,,,,,,,,,,,
זיקה רגשית,$A$4,"יניב שפירא:
רק מגזר יהודי",יניב שפירא,sector,רק מגזר יהודי,unknown,unknown,,,sector,רק מגזר יהודי,,,,,,,,,,,,,,
זיקה רגשית,$D$7,"יניב שפירא:
העבודה-גשר-מרצ",יניב שפירא,unknown,העבודה-גשר-מרצ,unknown,unknown,partyChange,,partyChange,העבודה-גשר-מרצ,,,,,,,,,,,,,,
זיקה רגשית,$E$7,"יניב שפירא:
העבודה-גשר",יניב שפירא,unknown,העבודה-גשר,unknown,unknown,partyChange,,partyChange,העבודה-גשר,,,,,,,,,,,,,,
זיקה רגשית,$G$7,"יניב שפירא:
בבחירות האלו
המחנה הציוני",,scale,"יניב שפירא:
בבחירות האלו
המחנה הציוני",unknown,unknown,,,scale,"בבחירות האלו
המחנה הציוני",,,,,,,,,,,,,,
זיקה רגשית,$A$10,"יניב שפירא:
בבחירות 2015 התאחדו עם העבודה ויצרו את
""המחנה הציוני""",,scale,"יניב שפירא:
בבחירות 2015 התאחדו עם העבודה ויצרו את
""המחנה הציוני""",unknown,unknown,,,scale,"בבחירות 2015 התאחדו עם העבודה ויצרו את
""המחנה הציוני""",,,,,,,,,,,,,,
זיקה רגשית,$E$11,"יניב שפירא:
המחנה הדמוקרטי
(עם שפיר וברק)",,scale,"יניב שפירא:
המחנה הדמוקרטי
(עם שפיר וברק)",unknown,unknown,,,scale,"המחנה הדמוקרטי
(עם שפיר וברק)",,,,,,,,,,,,,,
זיקה רגשית,$A$12,"יניב שפירא:
רק מגזר יהודי!",יניב שפירא,sector,רק מגזר יהודי!,unknown,unknown,,,sector,רק מגזר יהודי!,,,,,,,,,,,,,,
זיקה רגשית,$A$13,"יניב שפירא:
רק מגזר יהודי",יניב שפירא,sector,רק מגזר יהודי,unknown,unknown,,,sector,רק מגזר יהודי,,,,,,,,,,,,,,
זיקה רגשית,$A$14,"יניב שפירא:
רק מגזר יהודי",יניב שפירא,sector,רק מגזר יהודי,unknown,unknown,,,sector,רק מגזר יהודי,,,,,,,,,,,,,,
זיקה רגשית,$B$14,"adi:
יחס עם עוצמה יהודית",adi,unknown,יחס עם עוצמה יהודית,unknown,unknown,partyChange,,partyChange,יחס עם עוצמה יהודית,,,,,,,,,,,,,,
זיקה רגשית,$C$14,"יניב שפירא:
הציונות הדתית",יניב שפירא,unknown,הציונות הדתית,unknown,unknown,partyChange,,partyChange,הציונות הדתית,,,,,,,,,,,,,,
זיקה רגשית,$J$14,"יניב שפירא:
מפד""ל-האיחוד הלאומי",יניב שפירא,unknown,"מפד""ל-האיחוד הלאומי",unknown,unknown,partyChange,,partyChange,"מפד""ל-האיחוד הלאומי",,,,,,,,,,,,,,
זיקה רגשית,$A$15,"יניב שפירא:
רק מגזר יהודי!
בחירות 2013 רצו עם הליכוד",,scale,"יניב שפירא:
רק מגזר יהודי!
בחירות 2013 רצו עם הליכוד",unknown,unknown,,,scale,"רק מגזר יהודי!
בחירות 2013 רצו עם הליכוד",,,,,,,,,,,,,,
זיקה רגשית,$K$15,"יניב שפירא:
האיחוד הלאומי",יניב שפירא,unknown,האיחוד הלאומי,unknown,unknown,partyChange,,partyChange,האיחוד הלאומי,,,,,,,,,,,,,,
זיקה רגשית,$A$16,"יניב שפירא:
רק מגזר יהודי!",יניב שפירא,sector,רק מגזר יהודי!,unknown,unknown,,,sector,רק מגזר יהודי!,,,,,,,,,,,,,,
זיקה רגשית,$A$18,"יניב שפירא:
רק מגזר יהודי!",יניב שפירא,sector,רק מגזר יהודי!,unknown,unknown,,,sector,רק מגזר יהודי!,,,,,,,,,,,,,,
זיקה רגשית,$A$19,"יניב שפירא:
רק מגזר יהודי!",יניב שפירא,sector,רק מגזר יהודי!,unknown,unknown,,,sector,רק מגזר יהודי!,,,,,,,,,,,,,,
זיקה רגשית,$B$21,"adi:
חד""ש תע""ל
",,scale,"adi:
חד""ש תע""ל
",unknown,unknown,,,scale,"חד""ש תע""ל
",,,,,,,,,,,,,,
זיקה רגשית,$F$21,"יניב שפירא:
רק חד""ש-תע""ל",יניב שפירא,sector,"רק חד""ש-תע""ל",unknown,unknown,,,sector,"רק חד""ש-תע""ל",,,,,,,,,,,,,,
זיקה רגשית,$A$22,"יניב שפירא:
רק ערבים",יניב שפירא,sector,רק ערבים,unknown,unknown,,,sector,רק ערבים,,,,,,,,,,,,,,
זיקה רגשית,$A$23,"יניב שפירא:
רק ערבים",יניב שפירא,sector,רק ערבים,unknown,unknown,,,sector,רק ערבים,,,,,,,,,,,,,,
זיקה רגשית,$A$24,"יניב שפירא:
ערבים בלבד",יניב שפירא,unknown,ערבים בלבד,sector,unknown,,,sector,ערבים בלבד,,,,,,,,,,,,,,
זיקה רגשית,$A$25,"יניב שפירא:
ערבים בלבד",יניב שפירא,unknown,ערבים בלבד,sector,unknown,,,sector,ערבים בלבד,,,,,,,,,,,,,,
זיקה רגשית,$A$26,"יניב שפירא:
ערבים בלבד",יניב שפירא,unknown,ערבים בלבד,sector,unknown,,,sector,ערבים בלבד,,,,,,,,,,,,,,
זיקה רגשית,$A$27,"יניב שפירא:
ערבים בלבד",יניב שפירא,unknown,ערבים בלבד,sector,unknown,,,sector,ערבים בלבד,,,,,,,,,,,,,,
זיקה רגשית,$C$28,"יניב שפירא:
סולם 0-10
0 = שנאה
10 = אהדה",,scale,"יניב שפירא:
סולם 0-10
0 = שנאה
10 = אהדה",unknown,unknown,,,scale,"סולם 0-10
0 = שנאה
10 = אהדה",,,,,,,,,,,,,,
זיקה רגשית,$D$33,"יניב שפירא:
0-10
0 = דחייה ושנאה
10 = תמיכה ואהדה
95 = לא יכול להכליל",,scale,"יניב שפירא:
0-10
0 = דחייה ושנאה
10 = תמיכה ואהדה
95 = לא יכול להכליל",unknown,unknown,,,scale,"0-10
0 = דחייה ושנאה
10 = תמיכה ואהדה
95 = לא יכול להכליל",,,,,,,,,,,,,,
זיקה רגשית,$C$35,"יניב שפירא:
רק ליהודים",יניב שפירא,sector,רק ליהודים,unknown,unknown,,,sector,רק ליהודים,,,,,,,,,,,,,,
זיקה רגשית,$K$35,"יניב שפירא:
סולם 1-10
1 = שנאה
10 = אהדה",,scale,"יניב שפירא:
סולם 1-10
1 = שנאה
10 = אהדה",unknown,unknown,,,scale,"סולם 1-10
1 = שנאה
10 = אהדה",,,,,,,,,,,,,,
זיקה רגשית,$L$36,"יניב שפירא:
סולם 1-10
1 = סלידה
10 = אהדה",,scale,"יניב שפירא:
סולם 1-10
1 = סלידה
10 = אהדה",unknown,unknown,,,scale,"סולם 1-10
1 = סלידה
10 = אהדה",,,,,,,,,,,,,,
זיקה רגשית,$D$45,"יניב שפירא:
0-10
0 = דחייה ושנאה
10 = תמיכה ואהדה",,scale,"יניב שפירא:
0-10
0 = דחייה ושנאה
10 = תמיכה ואהדה",unknown,unknown,,,scale,"0-10
0 = דחייה ושנאה
10 = תמיכה ואהדה",,,,,,,,,,,,,,
זיקה רגשית,$A$55,"יניב שפירא:
ליהודים בלבד",יניב שפירא,unknown,ליהודים בלבד,sector,unknown,,,sector,ליהודים בלבד,,,,,,,,,,,,,,
זיקה רגשית,$A$67,"יניב שפירא:
מגזר יהודי בלבד",יניב שפירא,unknown,מגזר יהודי בלבד,unknown,unknown,sector,,sector,מגזר יהודי בלבד,,,,,,,,,,,,,,
זיקה רגשית,$A$68,"יניב שפירא:
ליהודים בלבד",יניב שפירא,unknown,ליהודים בלבד,sector,unknown,,,sector,ליהודים בלבד,,,,,,,,,,,,,,
זיקה רגשית,$A$69,"יניב שפירא:
ליהודים בלבד",יניב שפירא,unknown,ליהודים בלבד,sector,unknown,,,sector,ליהודים בלבד,,,,,,,,,,,,,,
זיקה רגשית,$A$71,"יניב שפירא:
ליהודים בלבד",יניב שפירא,unknown,ליהודים בלבד,sector,unknown,,,sector,ליהודים בלבד,,,,,,,,,,,,,,
זיקה רגשית,$A$77,"יניב שפירא:
ליהודים בלבד",יניב שפירא,unknown,ליהודים בלבד,sector,unknown,,,sector,ליהודים בלבד,,,,,,,,,,,,,,
זיקה רגשית,$A$78,"יניב שפירא:
ליהודים בלבד",יניב שפירא,unknown,ליהודים בלבד,sector,unknown,,,sector,ליהודים בלבד,,,,,,,,,,,,,,
זיקה רגשית,$A$79,"יניב שפירא:
ליהודים בלבד",יניב שפירא,unknown,ליהודים בלבד,sector,unknown,,,sector,ליהודים בלבד,,,,,,,,,,,,,,
זיקה רגשית,$A$81,"יניב שפירא:
לערבים בלבד",יניב שפירא,unknown,לערבים בלבד,sector,unknown,,,sector,לערבים בלבד,,,,,,,,,,,,,,
זיקה רגשית,$A$82,"יניב שפירא:
לערבים בלבד",יניב שפירא,unknown,לערבים בלבד,sector,unknown,,,sector,לערבים בלבד,,,,,,,,,,,,,,
זיקה רגשית,$A$83,"יניב שפירא:
לערבים בלבד",יניב שפירא,unknown,לערבים בלבד,sector,unknown,,,sector,לערבים בלבד,,,,,,,,,,,,,,
זיקה רגשית,$A$84,"יניב שפירא:
לערבים בלבד",יניב שפירא,unknown,לערבים בלבד,sector,unknown,,,sector,לערבים בלבד,,,,,,,,,,,,,,
זיקה רגשית,$A$85,"יניב שפירא:
לערבים בלבד",יניב שפירא,unknown,לערבים בלבד,sector,unknown,,,sector,לערבים בלבד,,,,,,,,,,,,,,
זיקה רגשית,$A$86,"יניב שפירא:
לערבים בלבד",יניב שפירא,unknown,לערבים בלבד,sector,unknown,,,sector,לערבים בלבד,,,,,,,,,,,,,,
זיקה רגשית,$A$87,"יניב שפירא:
לערבים בלבד",יניב שפירא,unknown,לערבים בלבד,sector,unknown,,,sector,לערבים בלבד,,,,,,,,,,,,,,
זיקה רגשית,$A$88,"יניב שפירא:
לערבים בלבד",יניב שפירא,unknown,לערבים בלבד,sector,unknown,,,sector,לערבים בלבד,,,,,,,,,,,,,,
זיקה רגשית,$A$89,"יניב שפירא:
לערבים בלבד",יניב שפירא,unknown,לערבים בלבד,sector,unknown,,,sector,לערבים בלבד,,,,,,,,,,,,,,
זיקה רגשית,$A$90,"יניב שפירא:
לערבים בלבד",יניב שפירא,unknown,לערבים בלבד,sector,unknown,,,sector,לערבים בלבד,,,,,,,,,,,,,,
זיקה רגשית,$L$92,"יניב שפירא:
סולם 1-10
1 = סלידה
10 = אהדה",,scale,"יניב שפירא:
סולם 1-10
1 = סלידה
10 = אהדה",unknown,unknown,,,scale,"סולם 1-10
1 = סלידה
10 = אהדה",,,,,,,,,,,,,,
זיקה רגשית,$F$94,"יניב שפירא:
1 = כלל לא חשובה
2 = לא כ""כ חשובה
3 = די חשובה
4 = חשובה מאד",,scale,"יניב שפירא:
1 = כלל לא חשובה
2 = לא כ""כ חשובה
3 = די חשובה
4 = חשובה מאד",unknown,unknown,,,scale,"1 = כלל לא חשובה
2 = לא כ""כ חשובה
3 = די חשובה
4 = חשובה מאד",,,,,,,,,,,,,,
זיקה רגשית,$F$95,"יניב שפירא:
1 = כלל לא מסכים
2 = לא כ""כ מסכים
3 = די מסכים
4 = מאד מסכים",,scale,"יניב שפירא:
1 = כלל לא מסכים
2 = לא כ""כ מסכים
3 = די מסכים
4 = מאד מסכים",unknown,unknown,,,scale,"1 = כלל לא מסכים
2 = לא כ""כ מסכים
3 = די מסכים
4 = מאד מסכים",,,,,,,,,,,,,,
זיקה רגשית,$F$98,"יניב שפירא:
1 = בכלל לא גאה
2 = לא גאה
3 = גאה
4 = גאה מאד",,scale,"יניב שפירא:
1 = בכלל לא גאה
2 = לא גאה
3 = גאה
4 = גאה מאד",unknown,unknown,,,scale,"1 = בכלל לא גאה
2 = לא גאה
3 = גאה
4 = גאה מאד",,,,,,,,,,,,,,
זיקה רגשית,$G$99,"יניב שפירא:
1 = בכלל לא חשוב
2 = חשוב במידה מועטה
3 = די חשוב
4 = חשוב מאד",,scale,"יניב שפירא:
1 = בכלל לא חשוב
2 = חשוב במידה מועטה
3 = די חשוב
4 = חשוב מאד",unknown,unknown,,,scale,"1 = בכלל לא חשוב
2 = חשוב במידה מועטה
3 = די חשוב
4 = חשוב מאד",,,,,,,,,,,,,,
זיקה רגשית,$G$100,"יניב שפירא:
1 = בהחלט לא נכון
2 = לא נכון
3 = נכון
4 = נכון בהחלט",,scale,"יניב שפירא:
1 = בהחלט לא נכון
2 = לא נכון
3 = נכון
4 = נכון בהחלט",unknown,unknown,,,scale,"1 = בהחלט לא נכון
2 = לא נכון
3 = נכון
4 = נכון בהחלט",,,,,,,,,,,,,,
זיקה רגשית,$E$106,"יניב שפירא:
1 = בהחלט לא ראוי
2 = לא ראוי
3 = ככה-ככה
4 = ראוי
5 = בהחלט ראוי",,scale,"יניב שפירא:
1 = בהחלט לא ראוי
2 = לא ראוי
3 = ככה-ככה
4 = ראוי
5 = בהחלט ראוי",unknown,unknown,,,scale,"1 = בהחלט לא ראוי
2 = לא ראוי
3 = ככה-ככה
4 = ראוי
5 = בהחלט ראוי",,,,,,,,,,,,,,
זיקה רגשית,$E$111,"יניב שפירא:
1 = בכלל לא
2 = במידה מועטה
3 = במידה בינונית
4 = במידה רבה
5 = במידה רבה מאוד",,scale,"יניב שפירא:
1 = בכלל לא
2 = במידה מועטה
3 = במידה בינונית
4 = במידה רבה
5 = במידה רבה מאוד",unknown,unknown,,,scale,"1 = בכלל לא
2 = במידה מועטה
3 = במידה בינונית
4 = במידה רבה
5 = במידה רבה מאוד",,,,,,,,,,,,,,
זיקה רגשית,$L$115,"יניב שפירא:
1 = כן
2 = לא",,scale,"יניב שפירא:
1 = כן
2 = לא",unknown,unknown,,,scale,"1 = כן
2 = לא",,,,,,,,,,,,,,
זיקה רגשית,$Q$141,"יניב שפירא:
1 = נטורי קרתא
2 = רק""ח
3 = כ""ך (כהנא)
4 = אג""י-פאג""י
5 = גוש אמונים
6 = התנועה המתקדמת לשלום
7 = קבוצות אחרות בארץ התומכות באש""ף
8 = התחיה
9 = צומת
10 = מולדת
11 = המפלגה הדמוקרטית הערבית
12 = שלום עכשיו
13 = מצפן
14 = ""יש גבול""
15 = אחר",,scale,"יניב שפירא:
1 = נטורי קרתא
2 = רק""ח
3 = כ""ך (כהנא)
4 = אג""י-פאג""י
5 = גוש אמונים
6 = התנועה המתקדמת לשלום
7 = קבוצות אחרות בארץ התומכות באש""ף
8 = התחיה
9 = צומת
10 = מולדת
11 = המפלגה הדמוקרטית הערבית
12 = שלום עכשיו
13 = מצפן
14 = ""יש גבול""
15 = אחר",unknown,unknown,,,scale,"1 = נטורי קרתא
2 = רק""ח
3 = כ""ך (כהנא)
4 = אג""י-פאג""י
5 = גוש אמונים
6 = התנועה המתקדמת לשלום
7 = קבוצות אחרות בארץ התומכות באש""ף
8 = התחיה
9 = צומת
10 = מולדת
11 = המפלגה הדמוקרטית הערבית
12 = שלום עכשיו
13 = מצפן
14 = ""יש גבול""
15 = אחר",,,,,,,,,,,,,,
זיקה רגשית,$V$142,"יניב שפירא:
1 = מפלגה חזקה מושכת אותי ביותר
2 = מפלגה חזקה מושכת אותי פחות או יותר
3 = מפלגה שמזהירה מושכת אותי פחות או יותר
4 = מפלגה שמזהירה מושכת אותי ביותר",,scale,"יניב שפירא:
1 = מפלגה חזקה מושכת אותי ביותר
2 = מפלגה חזקה מושכת אותי פחות או יותר
3 = מפלגה שמזהירה מושכת אותי פחות או יותר
4 = מפלגה שמזהירה מושכת אותי ביותר",unknown,unknown,,,scale,"1 = מפלגה חזקה מושכת אותי ביותר
2 = מפלגה חזקה מושכת אותי פחות או יותר
3 = מפלגה שמזהירה מושכת אותי פחות או יותר
4 = מפלגה שמזהירה מושכת אותי ביותר",,,,,,,,,,,,,,
זיקה רגשית,$AA$143,"יניב שפירא:
1 = היחס שלי אליו חיובי וזה היה גורם חשוב בהצבעתי
2 = היחס שלי אליו חיובי אך זה לא היה גורם בהצבעתי
3 = היחס שלי אליו שלילי וזה היה גורם חשוב בהצבעתי
4 = היחס שלי אליו שלילי וזה לא היה גורם בהצבעתי
5 = היחס שלי לא חיובי ולא שלילי",,scale,"יניב שפירא:
1 = היחס שלי אליו חיובי וזה היה גורם חשוב בהצבעתי
2 = היחס שלי אליו חיובי אך זה לא היה גורם בהצבעתי
3 = היחס שלי אליו שלילי וזה היה גורם חשוב בהצבעתי
4 = היחס שלי אליו שלילי וזה לא היה גורם בהצבעתי
5 = היחס שלי לא חיובי ולא שלילי",unknown,unknown,,,scale,"1 = היחס שלי אליו חיובי וזה היה גורם חשוב בהצבעתי
2 = היחס שלי אליו חיובי אך זה לא היה גורם בהצבעתי
3 = היחס שלי אליו שלילי וזה היה גורם חשוב בהצבעתי
4 = היחס שלי אליו שלילי וזה לא היה גורם בהצבעתי
5 = היחס שלי לא חיובי ולא שלילי",,,,,,,,,,,,,,
זיקה רגשית,$AC$149,"יניב שפירא:
1 = דעתי הייתה חיובית ונשארה חיובית
2 = דעתי הייתה שלילית ונשארה שלילית
3 = דעתי הייתה חיובית והפכה שלילית
4 = דעתי הייתה שלילית והפכה חיובית",,scale,"יניב שפירא:
1 = דעתי הייתה חיובית ונשארה חיובית
2 = דעתי הייתה שלילית ונשארה שלילית
3 = דעתי הייתה חיובית והפכה שלילית
4 = דעתי הייתה שלילית והפכה חיובית",unknown,unknown,,,scale,"1 = דעתי הייתה חיובית ונשארה חיובית
2 = דעתי הייתה שלילית ונשארה שלילית
3 = דעתי הייתה חיובית והפכה שלילית
4 = דעתי הייתה שלילית והפכה חיובית",,,,,,,,,,,,,,
זיקה רגשית,$AD$157,"יניב שפירא:
1 = במידה רבה
2 = במידה מסוימת
3 = במידה מועטה
4 = כלל לא",,scale,"יניב שפירא:
1 = במידה רבה
2 = במידה מסוימת
3 = במידה מועטה
4 = כלל לא",unknown,unknown,,,scale,"1 = במידה רבה
2 = במידה מסוימת
3 = במידה מועטה
4 = כלל לא",,,,,,,,,,,,,,
זיקה רגשית,$AD$158,"יניב שפירא:
1 = במידה רבה
2 = במידה מסוימת
3 = במידה מועטה
4 = כלל לא",,scale,"יניב שפירא:
1 = במידה רבה
2 = במידה מסוימת
3 = במידה מועטה
4 = כלל לא",unknown,unknown,,,scale,"1 = במידה רבה
2 = במידה מסוימת
3 = במידה מועטה
4 = כלל לא",,,,,,,,,,,,,,
זיקה רגשית,$AD$159,"יניב שפירא:
1 = במידה רבה
2 = במידה מסוימת
3 = במידה מועטה
4 = כלל לא",,scale,"יניב שפירא:
1 = במידה רבה
2 = במידה מסוימת
3 = במידה מועטה
4 = כלל לא",unknown,unknown,,,scale,"1 = במידה רבה
2 = במידה מסוימת
3 = במידה מועטה
4 = כלל לא",,,,,,,,,,,,,,
זיקה רגשית,$AD$160,"יניב שפירא:
1 = במידה רבה
2 = במידה מסוימת
3 = במידה מועטה
4 = כלל לא",,scale,"יניב שפירא:
1 = במידה רבה
2 = במידה מסוימת
3 = במידה מועטה
4 = כלל לא",unknown,unknown,,,scale,"1 = במידה רבה
2 = במידה מסוימת
3 = במידה מועטה
4 = כלל לא",,,,,,,,,,,,,,
זיקה רגשית,$AD$162,"יניב שפירא:
1 = במידה רבה
2 = במידה מסוימת
3 = במידה מועטה
4 = כלל לא",,scale,"יניב שפירא:
1 = במידה רבה
2 = במידה מסוימת
3 = במידה מועטה
4 = כלל לא",unknown,unknown,,,scale,"1 = במידה רבה
2 = במידה מסוימת
3 = במידה מועטה
4 = כלל לא",,,,,,,,,,,,,,
זיקה רגשית,$G$163,"יניב שפירא:
1 = כן
2 = לא",,scale,"יניב שפירא:
1 = כן
2 = לא",unknown,unknown,,,scale,"1 = כן
2 = לא",,,,,,,,,,,,,,
זיקה רגשית,$A$164,"יניב שפירא:
מי שענה כן בשאלה 10",יניב שפירא,sector,מי שענה כן בשאלה 10,unknown,unknown,,,sector,מי שענה כן בשאלה 10,,,,,,,,,,,,,,
זיקה רגשית,$I$164,"יניב שפירא:
הניסוח הוא:
""איזו מפלגה אתה הכי אוהד""",,scale,"יניב שפירא:
הניסוח הוא:
""איזו מפלגה אתה הכי אוהד""",unknown,unknown,,,scale,"הניסוח הוא:
""איזו מפלגה אתה הכי אוהד""",,,,,,,,,,,,,,
זיקה רגשית,$G$165,"יניב שפירא:
1 = קרוב מאוד
2 = די קרוב
3 = לא מאוד קרוב",,scale,"יניב שפירא:
1 = קרוב מאוד
2 = די קרוב
3 = לא מאוד קרוב",unknown,unknown,,,scale,"1 = קרוב מאוד
2 = די קרוב
3 = לא מאוד קרוב",,,,,,,,,,,,,,
זיקה רגשית,$A$171,"יניב שפירא:
היו 10 מפלגות.
3 נבחרו להכי קרובות
3 להכי רחוקות
נותרו 6",,scale,"יניב שפירא:
היו 10 מפלגות.
3 נבחרו להכי קרובות
3 להכי רחוקות
נותרו 6",unknown,unknown,,,scale,"היו 10 מפלגות.
3 נבחרו להכי קרובות
3 להכי רחוקות
נותרו 6",,,,,,,,,,,,,,
זיקה רגשית,$AE$175,"יניב שפירא:
0 = לא יודע
1 = המועמדים טובים
2 = המועמדים לא טובים
3 = העמדות שלה קרובות לשלך
4 = העמדות שלה רחוקות משלך
5 = מייצגת אנשים כמוך
6 = מייצגת אנשים שונים ממך
7 = שאפשר לסמוך עליה
8 = שאי אפשר לסמוך עליה
",,scale,"יניב שפירא:
0 = לא יודע
1 = המועמדים טובים
2 = המועמדים לא טובים
3 = העמדות שלה קרובות לשלך
4 = העמדות שלה רחוקות משלך
5 = מייצגת אנשים כמוך
6 = מייצגת אנשים שונים ממך
7 = שאפשר לסמוך עליה
8 = שאי אפשר לסמוך עליה
",unknown,unknown,,,scale,"0 = לא יודע
1 = המועמדים טובים
2 = המועמדים לא טובים
3 = העמדות שלה קרובות לשלך
4 = העמדות שלה רחוקות משלך
5 = מייצגת אנשים כמוך
6 = מייצגת אנשים שונים ממך
7 = שאפשר לסמוך עליה
8 = שאי אפשר לסמוך עליה
",,,,,,,,,,,,,,
זיקה רגשית,$AG$178,"יניב שפירא:
1 = גולדה מאיר
2 = משה דיין
3 = יגאל אלון
4 = פנחס ספיר
5 = מאיר יערי
6 = חיים משה שפירא
7 = מנחם בגין
8 = שמואל תמיר
9 = אורי אבנרי
10 = משה סנה
11 = אחר
12 = לא מכיר שמות
13 = טרם החלטתי למי להצביע
14 = לא מצביע",,scale,"יניב שפירא:
1 = גולדה מאיר
2 = משה דיין
3 = יגאל אלון
4 = פנחס ספיר
5 = מאיר יערי
6 = חיים משה שפירא
7 = מנחם בגין
8 = שמואל תמיר
9 = אורי אבנרי
10 = משה סנה
11 = אחר
12 = לא מכיר שמות
13 = טרם החלטתי למי להצביע
14 = לא מצביע",unknown,unknown,,,scale,"1 = גולדה מאיר
2 = משה דיין
3 = יגאל אלון
4 = פנחס ספיר
5 = מאיר יערי
6 = חיים משה שפירא
7 = מנחם בגין
8 = שמואל תמיר
9 = אורי אבנרי
10 = משה סנה
11 = אחר
12 = לא מכיר שמות
13 = טרם החלטתי למי להצביע
14 = לא מצביע",,,,,,,,,,,,,,
תכונות,$I$2,"יניב שפירא:
1 = קדימה
2 = ליכוד
3 = עבודה
4 = לכולם באותה מידה
5 = לאף אחת לא מתאים",,scale,"יניב שפירא:
1 = קדימה
2 = ליכוד
3 = עבודה
4 = לכולם באותה מידה
5 = לאף אחת לא מתאים",unknown,unknown,,,scale,"1 = קדימה
2 = ליכוד
3 = עבודה
4 = לכולם באותה מידה
5 = לאף אחת לא מתאים",,,,,,,,,,,,,,
תכונות,$K$2,"יניב שפירא:
1 = לעבודה
2 = לליכוד
3 = שתיהן באותה מידה
4 = אף אחת מהן",,scale,"יניב שפירא:
1 = לעבודה
2 = לליכוד
3 = שתיהן באותה מידה
4 = אף אחת מהן",unknown,unknown,,,scale,"1 = לעבודה
2 = לליכוד
3 = שתיהן באותה מידה
4 = אף אחת מהן",,,,,,,,,,,,,,
תכונות,$L$2,"יניב שפירא:
מועמד ולא מפלגה
1 = ברק
2 = שרון
3 = שניהם
4 = אף אחד",,scale,"יניב שפירא:
מועמד ולא מפלגה
1 = ברק
2 = שרון
3 = שניהם
4 = אף אחד",unknown,unknown,,,scale,"מועמד ולא מפלגה
1 = ברק
2 = שרון
3 = שניהם
4 = אף אחד",,,,,,,,,,,,,,
תכונות,$M$2,"יניב שפירא:
1 = העבודה
2 = הליכוד
3 = מידה שווה
4 = אף אחת מהן",,scale,"יניב שפירא:
1 = העבודה
2 = הליכוד
3 = מידה שווה
4 = אף אחת מהן",unknown,unknown,,,scale,"1 = העבודה
2 = הליכוד
3 = מידה שווה
4 = אף אחת מהן",,,,,,,,,,,,,,
תכונות,$A$3,"יניב שפירא:
רק למי שענה 1-3 בשאלה הקודמת",יניב שפירא,sector,רק למי שענה 1-3 בשאלה הקודמת,unknown,unknown,,,sector,רק למי שענה 1-3 בשאלה הקודמת,,,,,,,,,,,,,,
תכונות,$I$3,"יניב שפירא:
1 = קדימה
2 = ליכוד
3 = עבודה",,scale,"יניב שפירא:
1 = קדימה
2 = ליכוד
3 = עבודה",unknown,unknown,,,scale,"1 = קדימה
2 = ליכוד
3 = עבודה",,,,,,,,,,,,,,
תכונות,$A$5,"יניב שפירא:
רק למי שענה 1-3 בשאלה הקודמת",יניב שפירא,sector,רק למי שענה 1-3 בשאלה הקודמת,unknown,unknown,,,sector,רק למי שענה 1-3 בשאלה הקודמת,,,,,,,,,,,,,,
תכונות,$A$7,"יניב שפירא:
רק למי שענה 1-3 בשאלה הקודמת",יניב שפירא,sector,רק למי שענה 1-3 בשאלה הקודמת,unknown,unknown,,,sector,רק למי שענה 1-3 בשאלה הקודמת,,,,,,,,,,,,,,
תכונות,$O$8,"יניב שפירא:
הניסוח:
""שתחזיר את השקט והסדר לשטחים",,scale,"יניב שפירא:
הניסוח:
""שתחזיר את השקט והסדר לשטחים",unknown,unknown,,,scale,"הניסוח:
""שתחזיר את השקט והסדר לשטחים",,,,,,,,,,,,,,
תכונות,$A$9,"יניב שפירא:
רק למי שענה 1-3 בשאלה הקודמת",יניב שפירא,sector,רק למי שענה 1-3 בשאלה הקודמת,unknown,unknown,,,sector,רק למי שענה 1-3 בשאלה הקודמת,,,,,,,,,,,,,,
תכונות,$T$10,"יניב שפירא:
1 = מתאים הרבה יותר למערך
2 = מתאים יותר למערך
3 = במידה שווה לשתיהן
4 = מתאים יותר לליכוד
5 = מתאים הרבה יותר לליכוד
6 = לא מתאים לאף אחת מהן",,scale,"יניב שפירא:
1 = מתאים הרבה יותר למערך
2 = מתאים יותר למערך
3 = במידה שווה לשתיהן
4 = מתאים יותר לליכוד
5 = מתאים הרבה יותר לליכוד
6 = לא מתאים לאף אחת מהן",unknown,unknown,,,scale,"1 = מתאים הרבה יותר למערך
2 = מתאים יותר למערך
3 = במידה שווה לשתיהן
4 = מתאים יותר לליכוד
5 = מתאים הרבה יותר לליכוד
6 = לא מתאים לאף אחת מהן",,,,,,,,,,,,,,
תכונות,$A$11,"יניב שפירא:
רק למי שענה 1-3 בשאלה הקודמת",יניב שפירא,sector,רק למי שענה 1-3 בשאלה הקודמת,unknown,unknown,,,sector,רק למי שענה 1-3 בשאלה הקודמת,,,,,,,,,,,,,,
תכונות,$A$13,"יניב שפירא:
רק למי שענה 1-3 בשאלה הקודמת",יניב שפירא,sector,רק למי שענה 1-3 בשאלה הקודמת,unknown,unknown,,,sector,רק למי שענה 1-3 בשאלה הקודמת,,,,,,,,,,,,,,
תכונות,$A$15,"יניב שפירא:
רק למי שענה 1-3 בשאלה הקודמת",יניב שפירא,sector,רק למי שענה 1-3 בשאלה הקודמת,unknown,unknown,,,sector,רק למי שענה 1-3 בשאלה הקודמת,,,,,,,,,,,,,,
תכונות,$O$21,"יניב שפירא:
1 = עבודה
2 = ליכוד
3 = מידה שווה
4 = אף אחת מהן",,scale,"יניב שפירא:
1 = עבודה
2 = ליכוד
3 = מידה שווה
4 = אף אחת מהן",unknown,unknown,,,scale,"1 = עבודה
2 = ליכוד
3 = מידה שווה
4 = אף אחת מהן",,,,,,,,,,,,,,
תכונות,$T$21,"יניב שפירא:
1 = מתאים הרבה יותר למערך
2 = מתאים יותר למערך
3 = במידה שווה לשתיהן
4 = מתאים יותר לליכוד
5 = מתאים הרבה יותר לליכוד
6 = לא מתאים לאף אחת מהן",,scale,"יניב שפירא:
1 = מתאים הרבה יותר למערך
2 = מתאים יותר למערך
3 = במידה שווה לשתיהן
4 = מתאים יותר לליכוד
5 = מתאים הרבה יותר לליכוד
6 = לא מתאים לאף אחת מהן",unknown,unknown,,,scale,"1 = מתאים הרבה יותר למערך
2 = מתאים יותר למערך
3 = במידה שווה לשתיהן
4 = מתאים יותר לליכוד
5 = מתאים הרבה יותר לליכוד
6 = לא מתאים לאף אחת מהן",,,,,,,,,,,,,,
תכונות,$T$23,"יניב שפירא:
1 = מתאים הרבה יותר למערך
2 = מתאים יותר למערך
3 = במידה שווה לשתיהן
4 = מתאים יותר לליכוד
5 = מתאים הרבה יותר לליכוד
6 = לא מתאים לאף אחת מהן",,scale,"יניב שפירא:
1 = מתאים הרבה יותר למערך
2 = מתאים יותר למערך
3 = במידה שווה לשתיהן
4 = מתאים יותר לליכוד
5 = מתאים הרבה יותר לליכוד
6 = לא מתאים לאף אחת מהן",unknown,unknown,,,scale,"1 = מתאים הרבה יותר למערך
2 = מתאים יותר למערך
3 = במידה שווה לשתיהן
4 = מתאים יותר לליכוד
5 = מתאים הרבה יותר לליכוד
6 = לא מתאים לאף אחת מהן",,,,,,,,,,,,,,
תכונות,$T$27,"יניב שפירא:
1 = מתאים הרבה יותר למערך
2 = מתאים יותר למערך
3 = במידה שווה לשתיהן
4 = מתאים יותר לליכוד
5 = מתאים הרבה יותר לליכוד
6 = לא מתאים לאף אחת מהן",,scale,"יניב שפירא:
1 = מתאים הרבה יותר למערך
2 = מתאים יותר למערך
3 = במידה שווה לשתיהן
4 = מתאים יותר לליכוד
5 = מתאים הרבה יותר לליכוד
6 = לא מתאים לאף אחת מהן",unknown,unknown,,,scale,"1 = מתאים הרבה יותר למערך
2 = מתאים יותר למערך
3 = במידה שווה לשתיהן
4 = מתאים יותר לליכוד
5 = מתאים הרבה יותר לליכוד
6 = לא מתאים לאף אחת מהן",,,,,,,,,,,,,,
תכונות,$T$35,"יניב שפירא:
1 = מתאים הרבה יותר למערך
2 = מתאים יותר למערך
3 = במידה שווה לשתיהן
4 = מתאים יותר לליכוד
5 = מתאים הרבה יותר לליכוד
6 = לא מתאים לאף אחת מהן",,scale,"יניב שפירא:
1 = מתאים הרבה יותר למערך
2 = מתאים יותר למערך
3 = במידה שווה לשתיהן
4 = מתאים יותר לליכוד
5 = מתאים הרבה יותר לליכוד
6 = לא מתאים לאף אחת מהן",unknown,unknown,,,scale,"1 = מתאים הרבה יותר למערך
2 = מתאים יותר למערך
3 = במידה שווה לשתיהן
4 = מתאים יותר לליכוד
5 = מתאים הרבה יותר לליכוד
6 = לא מתאים לאף אחת מהן",,,,,,,,,,,,,,
תכונות,$F$43,"יניב שפירא:
1 = בני גנץ
2 = בנימין נתניהו
3 = שניהם
4 = אף אחד מהם",,scale,"יניב שפירא:
1 = בני גנץ
2 = בנימין נתניהו
3 = שניהם
4 = אף אחד מהם",unknown,unknown,,,scale,"1 = בני גנץ
2 = בנימין נתניהו
3 = שניהם
4 = אף אחד מהם",,,,,,,,,,,,,,
תכונות,$G$43,"יניב שפירא:
1 = יצחק הרצוג
2 = בנימין נתניהו
3 = שניהם
4 = אף אחד מהם",,scale,"יניב שפירא:
1 = יצחק הרצוג
2 = בנימין נתניהו
3 = שניהם
4 = אף אחד מהם",unknown,unknown,,,scale,"1 = יצחק הרצוג
2 = בנימין נתניהו
3 = שניהם
4 = אף אחד מהם",,,,,,,,,,,,,,
תכונות,$H$43,"יניב שפירא:
1 = בנימין נתניהו
2 = ציפי לבני
3 = שלי יחימוביץ
4 = כולם
5 = אף אחד מהם",,scale,"יניב שפירא:
1 = בנימין נתניהו
2 = ציפי לבני
3 = שלי יחימוביץ
4 = כולם
5 = אף אחד מהם",unknown,unknown,,,scale,"1 = בנימין נתניהו
2 = ציפי לבני
3 = שלי יחימוביץ
4 = כולם
5 = אף אחד מהם",,,,,,,,,,,,,,
תכונות,$I$43,"יניב שפירא:
1 = ציפי לבני
2 = בנימין נתניהו
3 = אהוד ברק
4 = כולם
5 = אף אחד",,scale,"יניב שפירא:
1 = ציפי לבני
2 = בנימין נתניהו
3 = אהוד ברק
4 = כולם
5 = אף אחד",unknown,unknown,,,scale,"1 = ציפי לבני
2 = בנימין נתניהו
3 = אהוד ברק
4 = כולם
5 = אף אחד",,,,,,,,,,,,,,
תכונות,$J$43,"יניב שפירא:
1 = אהוד אולמרט
2 = בנימין נתניהו
3 = עמיר פרץ
4 = לכולם
5 = אף אחד מהם",,scale,"יניב שפירא:
1 = אהוד אולמרט
2 = בנימין נתניהו
3 = עמיר פרץ
4 = לכולם
5 = אף אחד מהם",unknown,unknown,,,scale,"1 = אהוד אולמרט
2 = בנימין נתניהו
3 = עמיר פרץ
4 = לכולם
5 = אף אחד מהם",,,,,,,,,,,,,,
תכונות,$K$43,"יניב שפירא:
1 = שרון
2 = מצנע
3 = שניהם
4 = אף אחד מהם",,scale,"יניב שפירא:
1 = שרון
2 = מצנע
3 = שניהם
4 = אף אחד מהם",unknown,unknown,,,scale,"1 = שרון
2 = מצנע
3 = שניהם
4 = אף אחד מהם",,,,,,,,,,,,,,
תכונות,$M$43,"יניב שפירא:
1 = נתניהו
2 = ברק
3 = מדרכי
4 = שלושתם
5 = אף אחד מהם",,scale,"יניב שפירא:
1 = נתניהו
2 = ברק
3 = מדרכי
4 = שלושתם
5 = אף אחד מהם",unknown,unknown,,,scale,"1 = נתניהו
2 = ברק
3 = מדרכי
4 = שלושתם
5 = אף אחד מהם",,,,,,,,,,,,,,
תכונות,$N$43,"יניב שפירא:
1 = פרס
2 = נתניהו
3 = במידה שווה
4 = אף אחד",,scale,"יניב שפירא:
1 = פרס
2 = נתניהו
3 = במידה שווה
4 = אף אחד",unknown,unknown,,,scale,"1 = פרס
2 = נתניהו
3 = במידה שווה
4 = אף אחד",,,,,,,,,,,,,,
תכונות,$O$43,"יניב שפירא:
1 = שמיר
2 = רבין
3 = שניהם באותה מידה
4 = אף אחד מהם",,scale,"יניב שפירא:
1 = שמיר
2 = רבין
3 = שניהם באותה מידה
4 = אף אחד מהם",unknown,unknown,,,scale,"1 = שמיר
2 = רבין
3 = שניהם באותה מידה
4 = אף אחד מהם",,,,,,,,,,,,,,
תכונות,$F$45,"יניב שפירא:
1 = בני גנץ
2 = בנימין נתניהו
3 = שניהם
4 = אף אחד מהם",,scale,"יניב שפירא:
1 = בני גנץ
2 = בנימין נתניהו
3 = שניהם
4 = אף אחד מהם",unknown,unknown,,,scale,"1 = בני גנץ
2 = בנימין נתניהו
3 = שניהם
4 = אף אחד מהם",,,,,,,,,,,,,,
תכונות,$G$45,"יניב שפירא:
1 = יצחק הרצוג
2 = בנימין נתניהו
3 = שניהם
4 = אף אחד מהם",,scale,"יניב שפירא:
1 = יצחק הרצוג
2 = בנימין נתניהו
3 = שניהם
4 = אף אחד מהם",unknown,unknown,,,scale,"1 = יצחק הרצוג
2 = בנימין נתניהו
3 = שניהם
4 = אף אחד מהם",,,,,,,,,,,,,,
תכונות,$H$45,"יניב שפירא:
1 = בנימין נתניהו
2 = ציפי לבני
3 = שלי יחימוביץ
4 = כולם
5 = אף אחד מהם",,scale,"יניב שפירא:
1 = בנימין נתניהו
2 = ציפי לבני
3 = שלי יחימוביץ
4 = כולם
5 = אף אחד מהם",unknown,unknown,,,scale,"1 = בנימין נתניהו
2 = ציפי לבני
3 = שלי יחימוביץ
4 = כולם
5 = אף אחד מהם",,,,,,,,,,,,,,
תכונות,$F$46,"יניב שפירא:
1 = בני גנץ
2 = בנימין נתניהו
3 = שניהם
4 = אף אחד מהם",,scale,"יניב שפירא:
1 = בני גנץ
2 = בנימין נתניהו
3 = שניהם
4 = אף אחד מהם",unknown,unknown,,,scale,"1 = בני גנץ
2 = בנימין נתניהו
3 = שניהם
4 = אף אחד מהם",,,,,,,,,,,,,,
תכונות,$G$46,"יניב שפירא:
1 = יצחק הרצוג
2 = בנימין נתניהו
3 = שניהם
4 = אף אחד מהם",,scale,"יניב שפירא:
1 = יצחק הרצוג
2 = בנימין נתניהו
3 = שניהם
4 = אף אחד מהם",unknown,unknown,,,scale,"1 = יצחק הרצוג
2 = בנימין נתניהו
3 = שניהם
4 = אף אחד מהם",,,,,,,,,,,,,,
תכונות,$H$46,"יניב שפירא:
1 = בנימין נתניהו
2 = ציפי לבני
3 = שלי יחימוביץ
4 = כולם
5 = אף אחד מהם",,scale,"יניב שפירא:
1 = בנימין נתניהו
2 = ציפי לבני
3 = שלי יחימוביץ
4 = כולם
5 = אף אחד מהם",unknown,unknown,,,scale,"1 = בנימין נתניהו
2 = ציפי לבני
3 = שלי יחימוביץ
4 = כולם
5 = אף אחד מהם",,,,,,,,,,,,,,
תכונות,$L$47,"יניב שפירא:
1 = ברק
2 = שרון
3 = לשניהם
4 = לאף אחד מהם",,scale,"יניב שפירא:
1 = ברק
2 = שרון
3 = לשניהם
4 = לאף אחד מהם",unknown,unknown,,,scale,"1 = ברק
2 = שרון
3 = לשניהם
4 = לאף אחד מהם",,,,,,,,,,,,,,
תכונות,$S$68,"יניב שפירא:
1 = צעירה
7 = זקנה",,scale,"יניב שפירא:
1 = צעירה
7 = זקנה",unknown,unknown,,,scale,"1 = צעירה
7 = זקנה",,,,,,,,,,,,,,
תכונות,$S$69,"יניב שפירא:
1 = חזקה
7 = חלשה",,scale,"יניב שפירא:
1 = חזקה
7 = חלשה",unknown,unknown,,,scale,"1 = חזקה
7 = חלשה",,,,,,,,,,,,,,
תכונות,$AE$69,"יניב שפירא:
1 = חזקה
7 = חלשה",,scale,"יניב שפירא:
1 = חזקה
7 = חלשה",unknown,unknown,,,scale,"1 = חזקה
7 = חלשה",,,,,,,,,,,,,,
תכונות,$S$70,"יניב שפירא:
1 = ימנית
7 = שמאלית",,scale,"יניב שפירא:
1 = ימנית
7 = שמאלית",unknown,unknown,,,scale,"1 = ימנית
7 = שמאלית",,,,,,,,,,,,,,
תכונות,$AE$70,"יניב שפירא:
1 = ימנית
7 = שמאלית",,scale,"יניב שפירא:
1 = ימנית
7 = שמאלית",unknown,unknown,,,scale,"1 = ימנית
7 = שמאלית",,,,,,,,,,,,,,
תכונות,$S$71,"יניב שפירא:
1 = מיושנת
7 = חדשנית",,scale,"יניב שפירא:
1 = מיושנת
7 = חדשנית",unknown,unknown,,,scale,"1 = מיושנת
7 = חדשנית",,,,,,,,,,,,,,
תכונות,$AE$71,"יניב שפירא:
1 = מיושנת
7 = חדשנית",,scale,"יניב שפירא:
1 = מיושנת
7 = חדשנית",unknown,unknown,,,scale,"1 = מיושנת
7 = חדשנית",,,,,,,,,,,,,,
תכונות,$S$72,"יניב שפירא:
1 = מעמד בינוני
2 = מעמד פועלים",,scale,"יניב שפירא:
1 = מעמד בינוני
2 = מעמד פועלים",unknown,unknown,,,scale,"1 = מעמד בינוני
2 = מעמד פועלים",,,,,,,,,,,,,,
תכונות,$AE$72,"יניב שפירא:
1 = מעמד בינוני
7 = מעמד פועלים",,scale,"יניב שפירא:
1 = מעמד בינוני
7 = מעמד פועלים",unknown,unknown,,,scale,"1 = מעמד בינוני
7 = מעמד פועלים",,,,,,,,,,,,,,
תכונות,$S$73,"יניב שפירא:
1 = ספרדית
7 = אשכנזית",,scale,"יניב שפירא:
1 = ספרדית
7 = אשכנזית",unknown,unknown,,,scale,"1 = ספרדית
7 = אשכנזית",,,,,,,,,,,,,,
תכונות,$S$74,"יניב שפירא:
1 = דואגת בעיקר לעצמה
7 = דואגת בעיקר לאזרחים",,scale,"יניב שפירא:
1 = דואגת בעיקר לעצמה
7 = דואגת בעיקר לאזרחים",unknown,unknown,,,scale,"1 = דואגת בעיקר לעצמה
7 = דואגת בעיקר לאזרחים",,,,,,,,,,,,,,
תכונות,$S$75,"יניב שפירא:
1 = חסרת ניסיון
7 = בעלת ניסיון",,scale,"יניב שפירא:
1 = חסרת ניסיון
7 = בעלת ניסיון",unknown,unknown,,,scale,"1 = חסרת ניסיון
7 = בעלת ניסיון",,,,,,,,,,,,,,
תכונות,$AE$75,"יניב שפירא:
1 = חסרת ניסיון
7 = בעלת ניסיון",,scale,"יניב שפירא:
1 = חסרת ניסיון
7 = בעלת ניסיון",unknown,unknown,,,scale,"1 = חסרת ניסיון
7 = בעלת ניסיון",,,,,,,,,,,,,,
תכונות,$S$76,"יניב שפירא:
1 = יונית
7 = ניצית",,scale,"יניב שפירא:
1 = יונית
7 = ניצית",unknown,unknown,,,scale,"1 = יונית
7 = ניצית",,,,,,,,,,,,,,
תכונות,$S$77,"יניב שפירא:
1 = צעירה
7 = זקנה",,scale,"יניב שפירא:
1 = צעירה
7 = זקנה",unknown,unknown,,,scale,"1 = צעירה
7 = זקנה",,,,,,,,,,,,,,
תכונות,$S$78,"יניב שפירא:
1 = חזקה
7 = חלשה",,scale,"יניב שפירא:
1 = חזקה
7 = חלשה",unknown,unknown,,,scale,"1 = חזקה
7 = חלשה",,,,,,,,,,,,,,
תכונות,$S$79,"יניב שפירא:
1 = ימנית
7 = שמאלית",,scale,"יניב שפירא:
1 = ימנית
7 = שמאלית",unknown,unknown,,,scale,"1 = ימנית
7 = שמאלית",,,,,,,,,,,,,,
תכונות,$S$80,"יניב שפירא:
1 = מיושנת
7 = חדשנית",,scale,"יניב שפירא:
1 = מיושנת
7 = חדשנית",unknown,unknown,,,scale,"1 = מיושנת
7 = חדשנית",,,,,,,,,,,,,,
תכונות,$S$81,"יניב שפירא:
1 = מעמד ביניים
7 = מעמד פועלים",,scale,"יניב שפירא:
1 = מעמד ביניים
7 = מעמד פועלים",unknown,unknown,,,scale,"1 = מעמד ביניים
7 = מעמד פועלים",,,,,,,,,,,,,,
תכונות,$S$82,"יניב שפירא:
1 = ספרדית
7 = אשכנזית",,scale,"יניב שפירא:
1 = ספרדית
7 = אשכנזית",unknown,unknown,,,scale,"1 = ספרדית
7 = אשכנזית",,,,,,,,,,,,,,
תכונות,$S$83,"יניב שפירא:
1 = דואגת בעיקר לעצמה
7 = דואגת בעיקר לאזרח",,scale,"יניב שפירא:
1 = דואגת בעיקר לעצמה
7 = דואגת בעיקר לאזרח",unknown,unknown,,,scale,"1 = דואגת בעיקר לעצמה
7 = דואגת בעיקר לאזרח",,,,,,,,,,,,,,
תכונות,$S$84,"יניב שפירא:
1 = ישרה
7 = מושחתת",,scale,"יניב שפירא:
1 = ישרה
7 = מושחתת",unknown,unknown,,,scale,"1 = ישרה
7 = מושחתת",,,,,,,,,,,,,,
תכונות,$S$85,"יניב שפירא:
1 = חסרת ניסיון
7 = בעלת ניסיון",,scale,"יניב שפירא:
1 = חסרת ניסיון
7 = בעלת ניסיון",unknown,unknown,,,scale,"1 = חסרת ניסיון
7 = בעלת ניסיון",,,,,,,,,,,,,,
תכונות,$S$86,"יניב שפירא:
1 = בלתי אמינה
7 = אמינה",,scale,"יניב שפירא:
1 = בלתי אמינה
7 = אמינה",unknown,unknown,,,scale,"1 = בלתי אמינה
7 = אמינה",,,,,,,,,,,,,,
תכונות,$S$87,"יניב שפירא:
1 = יונית
7 = ניצית",,scale,"יניב שפירא:
1 = יונית
7 = ניצית",unknown,unknown,,,scale,"1 = יונית
7 = ניצית",,,,,,,,,,,,,,
תכונות,$T$99,"יניב שפירא:
סולם 1-7
1 = חיובית
7 = שלילית",,scale,"יניב שפירא:
סולם 1-7
1 = חיובית
7 = שלילית",unknown,unknown,,,scale,"סולם 1-7
1 = חיובית
7 = שלילית",,,,,,,,,,,,,,
תכונות,$T$100,"יניב שפירא:
סולם 1-7
1 = קצרה
7 = ארוכה",,scale,"יניב שפירא:
סולם 1-7
1 = קצרה
7 = ארוכה",unknown,unknown,,,scale,"סולם 1-7
1 = קצרה
7 = ארוכה",,,,,,,,,,,,,,
תכונות,$T$101,"יניב שפירא:
סולם 1-7
1 = חינוכית
7 = בלתי חינוגית",,scale,"יניב שפירא:
סולם 1-7
1 = חינוכית
7 = בלתי חינוגית",unknown,unknown,,,scale,"סולם 1-7
1 = חינוכית
7 = בלתי חינוגית",,,,,,,,,,,,,,
תכונות,$T$102,"יניב שפירא:
סולם 1-7
1 = עוזרת להחליט
7 = לא עוזרת להחליט",,scale,"יניב שפירא:
סולם 1-7
1 = עוזרת להחליט
7 = לא עוזרת להחליט",unknown,unknown,,,scale,"סולם 1-7
1 = עוזרת להחליט
7 = לא עוזרת להחליט",,,,,,,,,,,,,,
תכונות,$T$103,"יניב שפירא:
סולם 1-7
1 = עוזרת להבין
7 = לא עוזר להבין",,scale,"יניב שפירא:
סולם 1-7
1 = עוזרת להבין
7 = לא עוזר להבין",unknown,unknown,,,scale,"סולם 1-7
1 = עוזרת להבין
7 = לא עוזר להבין",,,,,,,,,,,,,,
תכונות,$T$104,"יניב שפירא:
סולם 1-7
1 = עוזרת להכיר
7 = לא עוזרת להכיר",,scale,"יניב שפירא:
סולם 1-7
1 = עוזרת להכיר
7 = לא עוזרת להכיר",unknown,unknown,,,scale,"סולם 1-7
1 = עוזרת להכיר
7 = לא עוזרת להכיר",,,,,,,,,,,,,,
תכונות,$T$105,"יניב שפירא:
סולם 1-7
1 = מאחדת
7 = מפוררת",,scale,"יניב שפירא:
סולם 1-7
1 = מאחדת
7 = מפוררת",unknown,unknown,,,scale,"סולם 1-7
1 = מאחדת
7 = מפוררת",,,,,,,,,,,,,,
תכונות,$T$106,"יניב שפירא:
סולם 1-7
1 = עוזרת להכיר
7 = לא עוזרת להכיר",,scale,"יניב שפירא:
סולם 1-7
1 = עוזרת להכיר
7 = לא עוזרת להכיר",unknown,unknown,,,scale,"סולם 1-7
1 = עוזרת להכיר
7 = לא עוזרת להכיר",,,,,,,,,,,,,,
תכונות,$T$107,"יניב שפירא:
סולם 1-7
1 = נותנת תחושת שייכות
7 = לא נותנת",,scale,"יניב שפירא:
סולם 1-7
1 = נותנת תחושת שייכות
7 = לא נותנת",unknown,unknown,,,scale,"סולם 1-7
1 = נותנת תחושת שייכות
7 = לא נותנת",,,,,,,,,,,,,,
תכונות,$T$108,"יניב שפירא:
סולם 1-7
1 = בזבזנית
7 = שווה את ההשקעה",,scale,"יניב שפירא:
סולם 1-7
1 = בזבזנית
7 = שווה את ההשקעה",unknown,unknown,,,scale,"סולם 1-7
1 = בזבזנית
7 = שווה את ההשקעה",,,,,,,,,,,,,,
תכונות,$T$109,"יניב שפירא:
סולם 1-7
1 = גורלית
7 = לא משנה הרבה",,scale,"יניב שפירא:
סולם 1-7
1 = גורלית
7 = לא משנה הרבה",unknown,unknown,,,scale,"סולם 1-7
1 = גורלית
7 = לא משנה הרבה",,,,,,,,,,,,,,
תכונות,$T$110,"יניב שפירא:
סולם 1-7
1 = חשובה
7 = לא חשובה",,scale,"יניב שפירא:
סולם 1-7
1 = חשובה
7 = לא חשובה",unknown,unknown,,,scale,"סולם 1-7
1 = חשובה
7 = לא חשובה",,,,,,,,,,,,,,
תכונות,$T$111,"יניב שפירא:
סולם 1-7
1 = חזקה
7 = חלשה",,scale,"יניב שפירא:
סולם 1-7
1 = חזקה
7 = חלשה",unknown,unknown,,,scale,"סולם 1-7
1 = חזקה
7 = חלשה",,,,,,,,,,,,,,
תכונות,$T$112,"יניב שפירא:
סולם 1-7
1 = נותנת תקווה
7 = נותנת ייאוש",,scale,"יניב שפירא:
סולם 1-7
1 = נותנת תקווה
7 = נותנת ייאוש",unknown,unknown,,,scale,"סולם 1-7
1 = נותנת תקווה
7 = נותנת ייאוש",,,,,,,,,,,,,,
תכונות,$T$113,"יניב שפירא:
סולם 1-7
1 = צודקת
7 = לא צודקת",,scale,"יניב שפירא:
סולם 1-7
1 = צודקת
7 = לא צודקת",unknown,unknown,,,scale,"סולם 1-7
1 = צודקת
7 = לא צודקת",,,,,,,,,,,,,,
תכונות,$T$114,"יניב שפירא:
סולם 1-7
1 = רוצה לחיות
7 = לא רוצה לחיות בו",,scale,"יניב שפירא:
סולם 1-7
1 = רוצה לחיות
7 = לא רוצה לחיות בו",unknown,unknown,,,scale,"סולם 1-7
1 = רוצה לחיות
7 = לא רוצה לחיות בו",,,,,,,,,,,,,,
תכונות,$T$115,"יניב שפירא:
סולם 1-7
1 = חייבים לעלות
7 = לא חייבים לעלות",,scale,"יניב שפירא:
סולם 1-7
1 = חייבים לעלות
7 = לא חייבים לעלות",unknown,unknown,,,scale,"סולם 1-7
1 = חייבים לעלות
7 = לא חייבים לעלות",,,,,,,,,,,,,,
תכונות,$T$116,"יניב שפירא:
סולם 1-7
1 = דמוקרטית
7 = לא דמוקרטית",,scale,"יניב שפירא:
סולם 1-7
1 = דמוקרטית
7 = לא דמוקרטית",unknown,unknown,,,scale,"סולם 1-7
1 = דמוקרטית
7 = לא דמוקרטית",,,,,,,,,,,,,,
תכונות,$T$117,"יניב שפירא:
סולם 1-7
1 = יש בה צדק חברתי
7 = אין בה צדק חברתי",,scale,"יניב שפירא:
סולם 1-7
1 = יש בה צדק חברתי
7 = אין בה צדק חברתי",unknown,unknown,,,scale,"סולם 1-7
1 = יש בה צדק חברתי
7 = אין בה צדק חברתי",,,,,,,,,,,,,,
תכונות,$T$118,"יניב שפירא:
סולם 1-7
1 = מוכנה לחיות בשכנות
7 = לא מוכנה לחיות בשכנות",,scale,"יניב שפירא:
סולם 1-7
1 = מוכנה לחיות בשכנות
7 = לא מוכנה לחיות בשכנות",unknown,unknown,,,scale,"סולם 1-7
1 = מוכנה לחיות בשכנות
7 = לא מוכנה לחיות בשכנות",,,,,,,,,,,,,,
תכונות,$T$119,"יניב שפירא:
סולם 1-7
1 = שלום
7 = מלחמה",,scale,"יניב שפירא:
סולם 1-7
1 = שלום
7 = מלחמה",unknown,unknown,,,scale,"סולם 1-7
1 = שלום
7 = מלחמה",,,,,,,,,,,,,,
תכונות,$T$120,"יניב שפירא:
סולם 1-7
1 = התגשמות החלום
7 = לא התגשמות החלום",,scale,"יניב שפירא:
סולם 1-7
1 = התגשמות החלום
7 = לא התגשמות החלום",unknown,unknown,,,scale,"סולם 1-7
1 = התגשמות החלום
7 = לא התגשמות החלום",,,,,,,,,,,,,,
תכונות,$U$121,"יניב שפירא:
1 = משכנע במידה רבה
2 = במידה מסויימת
3 = במידה מועטה
4 = כלל לא משכנע",,scale,"יניב שפירא:
1 = משכנע במידה רבה
2 = במידה מסויימת
3 = במידה מועטה
4 = כלל לא משכנע",unknown,unknown,,,scale,"1 = משכנע במידה רבה
2 = במידה מסויימת
3 = במידה מועטה
4 = כלל לא משכנע",,,,,,,,,,,,,,
תכונות,$V$128,"יניב שפירא:
1 = משכנע במידה רבה
2 = במידה מסויימת
3 = במידה מועטה
4 = כלל לא משכנע",,scale,"יניב שפירא:
1 = משכנע במידה רבה
2 = במידה מסויימת
3 = במידה מועטה
4 = כלל לא משכנע",unknown,unknown,,,scale,"1 = משכנע במידה רבה
2 = במידה מסויימת
3 = במידה מועטה
4 = כלל לא משכנע",,,,,,,,,,,,,,
תכונות,$Z$134,"יניב שפירא:
במקום דיין, מפלגת ד""ש (יגאל ידין)",יניב שפירא,scale,"במקום דיין, מפלגת ד""ש (יגאל ידין)",unknown,unknown,,,scale,"במקום דיין, מפלגת ד""ש (יגאל ידין)",,,,,,,,,,,,,,
תכונות,$AA$143,"יניב שפירא:
1 = מקום ראשון
2 = מקום שני
3 = מקום שלישי
5 = לא הוזכר
7 = מקום לפני אחרון
8 = מקום אחרון",,scale,"יניב שפירא:
1 = מקום ראשון
2 = מקום שני
3 = מקום שלישי
5 = לא הוזכר
7 = מקום לפני אחרון
8 = מקום אחרון",unknown,unknown,,,scale,"1 = מקום ראשון
2 = מקום שני
3 = מקום שלישי
5 = לא הוזכר
7 = מקום לפני אחרון
8 = מקום אחרון",,,,,,,,,,,,,,
תכונות,$Z$189,"יניב שפירא:
1 = משכנע במידה רבה
2 = במידה מסויימת
3 = במידה מועטה
4 = לא משכנע כלל",,scale,"יניב שפירא:
1 = משכנע במידה רבה
2 = במידה מסויימת
3 = במידה מועטה
4 = לא משכנע כלל",unknown,unknown,,,scale,"1 = משכנע במידה רבה
2 = במידה מסויימת
3 = במידה מועטה
4 = לא משכנע כלל",,,,,,,,,,,,,,
תכונות,$T$205,"יניב שפירא:
סולם 1-7
1 = תועלת
7 = נזק",,scale,"יניב שפירא:
סולם 1-7
1 = תועלת
7 = נזק",unknown,unknown,,,scale,"סולם 1-7
1 = תועלת
7 = נזק",,,,,,,,,,,,,,
תכונות,$T$206,"יניב שפירא:
סולם 1-7
1 = שקול
7 = לא שקול",,scale,"יניב שפירא:
סולם 1-7
1 = שקול
7 = לא שקול",unknown,unknown,,,scale,"סולם 1-7
1 = שקול
7 = לא שקול",,,,,,,,,,,,,,
תכונות,$T$207,"יניב שפירא:
סולם 1-7
1 = יציב
7 = לא יציב",,scale,"יניב שפירא:
סולם 1-7
1 = יציב
7 = לא יציב",unknown,unknown,,,scale,"סולם 1-7
1 = יציב
7 = לא יציב",,,,,,,,,,,,,,
תכונות,$T$208,"יניב שפירא:
סולם 1-7
1 = עבר זמנו
7 = לא עבר זמנו",,scale,"יניב שפירא:
סולם 1-7
1 = עבר זמנו
7 = לא עבר זמנו",unknown,unknown,,,scale,"סולם 1-7
1 = עבר זמנו
7 = לא עבר זמנו",,,,,,,,,,,,,,
תכונות,$T$209,"יניב שפירא:
סולם 1-7
1 = גרוע
7 = מצוין",,scale,"יניב שפירא:
סולם 1-7
1 = גרוע
7 = מצוין",unknown,unknown,,,scale,"סולם 1-7
1 = גרוע
7 = מצוין",,,,,,,,,,,,,,
תכונות,$T$210,"יניב שפירא:
סולם 1-7
1 = גרוע
7 = מצוין",,scale,"יניב שפירא:
סולם 1-7
1 = גרוע
7 = מצוין",unknown,unknown,,,scale,"סולם 1-7
1 = גרוע
7 = מצוין",,,,,,,,,,,,,,
תכונות,$T$211,"יניב שפירא:
סולם 1-7
1 = נתון
7 = לא נתון",,scale,"יניב שפירא:
סולם 1-7
1 = נתון
7 = לא נתון",unknown,unknown,,,scale,"סולם 1-7
1 = נתון
7 = לא נתון",,,,,,,,,,,,,,
תכונות,$T$212,"יניב שפירא:
סולם 1-7
1 = אינה מאפשרת
7 = מאפשרת",,scale,"יניב שפירא:
סולם 1-7
1 = אינה מאפשרת
7 = מאפשרת",unknown,unknown,,,scale,"סולם 1-7
1 = אינה מאפשרת
7 = מאפשרת",,,,,,,,,,,,,,
תכונות,$T$213,"יניב שפירא:
סולם 1-7
1 = הרפתקן
7 = שקול ונבון",,scale,"יניב שפירא:
סולם 1-7
1 = הרפתקן
7 = שקול ונבון",unknown,unknown,,,scale,"סולם 1-7
1 = הרפתקן
7 = שקול ונבון",,,,,,,,,,,,,,
תכונות,$T$214,"יניב שפירא:
סולם 1-7
1 = אופוזיציה
7 = שלטון",,scale,"יניב שפירא:
סולם 1-7
1 = אופוזיציה
7 = שלטון",unknown,unknown,,,scale,"סולם 1-7
1 = אופוזיציה
7 = שלטון",,,,,,,,,,,,,,
תכונות,$U$215,"יניב שפירא:
סולם 1-7
1 = חזק
7 = חלש",,scale,"יניב שפירא:
סולם 1-7
1 = חזק
7 = חלש",unknown,unknown,,,scale,"סולם 1-7
1 = חזק
7 = חלש",,,,,,,,,,,,,,
תכונות,$V$215,"יניב שפירא:
סולם 1-6",יניב שפירא,unknown,סולם 1-6,unknown,unknown,specialScale,even scale,specialScale,סולם 1-6,,,,,,,,,,,,,,
תכונות,$U$216,"יניב שפירא:
סולם 1-7
1 = יכול לעבוד בצוות
7 = לא יכול",,scale,"יניב שפירא:
סולם 1-7
1 = יכול לעבוד בצוות
7 = לא יכול",unknown,unknown,,,scale,"סולם 1-7
1 = יכול לעבוד בצוות
7 = לא יכול",,,,,,,,,,,,,,
תכונות,$U$217,"יניב שפירא:
סולם 1-7
1 = ישר
7 = לא ישר",,scale,"יניב שפירא:
סולם 1-7
1 = ישר
7 = לא ישר",unknown,unknown,,,scale,"סולם 1-7
1 = ישר
7 = לא ישר",,,,,,,,,,,,,,
תכונות,$U$218,"יניב שפירא:
סולם 1-7
1 = בעל כושר החלטה
7 = חסר כושר החלטה",,scale,"יניב שפירא:
סולם 1-7
1 = בעל כושר החלטה
7 = חסר כושר החלטה",unknown,unknown,,,scale,"סולם 1-7
1 = בעל כושר החלטה
7 = חסר כושר החלטה",,,,,,,,,,,,,,
תכונות,$U$219,"יניב שפירא:
סולם 1-7
1 = יכול לעמוד
7 = לא יכול לעמוד",,scale,"יניב שפירא:
סולם 1-7
1 = יכול לעמוד
7 = לא יכול לעמוד",unknown,unknown,,,scale,"סולם 1-7
1 = יכול לעמוד
7 = לא יכול לעמוד",,,,,,,,,,,,,,
תכונות,$V$220,"יניב שפירא:
סולם 1-6",יניב שפירא,unknown,סולם 1-6,unknown,unknown,specialScale,even scale,specialScale,סולם 1-6,,,,,,,,,,,,,,
תכונות,$U$225,"יניב שפירא:
סולם 1-7
1 = אמין בהופעתו
7 = בלתי אמין",,scale,"יניב שפירא:
סולם 1-7
1 = אמין בהופעתו
7 = בלתי אמין",unknown,unknown,,,scale,"סולם 1-7
1 = אמין בהופעתו
7 = בלתי אמין",,,,,,,,,,,,,,
תכונות,$U$226,"יניב שפירא:
סולם 1-7
1 = חלקלק
7 = דוגרי",,scale,"יניב שפירא:
סולם 1-7
1 = חלקלק
7 = דוגרי",unknown,unknown,,,scale,"סולם 1-7
1 = חלקלק
7 = דוגרי",,,,,,,,,,,,,,
תכונות,$U$227,"יניב שפירא:
סולם 1-7
1 = עייף
7 = רענן",,scale,"יניב שפירא:
סולם 1-7
1 = עייף
7 = רענן",unknown,unknown,,,scale,"סולם 1-7
1 = עייף
7 = רענן",,,,,,,,,,,,,,
תכונות,$V$228,"יניב שפירא:
סולם 1-6",יניב שפירא,unknown,סולם 1-6,unknown,unknown,specialScale,even scale,specialScale,סולם 1-6,,,,,,,,,,,,,,
תכונות,$AC$233,"יניב שפירא:
1 = גולדה
2 = דיין
3 = בגין
4 = פנחס ספיר
5 = אבא אבן
6 = חיים בר-לב
7 = יגאל אלון
8 = אחר מהקואליציה
9 = אחר מהאופוזיציה",,scale,"יניב שפירא:
1 = גולדה
2 = דיין
3 = בגין
4 = פנחס ספיר
5 = אבא אבן
6 = חיים בר-לב
7 = יגאל אלון
8 = אחר מהקואליציה
9 = אחר מהאופוזיציה",unknown,unknown,,,scale,"1 = גולדה
2 = דיין
3 = בגין
4 = פנחס ספיר
5 = אבא אבן
6 = חיים בר-לב
7 = יגאל אלון
8 = אחר מהקואליציה
9 = אחר מהאופוזיציה",,,,,,,,,,,,,,
תכונות,$AC$234,"יניב שפירא:
1 = דיין
2 = בר-לב
3 = שרון
4 = רבין
5 = אהרון יריב
6 = עזר וייצמן
7 = יגאל אלון
8 = אחר מהקואליציה
9 = אחר מהאופוזיציה",,scale,"יניב שפירא:
1 = דיין
2 = בר-לב
3 = שרון
4 = רבין
5 = אהרון יריב
6 = עזר וייצמן
7 = יגאל אלון
8 = אחר מהקואליציה
9 = אחר מהאופוזיציה",unknown,unknown,,,scale,"1 = דיין
2 = בר-לב
3 = שרון
4 = רבין
5 = אהרון יריב
6 = עזר וייצמן
7 = יגאל אלון
8 = אחר מהקואליציה
9 = אחר מהאופוזיציה",,,,,,,,,,,,,,
תכונות,$AC$235,"יניב שפירא:
1 = אבא אבן
2 = פרס
3 = אהרון יריב
4 = יגאל אלון
5 = בגין
6 = רבין
7 = אחר מהקואליציה
8 = אחר מהאופוזיציה",,scale,"יניב שפירא:
1 = אבא אבן
2 = פרס
3 = אהרון יריב
4 = יגאל אלון
5 = בגין
6 = רבין
7 = אחר מהקואליציה
8 = אחר מהאופוזיציה",unknown,unknown,,,scale,"1 = אבא אבן
2 = פרס
3 = אהרון יריב
4 = יגאל אלון
5 = בגין
6 = רבין
7 = אחר מהקואליציה
8 = אחר מהאופוזיציה",,,,,,,,,,,,,,
הצבעה,$D$2,"יניב שפירא:
1 = הזדהות עם המפלגה
2 = ראש המפלגה
3 = מועמדי המפלגה לכנסת
4 = עמדות המפלגה בנושאים מסוימים
5 = מקומה של המפלגה בשלטון או באופוזיציה",,scale,"יניב שפירא:
1 = הזדהות עם המפלגה
2 = ראש המפלגה
3 = מועמדי המפלגה לכנסת
4 = עמדות המפלגה בנושאים מסוימים
5 = מקומה של המפלגה בשלטון או באופוזיציה",unknown,unknown,,,scale,"1 = הזדהות עם המפלגה
2 = ראש המפלגה
3 = מועמדי המפלגה לכנסת
4 = עמדות המפלגה בנושאים מסוימים
5 = מקומה של המפלגה בשלטון או באופוזיציה",,,,,,,,,,,,,,
הצבעה,$I$2,"יניב שפירא:
1 = הזדהות עם המפלגה
2 = מועמדי המפלגה לכנסת
3 = עמדת המפלגה בנושאים מסוימים
4 = מקומה של המפלגה בשלטון או באופוזיציה",,scale,"יניב שפירא:
1 = הזדהות עם המפלגה
2 = מועמדי המפלגה לכנסת
3 = עמדת המפלגה בנושאים מסוימים
4 = מקומה של המפלגה בשלטון או באופוזיציה",unknown,unknown,,,scale,"1 = הזדהות עם המפלגה
2 = מועמדי המפלגה לכנסת
3 = עמדת המפלגה בנושאים מסוימים
4 = מקומה של המפלגה בשלטון או באופוזיציה",,,,,,,,,,,,,,
הצבעה,$V$2,"יניב שפירא:
1 = הזדהות עם המפלגה
2 = מועמד המפלגה
3 = עמדות המפלגה בנושאים מסויימים
4 = סיכויי המפלגה להגיע לשלטון",,scale,"יניב שפירא:
1 = הזדהות עם המפלגה
2 = מועמד המפלגה
3 = עמדות המפלגה בנושאים מסויימים
4 = סיכויי המפלגה להגיע לשלטון",unknown,unknown,,,scale,"1 = הזדהות עם המפלגה
2 = מועמד המפלגה
3 = עמדות המפלגה בנושאים מסויימים
4 = סיכויי המפלגה להגיע לשלטון",,,,,,,,,,,,,,
הצבעה,$W$2,"יניב שפירא:
1 = שידורי התעמולה בטלוויזיה
2 = שידורי התעמולה ברדיו
3 = המודעות בעיתונים
4 = המודעות ברחוב
5 = חוגי בית
6 = אספות
7 = שיחות עם חברים קרובים
8 = אחר או צירוף גורמים
9 = אף אחד מהם",,scale,"יניב שפירא:
1 = שידורי התעמולה בטלוויזיה
2 = שידורי התעמולה ברדיו
3 = המודעות בעיתונים
4 = המודעות ברחוב
5 = חוגי בית
6 = אספות
7 = שיחות עם חברים קרובים
8 = אחר או צירוף גורמים
9 = אף אחד מהם",unknown,unknown,,,scale,"1 = שידורי התעמולה בטלוויזיה
2 = שידורי התעמולה ברדיו
3 = המודעות בעיתונים
4 = המודעות ברחוב
5 = חוגי בית
6 = אספות
7 = שיחות עם חברים קרובים
8 = אחר או צירוף גורמים
9 = אף אחד מהם",,,,,,,,,,,,,,
הצבעה,$Z$2,"יניב שפירא:
1 = הזדהות עם המפלגה
2 = מועמד המפלגה
3 = עמדות המפלגה בנושאים מסויימים
4 = מקומה של במפלגה בקואליציה/אופוזיציה",,scale,"יניב שפירא:
1 = הזדהות עם המפלגה
2 = מועמד המפלגה
3 = עמדות המפלגה בנושאים מסויימים
4 = מקומה של במפלגה בקואליציה/אופוזיציה",unknown,unknown,,,scale,"1 = הזדהות עם המפלגה
2 = מועמד המפלגה
3 = עמדות המפלגה בנושאים מסויימים
4 = מקומה של במפלגה בקואליציה/אופוזיציה",,,,,,,,,,,,,,
הצבעה,$AC$2,"יניב שפירא:
שאלה פתוחה",יניב שפירא,unknown,שאלה פתוחה,unknown,open,,,open,שאלה פתוחה,,,,,,,,,,,,,,
הצבעה,$L$3,"יניב שפירא:
1 = התכונות של המועמד
2 = הזדהות עם המפלגה שלו
3 = הזדהות עם המחנה שלו
4 = העמדות של המועמד בנושאים שונים
5 = היותו בשלטון או באופוזיציה",,scale,"יניב שפירא:
1 = התכונות של המועמד
2 = הזדהות עם המפלגה שלו
3 = הזדהות עם המחנה שלו
4 = העמדות של המועמד בנושאים שונים
5 = היותו בשלטון או באופוזיציה",unknown,unknown,,,scale,"1 = התכונות של המועמד
2 = הזדהות עם המפלגה שלו
3 = הזדהות עם המחנה שלו
4 = העמדות של המועמד בנושאים שונים
5 = היותו בשלטון או באופוזיציה",,,,,,,,,,,,,,
הצבעה,$N$3,"יניב שפירא:
1 = התכונות של המועמד
2 = הזדהות עם המפלגה שלו
3 = העמדות של המועמד בנושאים שונים
4 = היותו בשלטון או באופוזיציה",,scale,"יניב שפירא:
1 = התכונות של המועמד
2 = הזדהות עם המפלגה שלו
3 = העמדות של המועמד בנושאים שונים
4 = היותו בשלטון או באופוזיציה",unknown,unknown,,,scale,"1 = התכונות של המועמד
2 = הזדהות עם המפלגה שלו
3 = העמדות של המועמד בנושאים שונים
4 = היותו בשלטון או באופוזיציה",,,,,,,,,,,,,,
הצבעה,$AF$4,"יניב שפירא:
1 = יש גורם אחד הרבה יותר חשוב מהשאר
2 = יש גורם אחד קצת יותר חשוב מהשאר
3 = כל הגורמים חשובים באותה מידה
4 = אף אחד מהגורמים לא חשוב",,scale,"יניב שפירא:
1 = יש גורם אחד הרבה יותר חשוב מהשאר
2 = יש גורם אחד קצת יותר חשוב מהשאר
3 = כל הגורמים חשובים באותה מידה
4 = אף אחד מהגורמים לא חשוב",unknown,unknown,,,scale,"1 = יש גורם אחד הרבה יותר חשוב מהשאר
2 = יש גורם אחד קצת יותר חשוב מהשאר
3 = כל הגורמים חשובים באותה מידה
4 = אף אחד מהגורמים לא חשוב",,,,,,,,,,,,,,
הצבעה,$D$5,"יניב שפירא:
1 = כלל לא ישפיע
2 = ישפיע במידה מועטה בלבד
3 = ישפיע במידה מסוימת
4 = ישפיע במידה רבה",,scale,"יניב שפירא:
1 = כלל לא ישפיע
2 = ישפיע במידה מועטה בלבד
3 = ישפיע במידה מסוימת
4 = ישפיע במידה רבה",unknown,unknown,,,scale,"1 = כלל לא ישפיע
2 = ישפיע במידה מועטה בלבד
3 = ישפיע במידה מסוימת
4 = ישפיע במידה רבה",,,,,,,,,,,,,,
הצבעה,$AD$5,"יניב שפירא:
1 = במידה רבה
2 = במידה מסוימת
3 = במידה מועטה
4 = לא ישפיע כלל",,scale,"יניב שפירא:
1 = במידה רבה
2 = במידה מסוימת
3 = במידה מועטה
4 = לא ישפיע כלל",unknown,unknown,,,scale,"1 = במידה רבה
2 = במידה מסוימת
3 = במידה מועטה
4 = לא ישפיע כלל",,,,,,,,,,,,,,
הצבעה,$H$6,"יניב שפירא:
1 = ישפיע במידה רבה
2 = ישפיע במידה מסויימת
3 = ישפיע במידה מועטה בלבד
4 = כלל לא ישפיע",,scale,"יניב שפירא:
1 = ישפיע במידה רבה
2 = ישפיע במידה מסויימת
3 = ישפיע במידה מועטה בלבד
4 = כלל לא ישפיע",unknown,unknown,,,scale,"1 = ישפיע במידה רבה
2 = ישפיע במידה מסויימת
3 = ישפיע במידה מועטה בלבד
4 = כלל לא ישפיע",,,,,,,,,,,,,,
הצבעה,$M$6,"יניב שפירא:
1 = כלל לא ישפיע
2 = במידה מועטה
3 = במידה מסוימת
4 = במידה רבה",,scale,"יניב שפירא:
1 = כלל לא ישפיע
2 = במידה מועטה
3 = במידה מסוימת
4 = במידה רבה",unknown,unknown,,,scale,"1 = כלל לא ישפיע
2 = במידה מועטה
3 = במידה מסוימת
4 = במידה רבה",,,,,,,,,,,,,,
הצבעה,$N$6,"יניב שפירא:
1 = במידה רבה
2 = במידה בינונית
3 = במידה מועטה בלבד
4 = לא ישפיע כלל",,scale,"יניב שפירא:
1 = במידה רבה
2 = במידה בינונית
3 = במידה מועטה בלבד
4 = לא ישפיע כלל",unknown,unknown,,,scale,"1 = במידה רבה
2 = במידה בינונית
3 = במידה מועטה בלבד
4 = לא ישפיע כלל",,,,,,,,,,,,,,
הצבעה,$O$6,"יניב שפירא:
1 = ישפיע במידה רבה
2 = במידה מסוימת
3 = במידה מועטה
4 = לא ישפיע כלל",,scale,"יניב שפירא:
1 = ישפיע במידה רבה
2 = במידה מסוימת
3 = במידה מועטה
4 = לא ישפיע כלל",unknown,unknown,,,scale,"1 = ישפיע במידה רבה
2 = במידה מסוימת
3 = במידה מועטה
4 = לא ישפיע כלל",,,,,,,,,,,,,,
הצבעה,$Z$6,"יניב שפירא:
1 = במידה רבה
2 = במידה מסויימת
3 = במידה מועטה
4 = כלל לא",,scale,"יניב שפירא:
1 = במידה רבה
2 = במידה מסויימת
3 = במידה מועטה
4 = כלל לא",unknown,unknown,,,scale,"1 = במידה רבה
2 = במידה מסויימת
3 = במידה מועטה
4 = כלל לא",,,,,,,,,,,,,,
הצבעה,$H$7,"יניב שפירא:
1 = ישפיע במידה רבה
2 = ישפיע במידה מסויימת
3 = ישפיע במידה מועטה בלבד
4 = כלל לא ישפיע",,scale,"יניב שפירא:
1 = ישפיע במידה רבה
2 = ישפיע במידה מסויימת
3 = ישפיע במידה מועטה בלבד
4 = כלל לא ישפיע",unknown,unknown,,,scale,"1 = ישפיע במידה רבה
2 = ישפיע במידה מסויימת
3 = ישפיע במידה מועטה בלבד
4 = כלל לא ישפיע",,,,,,,,,,,,,,
הצבעה,$H$8,"יניב שפירא:
1 = ישפיע במידה רבה
2 = ישפיע במידה מסויימת
3 = ישפיע במידה מועטה בלבד
4 = כלל לא ישפיע",,scale,"יניב שפירא:
1 = ישפיע במידה רבה
2 = ישפיע במידה מסויימת
3 = ישפיע במידה מועטה בלבד
4 = כלל לא ישפיע",unknown,unknown,,,scale,"1 = ישפיע במידה רבה
2 = ישפיע במידה מסויימת
3 = ישפיע במידה מועטה בלבד
4 = כלל לא ישפיע",,,,,,,,,,,,,,
הצבעה,$C$9,"adi:
שלום וביטחון",adi,unknown,שלום וביטחון,unknown,unknown,rephrase,,rephrase,שלום וביטחון,,,,,,,,,,,,,,
הצבעה,$Q$9,"יניב שפירא:
1 = ישפיע במידה רבה
2 = במידה מסוימת
3 = במידה מועטה
4 = לא ישפיע כלל",,scale,"יניב שפירא:
1 = ישפיע במידה רבה
2 = במידה מסוימת
3 = במידה מועטה
4 = לא ישפיע כלל",unknown,unknown,,,scale,"1 = ישפיע במידה רבה
2 = במידה מסוימת
3 = במידה מועטה
4 = לא ישפיע כלל",,,,,,,,,,,,,,
הצבעה,$Z$9,"יניב שפירא:
1 = במידה רבה
2 = במידה מסויימת
3 = במידה מועטה
4 = כלל לא",,scale,"יניב שפירא:
1 = במידה רבה
2 = במידה מסויימת
3 = במידה מועטה
4 = כלל לא",unknown,unknown,,,scale,"1 = במידה רבה
2 = במידה מסויימת
3 = במידה מועטה
4 = כלל לא",,,,,,,,,,,,,,
הצבעה,$AD$9,"יניב שפירא:
1 = במידה רבה
2 = במידה מסוימת
3 = במידה מועטה
4 = כלל לא",,scale,"יניב שפירא:
1 = במידה רבה
2 = במידה מסוימת
3 = במידה מועטה
4 = כלל לא",unknown,unknown,,,scale,"1 = במידה רבה
2 = במידה מסוימת
3 = במידה מועטה
4 = כלל לא",,,,,,,,,,,,,,
הצבעה,$M$10,"יניב שפירא:
מפוצל לשאלה על ""בטחון"" ושאלה על ""טרור""
* טרור מקבל כאן i30",,scale,"יניב שפירא:
מפוצל לשאלה על ""בטחון"" ושאלה על ""טרור""
* טרור מקבל כאן i30",unknown,unknown,,,scale,"מפוצל לשאלה על ""בטחון"" ושאלה על ""טרור""
* טרור מקבל כאן i30",,,,,,,,,,,,,,
הצבעה,$P$10,"יניב שפירא:
1 = ישפיע במידה רבה
2 = במידה מסוימת
3 = במידה מועטה
4 = לא ישפיע כלל",,scale,"יניב שפירא:
1 = ישפיע במידה רבה
2 = במידה מסוימת
3 = במידה מועטה
4 = לא ישפיע כלל",unknown,unknown,,,scale,"1 = ישפיע במידה רבה
2 = במידה מסוימת
3 = במידה מועטה
4 = לא ישפיע כלל",,,,,,,,,,,,,,
הצבעה,$T$10,"יניב שפירא:
1 = ישפיע במידה רבה
2 = במידה מסויימת
3 = במידה מועטה
4 = לא ישפיע כלל",,scale,"יניב שפירא:
1 = ישפיע במידה רבה
2 = במידה מסויימת
3 = במידה מועטה
4 = לא ישפיע כלל",unknown,unknown,,,scale,"1 = ישפיע במידה רבה
2 = במידה מסויימת
3 = במידה מועטה
4 = לא ישפיע כלל",,,,,,,,,,,,,,
הצבעה,$Z$11,"יניב שפירא:
1 = במידה רבה
2 = במידה מסוימת
3 = במידה מועטה
4 = כלל לא ישפיע",,scale,"יניב שפירא:
1 = במידה רבה
2 = במידה מסוימת
3 = במידה מועטה
4 = כלל לא ישפיע",unknown,unknown,,,scale,"1 = במידה רבה
2 = במידה מסוימת
3 = במידה מועטה
4 = כלל לא ישפיע",,,,,,,,,,,,,,
הצבעה,$I$15,"יניב שפירא:
1 = ישפיע במידה רבה
2 = ישפיע במידה מסוימת
3 = ישפיע במידה מועטה בלבד
4 = כלל לא ישפיע",,scale,"יניב שפירא:
1 = ישפיע במידה רבה
2 = ישפיע במידה מסוימת
3 = ישפיע במידה מועטה בלבד
4 = כלל לא ישפיע",unknown,unknown,,,scale,"1 = ישפיע במידה רבה
2 = ישפיע במידה מסוימת
3 = ישפיע במידה מועטה בלבד
4 = כלל לא ישפיע",,,,,,,,,,,,,,
הצבעה,$N$16,"יניב שפירא:
מבצע ""ענבי זעם""",יניב שפירא,unknown,"מבצע ""ענבי זעם""",unknown,unknown,rephrase,,rephrase,"מבצע ""ענבי זעם""",,,,,,,,,,,,,,
הצבעה,$I$20,"יניב שפירא:
1 = התהליך המדיני עם הפלסטינים ועם סוריה
2 = המצב הביטחוני
3 = המצב הכלכלי חברתי
4 = יחסי דתיים חילונים
5 = שחיתות ושלטון החוק
6 = האחדות בעם
7 = אחר",,scale,"יניב שפירא:
1 = התהליך המדיני עם הפלסטינים ועם סוריה
2 = המצב הביטחוני
3 = המצב הכלכלי חברתי
4 = יחסי דתיים חילונים
5 = שחיתות ושלטון החוק
6 = האחדות בעם
7 = אחר",unknown,unknown,,,scale,"1 = התהליך המדיני עם הפלסטינים ועם סוריה
2 = המצב הביטחוני
3 = המצב הכלכלי חברתי
4 = יחסי דתיים חילונים
5 = שחיתות ושלטון החוק
6 = האחדות בעם
7 = אחר",,,,,,,,,,,,,,
הצבעה,$D$21,"יניב שפירא:
1 = הליכוד (בנימין נתניהו)
2 = כחול-לבן (בני גנץ)
3 = העבודה-גשר-מרצ (עמיר פרץ)
4 = ימינה (נפתלי בנט)
5 = עוצמה יהודית (איתמר בן גביר)
7 = יהדות התורה והשבת ואגודת דגל התורה
8 = ש""ס
9 = ישראל ביתנו (אביגדור ליברמן)
11 = הרשימה המשותפת
30 = אחר
94 = לא מתכוון להצביע
96 = פתק לבן
97 = לא החליט/מתלבט
98 = לא יודע
99 = מסרב להשיב",,scale,"יניב שפירא:
1 = הליכוד (בנימין נתניהו)
2 = כחול-לבן (בני גנץ)
3 = העבודה-גשר-מרצ (עמיר פרץ)
4 = ימינה (נפתלי בנט)
5 = עוצמה יהודית (איתמר בן גביר)
7 = יהדות התורה והשבת ואגודת דגל התורה
8 = ש""ס
9 = ישראל ביתנו (אביגדור ליברמן)
11 = הרשימה המשותפת
30 = אחר
94 = לא מתכוון להצביע
96 = פתק לבן
97 = לא החליט/מתלבט
98 = לא יודע
99 = מסרב להשיב",unknown,unknown,,,scale,"1 = הליכוד (בנימין נתניהו)
2 = כחול-לבן (בני גנץ)
3 = העבודה-גשר-מרצ (עמיר פרץ)
4 = ימינה (נפתלי בנט)
5 = עוצמה יהודית (איתמר בן גביר)
7 = יהדות התורה והשבת ואגודת דגל התורה
8 = ש""ס
9 = ישראל ביתנו (אביגדור ליברמן)
11 = הרשימה המשותפת
30 = אחר
94 = לא מתכוון להצביע
96 = פתק לבן
97 = לא החליט/מתלבט
98 = לא יודע
99 = מסרב להשיב",,,,,,,,,,,,,,
הצבעה,$E$21,"יניב שפירא:
1 = הליכוד
2 = כחול-לבן
3 = העבודה-גשר
5 = ימינה/הימין המאוחד
6 = המחנה הדמוקרטי
7 = יהדות התורה
8 = ש""ס
9 = ישראל ביתנו
11 = הרשימה המשותפת
19 = עוצמה יהודית
30 = אחר
94 = לא מתכוון להצביע
96 = פתק לבן
97 = מתלבט
98 = לא יודע
99 = מסרב",,scale,"יניב שפירא:
1 = הליכוד
2 = כחול-לבן
3 = העבודה-גשר
5 = ימינה/הימין המאוחד
6 = המחנה הדמוקרטי
7 = יהדות התורה
8 = ש""ס
9 = ישראל ביתנו
11 = הרשימה המשותפת
19 = עוצמה יהודית
30 = אחר
94 = לא מתכוון להצביע
96 = פתק לבן
97 = מתלבט
98 = לא יודע
99 = מסרב",unknown,unknown,,,scale,"1 = הליכוד
2 = כחול-לבן
3 = העבודה-גשר
5 = ימינה/הימין המאוחד
6 = המחנה הדמוקרטי
7 = יהדות התורה
8 = ש""ס
9 = ישראל ביתנו
11 = הרשימה המשותפת
19 = עוצמה יהודית
30 = אחר
94 = לא מתכוון להצביע
96 = פתק לבן
97 = מתלבט
98 = לא יודע
99 = מסרב",,,,,,,,,,,,,,
הצבעה,$F$21,"יניב שפירא:
1 = הליכוד (בנימין נתניהו)
2 = כחול-לבן (בני גנץ ויאיר לפיד)
3 = העבודה (אבי גבאי)
4 = הימין החדש (בנט ושקד)
5 = איחוד מפלגות הימין
6 = מרצ
7 = יהדות התורה
8 = ש""ס
9 = ישראל ביתנו (ליברמן)
10 = כולנו (כחלון)
11 = חד""ש-תע""ל
12 = רע""ם-בל""ד
13 = יחד (אלי ישי)
14 = זהות (פייגלין)
15 = גשר (אורלי לוי-אבקסיס)
16 = אחי ישראל (עדינה בר שלום)
17 = מגן (גל הירש)
18 = ביח""ד (יום טוס סמיה)
30 = אחר
94 = לא מתכוון להצביע
96 = פתק לבן
97 = לא החליט/מתלבט
98 = לא יודע
99 = מסרב לענות",,scale,"יניב שפירא:
1 = הליכוד (בנימין נתניהו)
2 = כחול-לבן (בני גנץ ויאיר לפיד)
3 = העבודה (אבי גבאי)
4 = הימין החדש (בנט ושקד)
5 = איחוד מפלגות הימין
6 = מרצ
7 = יהדות התורה
8 = ש""ס
9 = ישראל ביתנו (ליברמן)
10 = כולנו (כחלון)
11 = חד""ש-תע""ל
12 = רע""ם-בל""ד
13 = יחד (אלי ישי)
14 = זהות (פייגלין)
15 = גשר (אורלי לוי-אבקסיס)
16 = אחי ישראל (עדינה בר שלום)
17 = מגן (גל הירש)
18 = ביח""ד (יום טוס סמיה)
30 = אחר
94 = לא מתכוון להצביע
96 = פתק לבן
97 = לא החליט/מתלבט
98 = לא יודע
99 = מסרב לענות",unknown,unknown,,,scale,"1 = הליכוד (בנימין נתניהו)
2 = כחול-לבן (בני גנץ ויאיר לפיד)
3 = העבודה (אבי גבאי)
4 = הימין החדש (בנט ושקד)
5 = איחוד מפלגות הימין
6 = מרצ
7 = יהדות התורה
8 = ש""ס
9 = ישראל ביתנו (ליברמן)
10 = כולנו (כחלון)
11 = חד""ש-תע""ל
12 = רע""ם-בל""ד
13 = יחד (אלי ישי)
14 = זהות (פייגלין)
15 = גשר (אורלי לוי-אבקסיס)
16 = אחי ישראל (עדינה בר שלום)
17 = מגן (גל הירש)
18 = ביח""ד (יום טוס סמיה)
30 = אחר
94 = לא מתכוון להצביע
96 = פתק לבן
97 = לא החליט/מתלבט
98 = לא יודע
99 = מסרב לענות",,,,,,,,,,,,,,
הצבעה,$B$22,"adi:
1 = שמאל
2 = מרכז
3 = ימין
4 = חרדית
5 = ערבית",,scale,"adi:
1 = שמאל
2 = מרכז
3 = ימין
4 = חרדית
5 = ערבית",unknown,unknown,,,scale,"1 = שמאל
2 = מרכז
3 = ימין
4 = חרדית
5 = ערבית",,,,,,,,,,,,,,
הצבעה,$D$23,"יניב שפירא:
בחירות ספטמבר 2019
",,scale,"יניב שפירא:
בחירות ספטמבר 2019
",unknown,unknown,,,scale,"בחירות ספטמבר 2019
",,,,,,,,,,,,,,
הצבעה,$F$23,"יניב שפירא:
בחירות 2015",יניב שפירא,unknown,בחירות 2015,unknown,unknown,rephrase,clarification,rephrase,בחירות 2015,,,,,,,,,,,,,,
הצבעה,$G$23,"יניב שפירא:
בחירות 2013",יניב שפירא,unknown,בחירות 2013,unknown,unknown,rephrase,clarification,rephrase,בחירות 2013,,,,,,,,,,,,,,
הצבעה,$H$23,"יניב שפירא:
בחירות 2009",יניב שפירא,unknown,בחירות 2009,unknown,unknown,rephrase,clarification,rephrase,בחירות 2009,,,,,,,,,,,,,,
הצבעה,$I$23,"יניב שפירא:
בחירות 2006",יניב שפירא,unknown,בחירות 2006,unknown,unknown,rephrase,clarification,rephrase,בחירות 2006,,,,,,,,,,,,,,
הצבעה,$J$23,"יניב שפירא:
בחירות 2003",יניב שפירא,unknown,בחירות 2003,unknown,unknown,rephrase,clarification,rephrase,בחירות 2003,,,,,,,,,,,,,,
הצבעה,$K$23,"יניב שפירא:
בחירות 1999",יניב שפירא,unknown,בחירות 1999,unknown,unknown,rephrase,clarification,rephrase,בחירות 1999,,,,,,,,,,,,,,
הצבעה,$L$23,"יניב שפירא:
בחירות 1999",יניב שפירא,unknown,בחירות 1999,unknown,unknown,rephrase,clarification,rephrase,בחירות 1999,,,,,,,,,,,,,,
הצבעה,$M$23,"יניב שפירא:
בחירות 1996",יניב שפירא,unknown,בחירות 1996,unknown,unknown,rephrase,clarification,rephrase,בחירות 1996,,,,,,,,,,,,,,
הצבעה,$N$23,"יניב שפירא:
בחירות 1992",יניב שפירא,unknown,בחירות 1992,unknown,unknown,rephrase,clarification,rephrase,בחירות 1992,,,,,,,,,,,,,,
הצבעה,$O$23,"יניב שפירא:
בחירות 1988",יניב שפירא,unknown,בחירות 1988,unknown,unknown,rephrase,clarification,rephrase,בחירות 1988,,,,,,,,,,,,,,
הצבעה,$P$23,"יניב שפירא:
בחירות 1984",יניב שפירא,unknown,בחירות 1984,unknown,unknown,rephrase,clarification,rephrase,בחירות 1984,,,,,,,,,,,,,,
הצבעה,$Q$23,"יניב שפירא:
בחירות 1984",יניב שפירא,unknown,בחירות 1984,unknown,unknown,rephrase,clarification,rephrase,בחירות 1984,,,,,,,,,,,,,,
הצבעה,$R$23,"יניב שפירא:
בחירות 1984",יניב שפירא,unknown,בחירות 1984,unknown,unknown,rephrase,clarification,rephrase,בחירות 1984,,,,,,,,,,,,,,
הצבעה,$S$23,"יניב שפירא:
בחירות 1981",יניב שפירא,unknown,בחירות 1981,unknown,unknown,rephrase,clarification,rephrase,בחירות 1981,,,,,,,,,,,,,,
הצבעה,$T$23,"יניב שפירא:
בחירות 1977",יניב שפירא,unknown,בחירות 1977,unknown,unknown,rephrase,clarification,rephrase,בחירות 1977,,,,,,,,,,,,,,
הצבעה,$U$23,"יניב שפירא:
בחירות 1977",יניב שפירא,unknown,בחירות 1977,unknown,unknown,rephrase,clarification,rephrase,בחירות 1977,,,,,,,,,,,,,,
הצבעה,$V$23,"יניב שפירא:
בחירות 1977",יניב שפירא,unknown,בחירות 1977,unknown,unknown,rephrase,clarification,rephrase,בחירות 1977,,,,,,,,,,,,,,
הצבעה,$W$23,"יניב שפירא:
בחירות 1973",יניב שפירא,unknown,בחירות 1973,unknown,unknown,rephrase,clarification,rephrase,בחירות 1973,,,,,,,,,,,,,,
הצבעה,$X$23,"יניב שפירא:
בחירות 1973",יניב שפירא,unknown,בחירות 1973,unknown,unknown,rephrase,clarification,rephrase,בחירות 1973,,,,,,,,,,,,,,
הצבעה,$Y$23,"יניב שפירא:
בחירות 1973",יניב שפירא,unknown,בחירות 1973,unknown,unknown,rephrase,clarification,rephrase,בחירות 1973,,,,,,,,,,,,,,
הצבעה,$Z$23,"יניב שפירא:
בחירות 1973",יניב שפירא,unknown,בחירות 1973,unknown,unknown,rephrase,clarification,rephrase,בחירות 1973,,,,,,,,,,,,,,
הצבעה,$AA$23,"יניב שפירא:
בחירות 1969",יניב שפירא,unknown,בחירות 1969,unknown,unknown,rephrase,clarification,rephrase,בחירות 1969,,,,,,,,,,,,,,
הצבעה,$AB$23,"יניב שפירא:
בחירות 1969",יניב שפירא,unknown,בחירות 1969,unknown,unknown,rephrase,clarification,rephrase,בחירות 1969,,,,,,,,,,,,,,
הצבעה,$AC$23,"יניב שפירא:
בחירות 1969",יניב שפירא,unknown,בחירות 1969,unknown,unknown,rephrase,clarification,rephrase,בחירות 1969,,,,,,,,,,,,,,
הצבעה,$AF$23,"יניב שפירא:
בחירות 1965",יניב שפירא,unknown,בחירות 1965,unknown,unknown,rephrase,clarification,rephrase,בחירות 1965,,,,,,,,,,,,,,
הצבעה,$AG$23,"יניב שפירא:
בחירות 1965",יניב שפירא,unknown,בחירות 1965,unknown,unknown,rephrase,clarification,rephrase,בחירות 1965,,,,,,,,,,,,,,
הצבעה,$AH$23,"יניב שפירא:
בחירות 1965",יניב שפירא,unknown,בחירות 1965,unknown,unknown,rephrase,clarification,rephrase,בחירות 1965,,,,,,,,,,,,,,
הצבעה,$L$24,"יניב שפירא:
1 = שרון
2 = ברק
3 = פתק לבן
4 = לא אצביע
5 = לא החלטתי",,scale,"יניב שפירא:
1 = שרון
2 = ברק
3 = פתק לבן
4 = לא אצביע
5 = לא החלטתי",unknown,unknown,,,scale,"1 = שרון
2 = ברק
3 = פתק לבן
4 = לא אצביע
5 = לא החלטתי",,,,,,,,,,,,,,
הצבעה,$M$24,"יניב שפירא:
1 = נתניהו
2 = ברק
3 = מרדכי
4 = בגין
5 = בשארה
6 = רפול
7 = אחר
8 = פתק לבן
9 = לא אצביע",,scale,"יניב שפירא:
1 = נתניהו
2 = ברק
3 = מרדכי
4 = בגין
5 = בשארה
6 = רפול
7 = אחר
8 = פתק לבן
9 = לא אצביע",unknown,unknown,,,scale,"1 = נתניהו
2 = ברק
3 = מרדכי
4 = בגין
5 = בשארה
6 = רפול
7 = אחר
8 = פתק לבן
9 = לא אצביע",,,,,,,,,,,,,,
הצבעה,$N$24,"יניב שפירא:
1 = בנימין נתניהו
2 = שמעון פרס",,scale,"יניב שפירא:
1 = בנימין נתניהו
2 = שמעון פרס",unknown,unknown,,,scale,"1 = בנימין נתניהו
2 = שמעון פרס",,,,,,,,,,,,,,
הצבעה,$K$25,"יניב שפירא:
1 = ברק
2 = שרון
3 = לא הצבעתי למרות שהייתה לי זכות
4 = לא הצבעתי כי לא הייתה לי זכות",,scale,"יניב שפירא:
1 = ברק
2 = שרון
3 = לא הצבעתי למרות שהייתה לי זכות
4 = לא הצבעתי כי לא הייתה לי זכות",unknown,unknown,,,scale,"1 = ברק
2 = שרון
3 = לא הצבעתי למרות שהייתה לי זכות
4 = לא הצבעתי כי לא הייתה לי זכות",,,,,,,,,,,,,,
הצבעה,$L$25,"יניב שפירא:
בחירות 1999
1 = נתניהו
2 = ברק
3 = פתק לבן
4 = לא הצבעתי",,scale,"יניב שפירא:
בחירות 1999
1 = נתניהו
2 = ברק
3 = פתק לבן
4 = לא הצבעתי",unknown,unknown,,,scale,"בחירות 1999
1 = נתניהו
2 = ברק
3 = פתק לבן
4 = לא הצבעתי",,,,,,,,,,,,,,
הצבעה,$M$25,"יניב שפירא:
1 = נתניהו
2 = פרס
3 = פתק לבן
4 = לא הצבעתי למרות שיכלתי
5 = לא הצבעתי כי לא יכלתי",,scale,"יניב שפירא:
1 = נתניהו
2 = פרס
3 = פתק לבן
4 = לא הצבעתי למרות שיכלתי
5 = לא הצבעתי כי לא יכלתי",unknown,unknown,,,scale,"1 = נתניהו
2 = פרס
3 = פתק לבן
4 = לא הצבעתי למרות שיכלתי
5 = לא הצבעתי כי לא יכלתי",,,,,,,,,,,,,,
הצבעה,$M$26,"יניב שפירא:
1 = נתניהו
2 = ברק
3 = פתק לבן
4 = לא אצביע
5 = לא החלטתי",,scale,"יניב שפירא:
1 = נתניהו
2 = ברק
3 = פתק לבן
4 = לא אצביע
5 = לא החלטתי",unknown,unknown,,,scale,"1 = נתניהו
2 = ברק
3 = פתק לבן
4 = לא אצביע
5 = לא החלטתי",,,,,,,,,,,,,,
הצבעה,$D$27,"יניב שפירא:
בחירות 2019 א'",יניב שפירא,unknown,בחירות 2019 א',unknown,unknown,rephrase,clarification,rephrase,בחירות 2019 א',,,,,,,,,,,,,,
הצבעה,$N$27,"יניב שפירא:
בחירות 1988",יניב שפירא,unknown,בחירות 1988,unknown,unknown,rephrase,clarification,rephrase,בחירות 1988,,,,,,,,,,,,,,
הצבעה,$T$27,"יניב שפירא:
בחירות 1973",יניב שפירא,unknown,בחירות 1973,unknown,unknown,rephrase,clarification,rephrase,בחירות 1973,,,,,,,,,,,,,,
הצבעה,$U$27,"יניב שפירא:
בחירות 1973",יניב שפירא,unknown,בחירות 1973,unknown,unknown,rephrase,clarification,rephrase,בחירות 1973,,,,,,,,,,,,,,
הצבעה,$V$27,"יניב שפירא:
בחירות 1973",יניב שפירא,unknown,בחירות 1973,unknown,unknown,rephrase,clarification,rephrase,בחירות 1973,,,,,,,,,,,,,,
הצבעה,$Z$27,"יניב שפירא:
בחירות 1969",יניב שפירא,unknown,בחירות 1969,unknown,unknown,rephrase,clarification,rephrase,בחירות 1969,,,,,,,,,,,,,,
הצבעה,$D$28,"יניב שפירא:
בחירות 2015",יניב שפירא,unknown,בחירות 2015,unknown,unknown,rephrase,clarification,rephrase,בחירות 2015,,,,,,,,,,,,,,
הצבעה,$T$28,"יניב שפירא:
בחירות 1969",יניב שפירא,unknown,בחירות 1969,unknown,unknown,rephrase,clarification,rephrase,בחירות 1969,,,,,,,,,,,,,,
הצבעה,$J$29,"יניב שפירא:
שתי מערכות בחירות אחורה
הבחירות לרה""מ 2001
1 = ברק
2 = שרון
3 = פתק לבן
4 = לא הצבעתי למרות שהייתה לי זכות הצבעה
5 = לא הצבעתי כי לא הייתה לי זכות הצבעה",,scale,"יניב שפירא:
שתי מערכות בחירות אחורה
הבחירות לרה""מ 2001
1 = ברק
2 = שרון
3 = פתק לבן
4 = לא הצבעתי למרות שהייתה לי זכות הצבעה
5 = לא הצבעתי כי לא הייתה לי זכות הצבעה",unknown,unknown,,,scale,"שתי מערכות בחירות אחורה
הבחירות לרה""מ 2001
1 = ברק
2 = שרון
3 = פתק לבן
4 = לא הצבעתי למרות שהייתה לי זכות הצבעה
5 = לא הצבעתי כי לא הייתה לי זכות הצבעה",,,,,,,,,,,,,,
הצבעה,$K$29,"יניב שפירא:
1 = ברק
2 = נתניהו
3 = לא הצבעתי למרות שהייתה לי זכות
4 = לא הצבעתי כי לא הייתה לי זכות",,scale,"יניב שפירא:
1 = ברק
2 = נתניהו
3 = לא הצבעתי למרות שהייתה לי זכות
4 = לא הצבעתי כי לא הייתה לי זכות",unknown,unknown,,,scale,"1 = ברק
2 = נתניהו
3 = לא הצבעתי למרות שהייתה לי זכות
4 = לא הצבעתי כי לא הייתה לי זכות",,,,,,,,,,,,,,
הצבעה,$D$30,"יניב שפירא:
1 = כן
2 = לא
3 = פתק לבן",,scale,"יניב שפירא:
1 = כן
2 = לא
3 = פתק לבן",unknown,unknown,,,scale,"1 = כן
2 = לא
3 = פתק לבן",,,,,,,,,,,,,,
הצבעה,$D$31,"יניב שפירא:
1 = הליכוד (בנימין נתניהו)
2 = כחול-לבן (בני גנץ)
3 = העבודה-גשר-מרצ (עמיר פרץ)
4 = ימינה (נפתלי בנט)
5 = עוצמה יהודית (איתמר בן גביר)
7 = יהדות התורה
8 = ש""ס
9 = ישראל ביתנו
11 = הרשימה המשותפת
30 = אחר
94 = לא הצבעתי
96 = פתק לבן
98 = לא יודע
99 = מסרב לענות",,scale,"יניב שפירא:
1 = הליכוד (בנימין נתניהו)
2 = כחול-לבן (בני גנץ)
3 = העבודה-גשר-מרצ (עמיר פרץ)
4 = ימינה (נפתלי בנט)
5 = עוצמה יהודית (איתמר בן גביר)
7 = יהדות התורה
8 = ש""ס
9 = ישראל ביתנו
11 = הרשימה המשותפת
30 = אחר
94 = לא הצבעתי
96 = פתק לבן
98 = לא יודע
99 = מסרב לענות",unknown,unknown,,,scale,"1 = הליכוד (בנימין נתניהו)
2 = כחול-לבן (בני גנץ)
3 = העבודה-גשר-מרצ (עמיר פרץ)
4 = ימינה (נפתלי בנט)
5 = עוצמה יהודית (איתמר בן גביר)
7 = יהדות התורה
8 = ש""ס
9 = ישראל ביתנו
11 = הרשימה המשותפת
30 = אחר
94 = לא הצבעתי
96 = פתק לבן
98 = לא יודע
99 = מסרב לענות",,,,,,,,,,,,,,
הצבעה,$F$31,"יניב שפירא:
1 = הליכוד (בנימין נתניהו)
2 = כחול-לבן (בני גנץ ויאיר לפיד)
3 = העבודה (אבי גבאי)
4 = הימין החדש (בנט ושקד)
5 = איחוד מפלגות הימין
6 = מרצ
7 = יהדות התורה
8 = ש""ס
9 = ישראל ביתנו (ליברמן)
10 = כולנו (כחלון)
11 = חד""ש-תע""ל
12 = רע""ם-בל""ד
13 = יחד (אלי ישי)
14 = זהות (פייגלין)
15 = גשר (אורלי לוי-אבקסיס)
16 = אחי ישראל (עדינה בר שלום)
17 = מגן (גל הירש)
18 = ביח""ד (יום טוס סמיה)
30 = אחר
94 = לא מתכוון להצביע
96 = פתק לבן
97 = לא החליט/מתלבט
98 = לא יודע
99 = מסרב לענות",,scale,"יניב שפירא:
1 = הליכוד (בנימין נתניהו)
2 = כחול-לבן (בני גנץ ויאיר לפיד)
3 = העבודה (אבי גבאי)
4 = הימין החדש (בנט ושקד)
5 = איחוד מפלגות הימין
6 = מרצ
7 = יהדות התורה
8 = ש""ס
9 = ישראל ביתנו (ליברמן)
10 = כולנו (כחלון)
11 = חד""ש-תע""ל
12 = רע""ם-בל""ד
13 = יחד (אלי ישי)
14 = זהות (פייגלין)
15 = גשר (אורלי לוי-אבקסיס)
16 = אחי ישראל (עדינה בר שלום)
17 = מגן (גל הירש)
18 = ביח""ד (יום טוס סמיה)
30 = אחר
94 = לא מתכוון להצביע
96 = פתק לבן
97 = לא החליט/מתלבט
98 = לא יודע
99 = מסרב לענות",unknown,unknown,,,scale,"1 = הליכוד (בנימין נתניהו)
2 = כחול-לבן (בני גנץ ויאיר לפיד)
3 = העבודה (אבי גבאי)
4 = הימין החדש (בנט ושקד)
5 = איחוד מפלגות הימין
6 = מרצ
7 = יהדות התורה
8 = ש""ס
9 = ישראל ביתנו (ליברמן)
10 = כולנו (כחלון)
11 = חד""ש-תע""ל
12 = רע""ם-בל""ד
13 = יחד (אלי ישי)
14 = זהות (פייגלין)
15 = גשר (אורלי לוי-אבקסיס)
16 = אחי ישראל (עדינה בר שלום)
17 = מגן (גל הירש)
18 = ביח""ד (יום טוס סמיה)
30 = אחר
94 = לא מתכוון להצביע
96 = פתק לבן
97 = לא החליט/מתלבט
98 = לא יודע
99 = מסרב לענות",,,,,,,,,,,,,,
הצבעה,$M$32,"יניב שפירא:
1 = כן
2 = לא",,scale,"יניב שפירא:
1 = כן
2 = לא",unknown,unknown,,,scale,"1 = כן
2 = לא",,,,,,,,,,,,,,
הצבעה,$M$33,"יניב שפירא:
d11
d12
d13",,scale,"יניב שפירא:
d11
d12
d13",unknown,unknown,,,scale,"d11
d12
d13",,,,,,,,,,,,,,
הצבעה,$Y$35,"יניב שפירא:
1 = מתלבט הרבה יותר
2 = מתלבט יותר
3 = מתלבט פחות
4 = מתלבט הרבה פחות
5 = קודם לא התלבטתי וגם עכשיו לא
6 = ממשיך להתלבט כמו קודם",,scale,"יניב שפירא:
1 = מתלבט הרבה יותר
2 = מתלבט יותר
3 = מתלבט פחות
4 = מתלבט הרבה פחות
5 = קודם לא התלבטתי וגם עכשיו לא
6 = ממשיך להתלבט כמו קודם",unknown,unknown,,,scale,"1 = מתלבט הרבה יותר
2 = מתלבט יותר
3 = מתלבט פחות
4 = מתלבט הרבה פחות
5 = קודם לא התלבטתי וגם עכשיו לא
6 = ממשיך להתלבט כמו קודם",,,,,,,,,,,,,,
הצבעה,$M$36,"יניב שפירא:
1 = נתניהו
2 = ברק
3 = פתק לבן
4 = לא הצבעתי",,scale,"יניב שפירא:
1 = נתניהו
2 = ברק
3 = פתק לבן
4 = לא הצבעתי",unknown,unknown,,,scale,"1 = נתניהו
2 = ברק
3 = פתק לבן
4 = לא הצבעתי",,,,,,,,,,,,,,
הצבעה,$M$37,"יניב שפירא:
1 = נתניהו
2 = ברק
3 = מרדכי
4 = בגין
5 = בשארה",,scale,"יניב שפירא:
1 = נתניהו
2 = ברק
3 = מרדכי
4 = בגין
5 = בשארה",unknown,unknown,,,scale,"1 = נתניהו
2 = ברק
3 = מרדכי
4 = בגין
5 = בשארה",,,,,,,,,,,,,,
הצבעה,$M$38,"יניב שפירא:
1 = כן
2 = לא",,scale,"יניב שפירא:
1 = כן
2 = לא",unknown,unknown,,,scale,"1 = כן
2 = לא",,,,,,,,,,,,,,
הצבעה,$M$39,"יניב שפירא:
1 = נתניהו-ברק
2 = מרדכי-נתניהו
3 = בגין-נתניהו
4 = מרדכי-ברק
5 = בגין-בשארה
6 = בשארה-ברק
7 = מרדכי=בשארה
8 = אחר",,scale,"יניב שפירא:
1 = נתניהו-ברק
2 = מרדכי-נתניהו
3 = בגין-נתניהו
4 = מרדכי-ברק
5 = בגין-בשארה
6 = בשארה-ברק
7 = מרדכי=בשארה
8 = אחר",unknown,unknown,,,scale,"1 = נתניהו-ברק
2 = מרדכי-נתניהו
3 = בגין-נתניהו
4 = מרדכי-ברק
5 = בגין-בשארה
6 = בשארה-ברק
7 = מרדכי=בשארה
8 = אחר",,,,,,,,,,,,,,
הצבעה,$A$41,"יניב שפירא:
לא למצביעי הליכוד וכחול-לבן",יניב שפירא,sector,לא למצביעי הליכוד וכחול-לבן,unknown,unknown,,,sector,לא למצביעי הליכוד וכחול-לבן,,,,,,,,,,,,,,
הצבעה,$F$41,"יניב שפירא:
1 = לא, זה לא ישנה את הצבעתך
2 = כן, זה יגרום לך לשנות את הצבעתך ולעבור למפלגה אחרת שלפי הסקרים כן עוברת את אחוז החסימה
3 = כן, זה יגרום לך לא ללכת להצביע בבחירות ב-9 באפריל",,scale,"יניב שפירא:
1 = לא, זה לא ישנה את הצבעתך
2 = כן, זה יגרום לך לשנות את הצבעתך ולעבור למפלגה אחרת שלפי הסקרים כן עוברת את אחוז החסימה
3 = כן, זה יגרום לך לא ללכת להצביע בבחירות ב-9 באפריל",unknown,unknown,,,scale,"1 = לא, זה לא ישנה את הצבעתך
2 = כן, זה יגרום לך לשנות את הצבעתך ולעבור למפלגה אחרת שלפי הסקרים כן עוברת את אחוז החסימה
3 = כן, זה יגרום לך לא ללכת להצביע בבחירות ב-9 באפריל",,,,,,,,,,,,,,
הצבעה,$A$42,"יניב שפירא:
רק מי שענה 2 בשאלה הקודמת",יניב שפירא,sector,רק מי שענה 2 בשאלה הקודמת,unknown,unknown,,,sector,רק מי שענה 2 בשאלה הקודמת,,,,,,,,,,,,,,
הצבעה,$A$43,"יניב שפירא:
מי שענה 1 בשאלה על אחוז החסימה (2015)",יניב שפירא,sector,מי שענה 1 בשאלה על אחוז החסימה (2015),unknown,unknown,,,sector,מי שענה 1 בשאלה על אחוז החסימה (2015),,,,,,,,,,,,,,
הצבעה,$G$43,"יניב שפירא:
1 = כי אי אפשר לסמוך על סקרים
2 = כי חשוב לך לבטא את דעתך ואחוז החסימה לא מהווה שיקול בהחלטתך
3 = כי המפלגה שאתה תומך בה עוברת בוודאות את אחוז החסימה",,scale,"יניב שפירא:
1 = כי אי אפשר לסמוך על סקרים
2 = כי חשוב לך לבטא את דעתך ואחוז החסימה לא מהווה שיקול בהחלטתך
3 = כי המפלגה שאתה תומך בה עוברת בוודאות את אחוז החסימה",unknown,unknown,,,scale,"1 = כי אי אפשר לסמוך על סקרים
2 = כי חשוב לך לבטא את דעתך ואחוז החסימה לא מהווה שיקול בהחלטתך
3 = כי המפלגה שאתה תומך בה עוברת בוודאות את אחוז החסימה",,,,,,,,,,,,,,
הצבעה,$F$44,"יניב שפירא:
1 = ביום הבחירות עצמו
2 = יומיים-שלושה לפני הבחירות
3 = כשבוע לפני הבחירות
4 = כחודש לפני הבחירות
5 = כמה חודשים לפני הבחירות
6 = ידעת מלכתחילה למי להצביע",,scale,"יניב שפירא:
1 = ביום הבחירות עצמו
2 = יומיים-שלושה לפני הבחירות
3 = כשבוע לפני הבחירות
4 = כחודש לפני הבחירות
5 = כמה חודשים לפני הבחירות
6 = ידעת מלכתחילה למי להצביע",unknown,unknown,,,scale,"1 = ביום הבחירות עצמו
2 = יומיים-שלושה לפני הבחירות
3 = כשבוע לפני הבחירות
4 = כחודש לפני הבחירות
5 = כמה חודשים לפני הבחירות
6 = ידעת מלכתחילה למי להצביע",,,,,,,,,,,,,,
הצבעה,$M$44,"יניב שפירא:
1 = לפני מס' חודשים
2 = בשבועות האחרונים
3 = אחרי פרישת בשארה, בגין ומרדכי
4 = ביום הבחירות",,scale,"יניב שפירא:
1 = לפני מס' חודשים
2 = בשבועות האחרונים
3 = אחרי פרישת בשארה, בגין ומרדכי
4 = ביום הבחירות",unknown,unknown,,,scale,"1 = לפני מס' חודשים
2 = בשבועות האחרונים
3 = אחרי פרישת בשארה, בגין ומרדכי
4 = ביום הבחירות",,,,,,,,,,,,,,
הצבעה,$AA$44,"יניב שפירא:
1 = מזמן
2 = מאז המלחמה או סמוך לה
3 = בימים הסמוכים לבחירות
4 = ביום הבחירות
5 = לא הלכתי להצביע",,scale,"יניב שפירא:
1 = מזמן
2 = מאז המלחמה או סמוך לה
3 = בימים הסמוכים לבחירות
4 = ביום הבחירות
5 = לא הלכתי להצביע",unknown,unknown,,,scale,"1 = מזמן
2 = מאז המלחמה או סמוך לה
3 = בימים הסמוכים לבחירות
4 = ביום הבחירות
5 = לא הלכתי להצביע",,,,,,,,,,,,,,
הצבעה,$AB$44,"יניב שפירא:
1 = מזמן
2 = מאז המלחמה או סמוך לה
3 = עם תחילת מערכת הבחירות
4 = היום
5 = בימים הקרובים אחליט
6 = אחליט ביום הבחירות
7 = לא מצביע",,scale,"יניב שפירא:
1 = מזמן
2 = מאז המלחמה או סמוך לה
3 = עם תחילת מערכת הבחירות
4 = היום
5 = בימים הקרובים אחליט
6 = אחליט ביום הבחירות
7 = לא מצביע",unknown,unknown,,,scale,"1 = מזמן
2 = מאז המלחמה או סמוך לה
3 = עם תחילת מערכת הבחירות
4 = היום
5 = בימים הקרובים אחליט
6 = אחליט ביום הבחירות
7 = לא מצביע",,,,,,,,,,,,,,
הצבעה,$A$45,"יניב שפירא:
למי שענה 1,2,3 בשאלה הקודמת (שאלה 3)",יניב שפירא,scale,"למי שענה 1,2,3 בשאלה הקודמת (שאלה 3)",unknown,unknown,,,scale,"למי שענה 1,2,3 בשאלה הקודמת (שאלה 3)",,,,,,,,,,,,,,
הצבעה,$G$45,"יניב שפירא:
יש אופציה ל-3 תשובות מקודדות:
after_v4a_1
after_v4a_2
after_v4a_3",,scale,"יניב שפירא:
יש אופציה ל-3 תשובות מקודדות:
after_v4a_1
after_v4a_2
after_v4a_3",unknown,unknown,,,scale,"יש אופציה ל-3 תשובות מקודדות:
after_v4a_1
after_v4a_2
after_v4a_3",,,,,,,,,,,,,,
הצבעה,$A$46,"יניב שפירא:
רק מי שענה שלא הצביע/שם פתק לבן",יניב שפירא,sector,רק מי שענה שלא הצביע/שם פתק לבן,unknown,unknown,,,sector,רק מי שענה שלא הצביע/שם פתק לבן,,,,,,,,,,,,,,
הצבעה,$L$46,"יניב שפירא:
שאלה טרום בחירות
למי שענה שלא מתכוון ללכת להצביע/פתק לבן",,scale,"יניב שפירא:
שאלה טרום בחירות
למי שענה שלא מתכוון ללכת להצביע/פתק לבן",unknown,unknown,,,scale,"שאלה טרום בחירות
למי שענה שלא מתכוון ללכת להצביע/פתק לבן",,,,,,,,,,,,,,
הצבעה,$N$46,"יניב שפירא:
1 = אף אחד לא נראה מתאים
2 = הבעת מחאה
3 = הרב אמר
4 = בעיות טכניות
5 = אחר",,scale,"יניב שפירא:
1 = אף אחד לא נראה מתאים
2 = הבעת מחאה
3 = הרב אמר
4 = בעיות טכניות
5 = אחר",unknown,unknown,,,scale,"1 = אף אחד לא נראה מתאים
2 = הבעת מחאה
3 = הרב אמר
4 = בעיות טכניות
5 = אחר",,,,,,,,,,,,,,
הצבעה,$F$47,"יניב שפירא:
1 = בכלל לא
2 = במידה מועטה
3 = במידה בינונית
4 = במידה רבה
5 = במידה רבה מאד",,scale,"יניב שפירא:
1 = בכלל לא
2 = במידה מועטה
3 = במידה בינונית
4 = במידה רבה
5 = במידה רבה מאד",unknown,unknown,,,scale,"1 = בכלל לא
2 = במידה מועטה
3 = במידה בינונית
4 = במידה רבה
5 = במידה רבה מאד",,,,,,,,,,,,,,
הצבעה,$AA$47,"יניב שפירא:
1 = במידה רבה
2 = במידה מסוימת
3 = במידה מועטה
4 = כלל לא",,scale,"יניב שפירא:
1 = במידה רבה
2 = במידה מסוימת
3 = במידה מועטה
4 = כלל לא",unknown,unknown,,,scale,"1 = במידה רבה
2 = במידה מסוימת
3 = במידה מועטה
4 = כלל לא",,,,,,,,,,,,,,
הצבעה,$M$48,"יניב שפירא:
1 = במידה רבה
2 = במידה מסוימת
3 = במידה מועטה
4 = בכלל לא",,scale,"יניב שפירא:
1 = במידה רבה
2 = במידה מסוימת
3 = במידה מועטה
4 = בכלל לא",unknown,unknown,,,scale,"1 = במידה רבה
2 = במידה מסוימת
3 = במידה מועטה
4 = בכלל לא",,,,,,,,,,,,,,
הצבעה,$T$48,"יניב שפירא:
1 = השפעה גדולה
2 = השפעה מסויימת
3 = השפעה מועטה
4 = אין כלל השפעה
5 = לא יודע על קיום סקרים",,scale,"יניב שפירא:
1 = השפעה גדולה
2 = השפעה מסויימת
3 = השפעה מועטה
4 = אין כלל השפעה
5 = לא יודע על קיום סקרים",unknown,unknown,,,scale,"1 = השפעה גדולה
2 = השפעה מסויימת
3 = השפעה מועטה
4 = אין כלל השפעה
5 = לא יודע על קיום סקרים",,,,,,,,,,,,,,
הצבעה,$L$49,"יניב שפירא:
0 = לא צופה
1 = בכלל לא
2 = במידה מועטה
3 = במידה מסוימת
4 = במידה רבה",,scale,"יניב שפירא:
0 = לא צופה
1 = בכלל לא
2 = במידה מועטה
3 = במידה מסוימת
4 = במידה רבה",unknown,unknown,,,scale,"0 = לא צופה
1 = בכלל לא
2 = במידה מועטה
3 = במידה מסוימת
4 = במידה רבה",,,,,,,,,,,,,,
הצבעה,$M$49,"יניב שפירא:
1 = במידה רבה
2 = במידה מסוימת
3 = במידה מועטה
4 = בכלל לא",,scale,"יניב שפירא:
1 = במידה רבה
2 = במידה מסוימת
3 = במידה מועטה
4 = בכלל לא",unknown,unknown,,,scale,"1 = במידה רבה
2 = במידה מסוימת
3 = במידה מועטה
4 = בכלל לא",,,,,,,,,,,,,,
הצבעה,$V$49,"יניב שפירא:
1 = במידה רבה
2 = במידה מסוימת
3 = במידה מועטה
4 = כלל לא",,scale,"יניב שפירא:
1 = במידה רבה
2 = במידה מסוימת
3 = במידה מועטה
4 = כלל לא",unknown,unknown,,,scale,"1 = במידה רבה
2 = במידה מסוימת
3 = במידה מועטה
4 = כלל לא",,,,,,,,,,,,,,
הצבעה,$AA$49,"יניב שפירא:
לאחר הבחירות",יניב שפירא,unknown,לאחר הבחירות,unknown,unknown,rephrase,clarification,rephrase,לאחר הבחירות,,,,,,,,,,,,,,
הצבעה,$AB$49,"יניב שפירא:
לאחר הבחירות",יניב שפירא,unknown,לאחר הבחירות,unknown,unknown,rephrase,clarification,rephrase,לאחר הבחירות,,,,,,,,,,,,,,
הצבעה,$AD$49,"יניב שפירא:
1 = במידה רבה
2 = במידה מסוימת
3 = במידה מועטה
4 = כלל לא",,scale,"יניב שפירא:
1 = במידה רבה
2 = במידה מסוימת
3 = במידה מועטה
4 = כלל לא",unknown,unknown,,,scale,"1 = במידה רבה
2 = במידה מסוימת
3 = במידה מועטה
4 = כלל לא",,,,,,,,,,,,,,
הצבעה,$T$50,"יניב שפירא:
1 = מידה רבה
2 = במידה מסויימת
3 = במידה מועטה
4 = כמעט ולא משפיעות
5 = כלל לא",,scale,"יניב שפירא:
1 = מידה רבה
2 = במידה מסויימת
3 = במידה מועטה
4 = כמעט ולא משפיעות
5 = כלל לא",unknown,unknown,,,scale,"1 = מידה רבה
2 = במידה מסויימת
3 = במידה מועטה
4 = כמעט ולא משפיעות
5 = כלל לא",,,,,,,,,,,,,,
הצבעה,$AA$50,"יניב שפירא:
לאחר הבחירות",יניב שפירא,unknown,לאחר הבחירות,unknown,unknown,rephrase,clarification,rephrase,לאחר הבחירות,,,,,,,,,,,,,,
הצבעה,$AB$50,"יניב שפירא:
לאחר בחירות",יניב שפירא,unknown,לאחר בחירות,unknown,unknown,rephrase,clarification,rephrase,לאחר בחירות,,,,,,,,,,,,,,
הצבעה,$AD$50,"יניב שפירא:
1 = במידה רבה
2 = במידה מסוימת
3 = במידה מועטה
4 = כלל לא",,scale,"יניב שפירא:
1 = במידה רבה
2 = במידה מסוימת
3 = במידה מועטה
4 = כלל לא",unknown,unknown,,,scale,"1 = במידה רבה
2 = במידה מסוימת
3 = במידה מועטה
4 = כלל לא",,,,,,,,,,,,,,
הצבעה,$V$51,"יניב שפירא:
1 = במידה רבה
2 = במידה מסויימת
3 = במידה מועטה
4 = כלל לא",,scale,"יניב שפירא:
1 = במידה רבה
2 = במידה מסויימת
3 = במידה מועטה
4 = כלל לא",unknown,unknown,,,scale,"1 = במידה רבה
2 = במידה מסויימת
3 = במידה מועטה
4 = כלל לא",,,,,,,,,,,,,,
הצבעה,$V$52,"יניב שפירא:
1 = במידה רבה
2 = במידה מסויימת
3 = במידה מועטה
4 = כלל לא",,scale,"יניב שפירא:
1 = במידה רבה
2 = במידה מסויימת
3 = במידה מועטה
4 = כלל לא",unknown,unknown,,,scale,"1 = במידה רבה
2 = במידה מסויימת
3 = במידה מועטה
4 = כלל לא",,,,,,,,,,,,,,
הצבעה,$AA$52,"יניב שפירא:
לאחר הבחירות",יניב שפירא,unknown,לאחר הבחירות,unknown,unknown,rephrase,clarification,rephrase,לאחר הבחירות,,,,,,,,,,,,,,
הצבעה,$AB$52,"יניב שפירא:
לאחר בחירות",יניב שפירא,unknown,לאחר בחירות,unknown,unknown,rephrase,clarification,rephrase,לאחר בחירות,,,,,,,,,,,,,,
הצבעה,$AD$52,"יניב שפירא:
1 = במידה רבה
2 = במידה מסוימת
3 = במידה מועטה
4 = כלל לא",,scale,"יניב שפירא:
1 = במידה רבה
2 = במידה מסוימת
3 = במידה מועטה
4 = כלל לא",unknown,unknown,,,scale,"1 = במידה רבה
2 = במידה מסוימת
3 = במידה מועטה
4 = כלל לא",,,,,,,,,,,,,,
הצבעה,$AA$53,"יניב שפירא:
לאחר הבחירות",יניב שפירא,unknown,לאחר הבחירות,unknown,unknown,rephrase,clarification,rephrase,לאחר הבחירות,,,,,,,,,,,,,,
הצבעה,$AC$54,"יניב שפירא:
1 = במידה רבה
2 = במידה מסוימת
3 = במידה מועטה
4 = כלל לא",,scale,"יניב שפירא:
1 = במידה רבה
2 = במידה מסוימת
3 = במידה מועטה
4 = כלל לא",unknown,unknown,,,scale,"1 = במידה רבה
2 = במידה מסוימת
3 = במידה מועטה
4 = כלל לא",,,,,,,,,,,,,,
הצבעה,$AC$55,"יניב שפירא:
1 = במידה רבה
2 = במידה מסוימת
3 = במידה מועטה
4 = כלל לא",,scale,"יניב שפירא:
1 = במידה רבה
2 = במידה מסוימת
3 = במידה מועטה
4 = כלל לא",unknown,unknown,,,scale,"1 = במידה רבה
2 = במידה מסוימת
3 = במידה מועטה
4 = כלל לא",,,,,,,,,,,,,,
הצבעה,$G$56,"יניב שפירא:
1 = בטוח שאצביע
2 = חושב שאצביע
3 = לא חושב שאצביע
4 = בטוח לא אצביע",,scale,"יניב שפירא:
1 = בטוח שאצביע
2 = חושב שאצביע
3 = לא חושב שאצביע
4 = בטוח לא אצביע",unknown,unknown,,,scale,"1 = בטוח שאצביע
2 = חושב שאצביע
3 = לא חושב שאצביע
4 = בטוח לא אצביע",,,,,,,,,,,,,,
הצבעה,$AB$56,"יניב שפירא:
1 = בטוח שכן
2 = חושב שכן
3 = חושב שלא
4 = בטוח שלא",,scale,"יניב שפירא:
1 = בטוח שכן
2 = חושב שכן
3 = חושב שלא
4 = בטוח שלא",unknown,unknown,,,scale,"1 = בטוח שכן
2 = חושב שכן
3 = חושב שלא
4 = בטוח שלא",,,,,,,,,,,,,,
הצבעה,$AC$57,"יניב שפירא:
1 = סיבות טכניות
2 = אדישות
3 = לא יודע בעד מי להצביע/כולם אותו דבר
4 = מחאה
5 = המועד אינו מתאים לקיום בחירות
9 = מתכוון להצביע",,scale,"יניב שפירא:
1 = סיבות טכניות
2 = אדישות
3 = לא יודע בעד מי להצביע/כולם אותו דבר
4 = מחאה
5 = המועד אינו מתאים לקיום בחירות
9 = מתכוון להצביע",unknown,unknown,,,scale,"1 = סיבות טכניות
2 = אדישות
3 = לא יודע בעד מי להצביע/כולם אותו דבר
4 = מחאה
5 = המועד אינו מתאים לקיום בחירות
9 = מתכוון להצביע",,,,,,,,,,,,,,
הצבעה,$A$58,"יניב שפירא:
לא למצביעי הליכוד והמחנה הציוני",יניב שפירא,sector,לא למצביעי הליכוד והמחנה הציוני,unknown,unknown,,,sector,לא למצביעי הליכוד והמחנה הציוני,,,,,,,,,,,,,,
הצבעה,$G$58,"יניב שפירא:
1 = כן
2 = לא
3 = אולי",,scale,"יניב שפירא:
1 = כן
2 = לא
3 = אולי",unknown,unknown,,,scale,"1 = כן
2 = לא
3 = אולי",,,,,,,,,,,,,,
הצבעה,$A$59,"יניב שפירא:
למי שענה 1 או 3 בשאלה 93 (2015)",יניב שפירא,unknown,למי שענה 1 או 3 בשאלה 93 (2015),unknown,unknown,followupQuestion,,followupQuestion,למי שענה 1 או 3 בשאלה 93 (2015),,,,,,,,,,,,,,
הצבעה,$G$60,"יניב שפירא:
1 = זה לא שינה את הצבעתך
2 = כן, שינית את הצבעתך כי אתה לא רוצה להצביע למפלגה שיש בה שחיתות
3 = כן, שינית את הצבעתך כדי לחזק את אלו שהתקשורת רודפת אותם
4 = כן, החלטת שלא להצביע",,scale,"יניב שפירא:
1 = זה לא שינה את הצבעתך
2 = כן, שינית את הצבעתך כי אתה לא רוצה להצביע למפלגה שיש בה שחיתות
3 = כן, שינית את הצבעתך כדי לחזק את אלו שהתקשורת רודפת אותם
4 = כן, החלטת שלא להצביע",unknown,unknown,,,scale,"1 = זה לא שינה את הצבעתך
2 = כן, שינית את הצבעתך כי אתה לא רוצה להצביע למפלגה שיש בה שחיתות
3 = כן, שינית את הצבעתך כדי לחזק את אלו שהתקשורת רודפת אותם
4 = כן, החלטת שלא להצביע",,,,,,,,,,,,,,
הצבעה,$N$61,"יניב שפירא:
1 = ליכוד
2 = צומת
3 = גשר
4 = מפלגה אחרת
5 = לא החלטתי",,scale,"יניב שפירא:
1 = ליכוד
2 = צומת
3 = גשר
4 = מפלגה אחרת
5 = לא החלטתי",unknown,unknown,,,scale,"1 = ליכוד
2 = צומת
3 = גשר
4 = מפלגה אחרת
5 = לא החלטתי",,,,,,,,,,,,,,
הצבעה,$A$62,"יניב שפירא:
שאלה ב2015, רק עבור אלו שענו שהצביעו בבחירות האחרונות ב2013 לליכוד-ישראל ביתנו",יניב שפירא,scale,"שאלה ב2015, רק עבור אלו שענו שהצביעו בבחירות האחרונות ב2013 לליכוד-ישראל ביתנו",unknown,unknown,,,scale,"שאלה ב2015, רק עבור אלו שענו שהצביעו בבחירות האחרונות ב2013 לליכוד-ישראל ביתנו",,,,,,,,,,,,,,
הצבעה,$G$62,"יניב שפירא:
1 = הליכוד
2 = ישראל ביתנו",,scale,"יניב שפירא:
1 = הליכוד
2 = ישראל ביתנו",unknown,unknown,,,scale,"1 = הליכוד
2 = ישראל ביתנו",,,,,,,,,,,,,,
הצבעה,$G$63,"יניב שפירא:
1 = גבר
2 = אישה
3 = אין הבדל",,scale,"יניב שפירא:
1 = גבר
2 = אישה
3 = אין הבדל",unknown,unknown,,,scale,"1 = גבר
2 = אישה
3 = אין הבדל",,,,,,,,,,,,,,
הצבעה,$G$64,"יניב שפירא:
1 = אשכנזי
2 = מזרחי
3 = אין הבדל",,scale,"יניב שפירא:
1 = אשכנזי
2 = מזרחי
3 = אין הבדל",unknown,unknown,,,scale,"1 = אשכנזי
2 = מזרחי
3 = אין הבדל",,,,,,,,,,,,,,
הצבעה,$G$65,"יניב שפירא:
1 = כלל לא ישפיע
2 = ישפיע במידה מועטה בלבד
3 = ישפיע במידה מסוימת
4 = ישפיע במידה רבה",,scale,"יניב שפירא:
1 = כלל לא ישפיע
2 = ישפיע במידה מועטה בלבד
3 = ישפיע במידה מסוימת
4 = ישפיע במידה רבה",unknown,unknown,,,scale,"1 = כלל לא ישפיע
2 = ישפיע במידה מועטה בלבד
3 = ישפיע במידה מסוימת
4 = ישפיע במידה רבה",,,,,,,,,,,,,,
הצבעה,$A$66,"יניב שפירא:
ליהודים בלבד",יניב שפירא,unknown,ליהודים בלבד,sector,unknown,,,sector,ליהודים בלבד,,,,,,,,,,,,,,
הצבעה,$A$68,"יניב שפירא:
ליהודים בלבד",יניב שפירא,unknown,ליהודים בלבד,sector,unknown,,,sector,ליהודים בלבד,,,,,,,,,,,,,,
הצבעה,$I$71,"יניב שפירא:
1 = במידה רבה
2 = במידה מסוימת
3 = במידה מועטה
4 = בכלל לא",,scale,"יניב שפירא:
1 = במידה רבה
2 = במידה מסוימת
3 = במידה מועטה
4 = בכלל לא",unknown,unknown,,,scale,"1 = במידה רבה
2 = במידה מסוימת
3 = במידה מועטה
4 = בכלל לא",,,,,,,,,,,,,,
הצבעה,$V$71,"יניב שפירא:
1 = במידה רבה
2 = במידה מסויימת
3 = במידה מועטה
4 = בכלל לא",,scale,"יניב שפירא:
1 = במידה רבה
2 = במידה מסויימת
3 = במידה מועטה
4 = בכלל לא",unknown,unknown,,,scale,"1 = במידה רבה
2 = במידה מסויימת
3 = במידה מועטה
4 = בכלל לא",,,,,,,,,,,,,,
הצבעה,$AA$71,"יניב שפירא:
לאחר הבחירות",יניב שפירא,unknown,לאחר הבחירות,unknown,unknown,rephrase,clarification,rephrase,לאחר הבחירות,,,,,,,,,,,,,,
הצבעה,$AB$71,"יניב שפירא:
לאחר בחירות",יניב שפירא,unknown,לאחר בחירות,unknown,unknown,rephrase,clarification,rephrase,לאחר בחירות,,,,,,,,,,,,,,
הצבעה,$AE$71,"יניב שפירא:
1 = במידה רבה
2 = במידה מסוימת
3 = במידה מועטה
4 = בכלל לא",,scale,"יניב שפירא:
1 = במידה רבה
2 = במידה מסוימת
3 = במידה מועטה
4 = בכלל לא",unknown,unknown,,,scale,"1 = במידה רבה
2 = במידה מסוימת
3 = במידה מועטה
4 = בכלל לא",,,,,,,,,,,,,,
הצבעה,$I$73,"יניב שפירא:
1 = אין הבדל בין המפלגות
2 = ברור מי ינצח
3 = ממילא לא משנה עבור מי מצביעים כי זה לא משנה את המצב
4 = הפוליטיקה והפוליטיקאים נמאסו על הציבור
5 = יש הרגשה שאין במי לבחור
6 = לא אכפת לאנשים מפוליטיקה
",,scale,"יניב שפירא:
1 = אין הבדל בין המפלגות
2 = ברור מי ינצח
3 = ממילא לא משנה עבור מי מצביעים כי זה לא משנה את המצב
4 = הפוליטיקה והפוליטיקאים נמאסו על הציבור
5 = יש הרגשה שאין במי לבחור
6 = לא אכפת לאנשים מפוליטיקה
",unknown,unknown,,,scale,"1 = אין הבדל בין המפלגות
2 = ברור מי ינצח
3 = ממילא לא משנה עבור מי מצביעים כי זה לא משנה את המצב
4 = הפוליטיקה והפוליטיקאים נמאסו על הציבור
5 = יש הרגשה שאין במי לבחור
6 = לא אכפת לאנשים מפוליטיקה
",,,,,,,,,,,,,,
הצבעה,$U$73,"יניב שפירא:
1 = האנשים שעומדים בראש הרשימות דוחים
2 = אף רשימה לא מושכת, אין במי לבחור
3 = בדר""כ ברור מי ינצח, אין השפעה להצבעה
4 = לא ברורים להם ההבדלים בין המפלגות
5 = חושבים שאף מפלגה לא דואגת לעניינים של אנשים כמותם
6 = חושבים שכל הבחירות הם סתם משחק
7 = לא מתעניינים בפוליטיקה
8 = חושבים שצריך להרוס הכל ולהתחיל מחדש
9 = לא נמצאים בארץ",,scale,"יניב שפירא:
1 = האנשים שעומדים בראש הרשימות דוחים
2 = אף רשימה לא מושכת, אין במי לבחור
3 = בדר""כ ברור מי ינצח, אין השפעה להצבעה
4 = לא ברורים להם ההבדלים בין המפלגות
5 = חושבים שאף מפלגה לא דואגת לעניינים של אנשים כמותם
6 = חושבים שכל הבחירות הם סתם משחק
7 = לא מתעניינים בפוליטיקה
8 = חושבים שצריך להרוס הכל ולהתחיל מחדש
9 = לא נמצאים בארץ",unknown,unknown,,,scale,"1 = האנשים שעומדים בראש הרשימות דוחים
2 = אף רשימה לא מושכת, אין במי לבחור
3 = בדר""כ ברור מי ינצח, אין השפעה להצבעה
4 = לא ברורים להם ההבדלים בין המפלגות
5 = חושבים שאף מפלגה לא דואגת לעניינים של אנשים כמותם
6 = חושבים שכל הבחירות הם סתם משחק
7 = לא מתעניינים בפוליטיקה
8 = חושבים שצריך להרוס הכל ולהתחיל מחדש
9 = לא נמצאים בארץ",,,,,,,,,,,,,,
הצבעה,$J$74,"יניב שפירא:
1 = סיבה חשובה מאד
2 = סיבה חשובה
3 = לא בטוח
4 = לא סיבה חשובה
5 = בהחלט לא סיבה חשובה",,scale,"יניב שפירא:
1 = סיבה חשובה מאד
2 = סיבה חשובה
3 = לא בטוח
4 = לא סיבה חשובה
5 = בהחלט לא סיבה חשובה",unknown,unknown,,,scale,"1 = סיבה חשובה מאד
2 = סיבה חשובה
3 = לא בטוח
4 = לא סיבה חשובה
5 = בהחלט לא סיבה חשובה",,,,,,,,,,,,,,
הצבעה,$O$80,"יניב שפירא:
1 = שמיר
2 = רבין",,scale,"יניב שפירא:
1 = שמיר
2 = רבין",unknown,unknown,,,scale,"1 = שמיר
2 = רבין",,,,,,,,,,,,,,
הצבעה,$I$83,"יניב שפירא:
בחירות 2008
1 = כן
2 = לא",,scale,"יניב שפירא:
בחירות 2008
1 = כן
2 = לא",unknown,unknown,,,scale,"בחירות 2008
1 = כן
2 = לא",,,,,,,,,,,,,,
הצבעה,$I$84,"יניב שפירא:
1 = כן
2 = לא",,scale,"יניב שפירא:
1 = כן
2 = לא",unknown,unknown,,,scale,"1 = כן
2 = לא",,,,,,,,,,,,,,
הצבעה,$L$85,"יניב שפירא:
1 = פרס
2 = שרון",,scale,"יניב שפירא:
1 = פרס
2 = שרון",unknown,unknown,,,scale,"1 = פרס
2 = שרון",,,,,,,,,,,,,,
הצבעה,$L$86,"יניב שפירא:
1 = לא ישפיע כלל
2 = במידה מועטה
3 = במידה מסוימת
4 = במידה רבה",,scale,"יניב שפירא:
1 = לא ישפיע כלל
2 = במידה מועטה
3 = במידה מסוימת
4 = במידה רבה",unknown,unknown,,,scale,"1 = לא ישפיע כלל
2 = במידה מועטה
3 = במידה מסוימת
4 = במידה רבה",,,,,,,,,,,,,,
הצבעה,$N$86,"יניב שפירא:
1 = במידה רבה
2 = במידה בינונית
3 = במידה מועטה בלבד
4 = לא ישפיע כלל",,scale,"יניב שפירא:
1 = במידה רבה
2 = במידה בינונית
3 = במידה מועטה בלבד
4 = לא ישפיע כלל",unknown,unknown,,,scale,"1 = במידה רבה
2 = במידה בינונית
3 = במידה מועטה בלבד
4 = לא ישפיע כלל",,,,,,,,,,,,,,
הצבעה,$L$89,"יניב שפירא:
הניסוח:
""ההסכם עם הפלסטינים""",,scale,"יניב שפירא:
הניסוח:
""ההסכם עם הפלסטינים""",unknown,unknown,,,scale,"הניסוח:
""ההסכם עם הפלסטינים""",,,,,,,,,,,,,,
הצבעה,$L$91,"יניב שפירא:
1 = כלל לא ישפיע
2 = במידה מועטה
3 = במידה מסוימת
4 = במידה רבה",,scale,"יניב שפירא:
1 = כלל לא ישפיע
2 = במידה מועטה
3 = במידה מסוימת
4 = במידה רבה",unknown,unknown,,,scale,"1 = כלל לא ישפיע
2 = במידה מועטה
3 = במידה מסוימת
4 = במידה רבה",,,,,,,,,,,,,,
הצבעה,$N$92,"יניב שפירא:
מבצע ""ענבי זעם"" בלבנון",יניב שפירא,unknown,"מבצע ""ענבי זעם"" בלבנון",unknown,unknown,rephrase,,rephrase,"מבצע ""ענבי זעם"" בלבנון",,,,,,,,,,,,,,
הצבעה,$N$94,"יניב שפירא:
ארבע אפשרויות:
cccc6
cccc8
cccc10
cccc12",,scale,"יניב שפירא:
ארבע אפשרויות:
cccc6
cccc8
cccc10
cccc12",unknown,unknown,,,scale,"ארבע אפשרויות:
cccc6
cccc8
cccc10
cccc12",,,,,,,,,,,,,,
הצבעה,$Q$94,"יניב שפירא:
גם c21",יניב שפירא,sector,גם c21,unknown,unknown,,,sector,גם c21,,,,,,,,,,,,,,
הצבעה,$R$94,"יניב שפירא:
גם g28",יניב שפירא,sector,גם g28,unknown,unknown,,,sector,גם g28,,,,,,,,,,,,,,
הצבעה,$T$94,"יניב שפירא:
אילו היה לך פתק שני",יניב שפירא,unknown,אילו היה לך פתק שני,unknown,unknown,rephrase,,rephrase,אילו היה לך פתק שני,,,,,,,,,,,,,,
הצבעה,$O$97,"יניב שפירא:
1 = משפיע
2 = לא משפיע",,scale,"יניב שפירא:
1 = משפיע
2 = לא משפיע",unknown,unknown,,,scale,"1 = משפיע
2 = לא משפיע",,,,,,,,,,,,,,
הצבעה,$P$114,"יניב שפירא:
1 = 1949
2 = 1951
3 = 1955
4 = 1959
5 = 1961
6 = 1965
7 = 1969
8 = 1973
9 = 1977
10 = 1981
11 = 1984
12 = טרם השתתפתי בבחירות",,scale,"יניב שפירא:
1 = 1949
2 = 1951
3 = 1955
4 = 1959
5 = 1961
6 = 1965
7 = 1969
8 = 1973
9 = 1977
10 = 1981
11 = 1984
12 = טרם השתתפתי בבחירות",unknown,unknown,,,scale,"1 = 1949
2 = 1951
3 = 1955
4 = 1959
5 = 1961
6 = 1965
7 = 1969
8 = 1973
9 = 1977
10 = 1981
11 = 1984
12 = טרם השתתפתי בבחירות",,,,,,,,,,,,,,
הצבעה,$N$118,"יניב שפירא:
1 = כולם מצביעים כמוך
2 = חלק גדול
3 = חלק קטן
4 = אף אחד לא מצביע כמוך",,scale,"יניב שפירא:
1 = כולם מצביעים כמוך
2 = חלק גדול
3 = חלק קטן
4 = אף אחד לא מצביע כמוך",unknown,unknown,,,scale,"1 = כולם מצביעים כמוך
2 = חלק גדול
3 = חלק קטן
4 = אף אחד לא מצביע כמוך",,,,,,,,,,,,,,
הצבעה,$S$118,"יניב שפירא:
1 = כולם מצביעים כמוך
2 = חלק גדול
3 = חלק קטן
4 = אף אחד לא מצביע כמוך
5 = לא יודע איך הם מצביעים",,scale,"יניב שפירא:
1 = כולם מצביעים כמוך
2 = חלק גדול
3 = חלק קטן
4 = אף אחד לא מצביע כמוך
5 = לא יודע איך הם מצביעים",unknown,unknown,,,scale,"1 = כולם מצביעים כמוך
2 = חלק גדול
3 = חלק קטן
4 = אף אחד לא מצביע כמוך
5 = לא יודע איך הם מצביעים",,,,,,,,,,,,,,
הצבעה,$AG$118,"יניב שפירא:
1 = כן
2 = לא
3 = לא יודע איך מצביעים
4 = מצביע כמו חלק מהם",,scale,"יניב שפירא:
1 = כן
2 = לא
3 = לא יודע איך מצביעים
4 = מצביע כמו חלק מהם",unknown,unknown,,,scale,"1 = כן
2 = לא
3 = לא יודע איך מצביעים
4 = מצביע כמו חלק מהם",,,,,,,,,,,,,,
הצבעה,$AB$119,"יניב שפירא:
1 = רוב חברי יצביעו כמוני
2 = רוב חברי לא יצביעו כמוני
3 = לא יודע בעד מי הם מצביעים",,scale,"יניב שפירא:
1 = רוב חברי יצביעו כמוני
2 = רוב חברי לא יצביעו כמוני
3 = לא יודע בעד מי הם מצביעים",unknown,unknown,,,scale,"1 = רוב חברי יצביעו כמוני
2 = רוב חברי לא יצביעו כמוני
3 = לא יודע בעד מי הם מצביעים",,,,,,,,,,,,,,
הצבעה,$AG$119,"יניב שפירא:
1 = כן
2 = לא
3 = לא יודע איך מצביעים
4 = מצביע כמו חלק מהם",,scale,"יניב שפירא:
1 = כן
2 = לא
3 = לא יודע איך מצביעים
4 = מצביע כמו חלק מהם",unknown,unknown,,,scale,"1 = כן
2 = לא
3 = לא יודע איך מצביעים
4 = מצביע כמו חלק מהם",,,,,,,,,,,,,,
הצבעה,$AG$121,"יניב שפירא:
1 = כן
2 = לא
3 = לא יודע איך מצביעים
4 = מצביע כמו חלק מהם",,scale,"יניב שפירא:
1 = כן
2 = לא
3 = לא יודע איך מצביעים
4 = מצביע כמו חלק מהם",unknown,unknown,,,scale,"1 = כן
2 = לא
3 = לא יודע איך מצביעים
4 = מצביע כמו חלק מהם",,,,,,,,,,,,,,
הצבעה,$AB$122,"יניב שפירא:
1 = כן
2 = לא
3 = לא נשוי",,scale,"יניב שפירא:
1 = כן
2 = לא
3 = לא נשוי",unknown,unknown,,,scale,"1 = כן
2 = לא
3 = לא נשוי",,,,,,,,,,,,,,
הצבעה,$P$124,"יניב שפירא:
1 = במידה רבה מאד
2 = במידה רבה
3 = במידה מסוימת
4 = במידה קטנה ביותר
5 = כלל לא",,scale,"יניב שפירא:
1 = במידה רבה מאד
2 = במידה רבה
3 = במידה מסוימת
4 = במידה קטנה ביותר
5 = כלל לא",unknown,unknown,,,scale,"1 = במידה רבה מאד
2 = במידה רבה
3 = במידה מסוימת
4 = במידה קטנה ביותר
5 = כלל לא",,,,,,,,,,,,,,
הצבעה,$P$125,"יניב שפירא:
1 = אבא
2 = אמא
3 = אח/אחות
4 = בן/בת זוג
5 = בן/בת
6 = אחר
7 = שני ההורים במידה שווה
8 = כל בני משפחתי במידה שווה
9 = אף אחד לא השפיע",,scale,"יניב שפירא:
1 = אבא
2 = אמא
3 = אח/אחות
4 = בן/בת זוג
5 = בן/בת
6 = אחר
7 = שני ההורים במידה שווה
8 = כל בני משפחתי במידה שווה
9 = אף אחד לא השפיע",unknown,unknown,,,scale,"1 = אבא
2 = אמא
3 = אח/אחות
4 = בן/בת זוג
5 = בן/בת
6 = אחר
7 = שני ההורים במידה שווה
8 = כל בני משפחתי במידה שווה
9 = אף אחד לא השפיע",,,,,,,,,,,,,,
הצבעה,$P$126,"יניב שפירא:
1 = המשפחה שלי
2 = ידידי הקרובים
3 = החברים בעבודה
4 = אנשי התנועה/ארגון שאני משתייך אליו
5 = כל הקבוצות במידה שווה
6 = לאף קבוצה אין השפעה",,scale,"יניב שפירא:
1 = המשפחה שלי
2 = ידידי הקרובים
3 = החברים בעבודה
4 = אנשי התנועה/ארגון שאני משתייך אליו
5 = כל הקבוצות במידה שווה
6 = לאף קבוצה אין השפעה",unknown,unknown,,,scale,"1 = המשפחה שלי
2 = ידידי הקרובים
3 = החברים בעבודה
4 = אנשי התנועה/ארגון שאני משתייך אליו
5 = כל הקבוצות במידה שווה
6 = לאף קבוצה אין השפעה",,,,,,,,,,,,,,
הצבעה,$P$127,"יניב שפירא:
1 = במידה רבה מאד
2 = במידה רבה
3 = במידה מסוימת
4 = במידה קטנה
5 = כלל לא",,scale,"יניב שפירא:
1 = במידה רבה מאד
2 = במידה רבה
3 = במידה מסוימת
4 = במידה קטנה
5 = כלל לא",unknown,unknown,,,scale,"1 = במידה רבה מאד
2 = במידה רבה
3 = במידה מסוימת
4 = במידה קטנה
5 = כלל לא",,,,,,,,,,,,,,
הצבעה,$Q$128,"יניב שפירא:
1 = לא השתנה
2 = התחזקה הנטייה להציע לליכוד או למחנה שלו
3 = התחזקה הנטייה להצביע למערך או למחנה שלו
4 = התחזקה הנטייה להצביע למפלגות הדתיות",,scale,"יניב שפירא:
1 = לא השתנה
2 = התחזקה הנטייה להציע לליכוד או למחנה שלו
3 = התחזקה הנטייה להצביע למערך או למחנה שלו
4 = התחזקה הנטייה להצביע למפלגות הדתיות",unknown,unknown,,,scale,"1 = לא השתנה
2 = התחזקה הנטייה להציע לליכוד או למחנה שלו
3 = התחזקה הנטייה להצביע למערך או למחנה שלו
4 = התחזקה הנטייה להצביע למפלגות הדתיות",,,,,,,,,,,,,,
הצבעה,$S$131,"יניב שפירא:
1 = ישפיע במידה רבה
2 = במידה מסוימת
3 = במידה מועטה
4 = לא ישפיע כלל",,scale,"יניב שפירא:
1 = ישפיע במידה רבה
2 = במידה מסוימת
3 = במידה מועטה
4 = לא ישפיע כלל",unknown,unknown,,,scale,"1 = ישפיע במידה רבה
2 = במידה מסוימת
3 = במידה מועטה
4 = לא ישפיע כלל",,,,,,,,,,,,,,
הצבעה,$S$132,"יניב שפירא:
1 = בטוח לגמרי
2 = חושב אך לא בטוח
3 = כלל לא בטוח",,scale,"יניב שפירא:
1 = בטוח לגמרי
2 = חושב אך לא בטוח
3 = כלל לא בטוח",unknown,unknown,,,scale,"1 = בטוח לגמרי
2 = חושב אך לא בטוח
3 = כלל לא בטוח",,,,,,,,,,,,,,
הצבעה,$T$134,"יניב שפירא:
1 = במידה רבה
2 = במידה מסויימת
3 = במידה מועטה
4 = כלל לא תשפיע",,scale,"יניב שפירא:
1 = במידה רבה
2 = במידה מסויימת
3 = במידה מועטה
4 = כלל לא תשפיע",unknown,unknown,,,scale,"1 = במידה רבה
2 = במידה מסויימת
3 = במידה מועטה
4 = כלל לא תשפיע",,,,,,,,,,,,,,
הצבעה,$U$135,"יניב שפירא:
1 = התכנית הכלכלית של ארידור
2 = התכנית האלטרנטיבית של המערך
3 = המשפט של אבו-חצירה
4 = היריבות בין מנהיגי מפלגת העבודה
5 = התיפקוד של הממשלה
6 = הבחירות להסתדרות",,scale,"יניב שפירא:
1 = התכנית הכלכלית של ארידור
2 = התכנית האלטרנטיבית של המערך
3 = המשפט של אבו-חצירה
4 = היריבות בין מנהיגי מפלגת העבודה
5 = התיפקוד של הממשלה
6 = הבחירות להסתדרות",unknown,unknown,,,scale,"1 = התכנית הכלכלית של ארידור
2 = התכנית האלטרנטיבית של המערך
3 = המשפט של אבו-חצירה
4 = היריבות בין מנהיגי מפלגת העבודה
5 = התיפקוד של הממשלה
6 = הבחירות להסתדרות",,,,,,,,,,,,,,
הצבעה,$T$136,"יניב שפירא:
1 = לא מתכנן נסיעה
2 = מתכנן נסיעה אך אהיה בארץ בבחירות
3 = מתכנן נסיעה ולא אהיה בארץ בבחירות",,scale,"יניב שפירא:
1 = לא מתכנן נסיעה
2 = מתכנן נסיעה אך אהיה בארץ בבחירות
3 = מתכנן נסיעה ולא אהיה בארץ בבחירות",unknown,unknown,,,scale,"1 = לא מתכנן נסיעה
2 = מתכנן נסיעה אך אהיה בארץ בבחירות
3 = מתכנן נסיעה ולא אהיה בארץ בבחירות",,,,,,,,,,,,,,
הצבעה,$T$137,"יניב שפירא:
1 = בטוח במידה רבה
2 = במידה מסויימת
3 = במידה מועטה
4 = לא בטוח כלל",,scale,"יניב שפירא:
1 = בטוח במידה רבה
2 = במידה מסויימת
3 = במידה מועטה
4 = לא בטוח כלל",unknown,unknown,,,scale,"1 = בטוח במידה רבה
2 = במידה מסויימת
3 = במידה מועטה
4 = לא בטוח כלל",,,,,,,,,,,,,,
הצבעה,$AB$137,"יניב שפירא:
1 = במידה רבה
2 = במידה מסוימת
3 = במידה מועטה
4 = כלל לא
5 = לא אצביע",,scale,"יניב שפירא:
1 = במידה רבה
2 = במידה מסוימת
3 = במידה מועטה
4 = כלל לא
5 = לא אצביע",unknown,unknown,,,scale,"1 = במידה רבה
2 = במידה מסוימת
3 = במידה מועטה
4 = כלל לא
5 = לא אצביע",,,,,,,,,,,,,,
הצבעה,$AD$138,"יניב שפירא:
9 = בטוח במי יצביע",יניב שפירא,unknown,9 = בטוח במי יצביע,unknown,unknown,specialValue,,specialValue,9 = בטוח במי יצביע,,,,,,,,,,,,,,
הצבעה,$T$139,"יניב שפירא:
1 = יום לפני הבחירות
2 = כמה ימים לפני הבחירות
3 = שבועיים לפני הבחירות
4 = 3 שבועות לפני הבחירות
5 = בימים הקרובים
6 = איני יודע מתי",,scale,"יניב שפירא:
1 = יום לפני הבחירות
2 = כמה ימים לפני הבחירות
3 = שבועיים לפני הבחירות
4 = 3 שבועות לפני הבחירות
5 = בימים הקרובים
6 = איני יודע מתי",unknown,unknown,,,scale,"1 = יום לפני הבחירות
2 = כמה ימים לפני הבחירות
3 = שבועיים לפני הבחירות
4 = 3 שבועות לפני הבחירות
5 = בימים הקרובים
6 = איני יודע מתי",,,,,,,,,,,,,,
הצבעה,$AD$139,"יניב שפירא:
1 = בימים אלו
2 = בחודש הקרוב
3 = סמוך למועד הבחירות
9 = בטוח במי יצביע",,scale,"יניב שפירא:
1 = בימים אלו
2 = בחודש הקרוב
3 = סמוך למועד הבחירות
9 = בטוח במי יצביע",unknown,unknown,,,scale,"1 = בימים אלו
2 = בחודש הקרוב
3 = סמוך למועד הבחירות
9 = בטוח במי יצביע",,,,,,,,,,,,,,
הצבעה,$AD$140,"יניב שפירא:
9 = בטוח במי להצביע",יניב שפירא,unknown,9 = בטוח במי להצביע,unknown,unknown,specialValue,,specialValue,9 = בטוח במי להצביע,,,,,,,,,,,,,,
הצבעה,$T$143,"יניב שפירא:
1 = יותר
2 = פחות
3 = אותו דבר
4 = לא יודע",,scale,"יניב שפירא:
1 = יותר
2 = פחות
3 = אותו דבר
4 = לא יודע",unknown,unknown,,,scale,"1 = יותר
2 = פחות
3 = אותו דבר
4 = לא יודע",,,,,,,,,,,,,,
הצבעה,$AD$144,"יניב שפירא:
1 = הרבה יותר ברור
2 = יותר ברור
3 = פחות ברור
4 = הרבה פחות ברור
5 = ברור באותה מידה",,scale,"יניב שפירא:
1 = הרבה יותר ברור
2 = יותר ברור
3 = פחות ברור
4 = הרבה פחות ברור
5 = ברור באותה מידה",unknown,unknown,,,scale,"1 = הרבה יותר ברור
2 = יותר ברור
3 = פחות ברור
4 = הרבה פחות ברור
5 = ברור באותה מידה",,,,,,,,,,,,,,
הצבעה,$A$145,"יניב שפירא:
בהמשך לשאלה אחת למעלה",יניב שפירא,unknown,בהמשך לשאלה אחת למעלה,unknown,unknown,followupQuestion,,followupQuestion,בהמשך לשאלה אחת למעלה,,,,,,,,,,,,,,
הצבעה,$AG$146,"יניב שפירא:
ובנוסף b63",יניב שפירא,unknown,ובנוסף b63,unknown,unknown,askedTwice,,askedTwice,ובנוסף b63,,,,,,,,,,,,,,
הצבעה,$AH$146,"יניב שפירא:
בנוסף B68",יניב שפירא,unknown,בנוסף B68,unknown,unknown,askedTwice,,askedTwice,בנוסף B68,,,,,,,,,,,,,,
הצבעה,$U$147,"יניב שפירא:
1 = לא ברור עדיין מי יהיו המועמדים לכנסת
2 = לא ברור מי המנהיגים או מי הצוות המוביל
3 = ראשי הרשימות לא מושכים אותם
4 = מצע המפלגה לא ברור
5 = המצע של אף מפלגה לא מושך
6 = ההבדלים בין המפלגות לא ברורים
7 = מחכים למערכת הבחירות
8 = מחכים להתפתחויות פוליטיות/כלכליות
9 = אין להם זיקה לאף מפלגה",,scale,"יניב שפירא:
1 = לא ברור עדיין מי יהיו המועמדים לכנסת
2 = לא ברור מי המנהיגים או מי הצוות המוביל
3 = ראשי הרשימות לא מושכים אותם
4 = מצע המפלגה לא ברור
5 = המצע של אף מפלגה לא מושך
6 = ההבדלים בין המפלגות לא ברורים
7 = מחכים למערכת הבחירות
8 = מחכים להתפתחויות פוליטיות/כלכליות
9 = אין להם זיקה לאף מפלגה",unknown,unknown,,,scale,"1 = לא ברור עדיין מי יהיו המועמדים לכנסת
2 = לא ברור מי המנהיגים או מי הצוות המוביל
3 = ראשי הרשימות לא מושכים אותם
4 = מצע המפלגה לא ברור
5 = המצע של אף מפלגה לא מושך
6 = ההבדלים בין המפלגות לא ברורים
7 = מחכים למערכת הבחירות
8 = מחכים להתפתחויות פוליטיות/כלכליות
9 = אין להם זיקה לאף מפלגה",,,,,,,,,,,,,,
הצבעה,$AE$148,"יניב שפירא:
1 = מחליט מוקדם
2 = מחכה",,scale,"יניב שפירא:
1 = מחליט מוקדם
2 = מחכה",unknown,unknown,,,scale,"1 = מחליט מוקדם
2 = מחכה",,,,,,,,,,,,,,
הצבעה,$U$149,"יניב שפירא:
1 = חוגי בית
2 = ביקורים של מנהיגים בשכונה
3 = ביקור של הנציגים של המפלגות בבית
4 = אסיפות
5 = ביקורים של נציגי המפלגות במקומות העבודה
6 = סיורים וטיולים מטעם המפלגה
7 = שיחות עם חברים
8 = כולם באותה מידה
9 = אף אחד לא יעזור",,scale,"יניב שפירא:
1 = חוגי בית
2 = ביקורים של מנהיגים בשכונה
3 = ביקור של הנציגים של המפלגות בבית
4 = אסיפות
5 = ביקורים של נציגי המפלגות במקומות העבודה
6 = סיורים וטיולים מטעם המפלגה
7 = שיחות עם חברים
8 = כולם באותה מידה
9 = אף אחד לא יעזור",unknown,unknown,,,scale,"1 = חוגי בית
2 = ביקורים של מנהיגים בשכונה
3 = ביקור של הנציגים של המפלגות בבית
4 = אסיפות
5 = ביקורים של נציגי המפלגות במקומות העבודה
6 = סיורים וטיולים מטעם המפלגה
7 = שיחות עם חברים
8 = כולם באותה מידה
9 = אף אחד לא יעזור",,,,,,,,,,,,,,
הצבעה,$A$150,"יניב שפירא:
בהמשך לשאלה a27
דרך נוספת",,scale,"יניב שפירא:
בהמשך לשאלה a27
דרך נוספת",unknown,unknown,,,scale,"בהמשך לשאלה a27
דרך נוספת",,,,,,,,,,,,,,
הצבעה,$U$151,"יניב שפירא:
1 = מאמרים בעיתון
2 = מודעות של המפלגה בעיתון
3 = שידורי תעמולת בחירות ברדיו
4 = שידורי תעמולת בחירות בטלוויזיה
5 = דיונים וכתבות בטלוויזיה על הנעשה בארץ
6 = פרסומות ברחובות
7 = מכתבים או עלונים הביתה
8 = כולם במידה שווה
9 = אף אחד לא יעזור",,scale,"יניב שפירא:
1 = מאמרים בעיתון
2 = מודעות של המפלגה בעיתון
3 = שידורי תעמולת בחירות ברדיו
4 = שידורי תעמולת בחירות בטלוויזיה
5 = דיונים וכתבות בטלוויזיה על הנעשה בארץ
6 = פרסומות ברחובות
7 = מכתבים או עלונים הביתה
8 = כולם במידה שווה
9 = אף אחד לא יעזור",unknown,unknown,,,scale,"1 = מאמרים בעיתון
2 = מודעות של המפלגה בעיתון
3 = שידורי תעמולת בחירות ברדיו
4 = שידורי תעמולת בחירות בטלוויזיה
5 = דיונים וכתבות בטלוויזיה על הנעשה בארץ
6 = פרסומות ברחובות
7 = מכתבים או עלונים הביתה
8 = כולם במידה שווה
9 = אף אחד לא יעזור",,,,,,,,,,,,,,
הצבעה,$AE$151,"יניב שפירא:
פתוח",יניב שפירא,unknown,פתוח,unknown,open,,,open,פתוח,,,,,,,,,,,,,,
הצבעה,$A$152,"יניב שפירא:
בהמשך לשאלה a29",יניב שפירא,unknown,בהמשך לשאלה a29,unknown,unknown,followupQuestion,,followupQuestion,בהמשך לשאלה a29,,,,,,,,,,,,,,
הצבעה,$V$153,"יניב שפירא:
1 = בעד המפלגה עבורה אצביע
2 = נגד מפלגה אחרת
3 = שתי הסיבות נכונות
4 = לא יודע לא חשבתי על זה
",,scale,"יניב שפירא:
1 = בעד המפלגה עבורה אצביע
2 = נגד מפלגה אחרת
3 = שתי הסיבות נכונות
4 = לא יודע לא חשבתי על זה
",unknown,unknown,,,scale,"1 = בעד המפלגה עבורה אצביע
2 = נגד מפלגה אחרת
3 = שתי הסיבות נכונות
4 = לא יודע לא חשבתי על זה
",,,,,,,,,,,,,,
הצבעה,$V$154,"יניב שפירא:
1 = כן
2 = לא
3 = לא הצבעתי בעבר",,scale,"יניב שפירא:
1 = כן
2 = לא
3 = לא הצבעתי בעבר",unknown,unknown,,,scale,"1 = כן
2 = לא
3 = לא הצבעתי בעבר",,,,,,,,,,,,,,
הצבעה,$V$157,"יניב שפירא:
1 = ישפיע במידה רבה
2 = ישפיע במידה מסויימת
3 = ישפיע במידה מועטה
4 = לא ישפיע כלל",,scale,"יניב שפירא:
1 = ישפיע במידה רבה
2 = ישפיע במידה מסויימת
3 = ישפיע במידה מועטה
4 = לא ישפיע כלל",unknown,unknown,,,scale,"1 = ישפיע במידה רבה
2 = ישפיע במידה מסויימת
3 = ישפיע במידה מועטה
4 = לא ישפיע כלל",,,,,,,,,,,,,,
הצבעה,$V$158,"יניב שפירא:
1 = כן
2 = לא
3 = לא החלטתי
4 = לא אצביע",,scale,"יניב שפירא:
1 = כן
2 = לא
3 = לא החלטתי
4 = לא אצביע",unknown,unknown,,,scale,"1 = כן
2 = לא
3 = לא החלטתי
4 = לא אצביע",,,,,,,,,,,,,,
הצבעה,$W$159,"יניב שפירא:
1 = אמון בהנגת המפלגה שהצבעתי לה
2 = אי אמון של הממשלה בראשות המערך
3 = הרצון למחות נגד שלטון המערך
4 = הרצון לתמוך בשלטון המערך
5 = פחד מפני קיצוניות הליכוד",,scale,"יניב שפירא:
1 = אמון בהנגת המפלגה שהצבעתי לה
2 = אי אמון של הממשלה בראשות המערך
3 = הרצון למחות נגד שלטון המערך
4 = הרצון לתמוך בשלטון המערך
5 = פחד מפני קיצוניות הליכוד",unknown,unknown,,,scale,"1 = אמון בהנגת המפלגה שהצבעתי לה
2 = אי אמון של הממשלה בראשות המערך
3 = הרצון למחות נגד שלטון המערך
4 = הרצון לתמוך בשלטון המערך
5 = פחד מפני קיצוניות הליכוד",,,,,,,,,,,,,,
הצבעה,$W$160,"יניב שפירא:
1 = בטחון
2 = כלכלה
3 = פער חברתי
4 = שלום
5 = זוגות צעירים
6 = שינוי שיטת הבחירות
7 = קליטת עליה
8 = חינוך
9 = אחר",,scale,"יניב שפירא:
1 = בטחון
2 = כלכלה
3 = פער חברתי
4 = שלום
5 = זוגות צעירים
6 = שינוי שיטת הבחירות
7 = קליטת עליה
8 = חינוך
9 = אחר",unknown,unknown,,,scale,"1 = בטחון
2 = כלכלה
3 = פער חברתי
4 = שלום
5 = זוגות צעירים
6 = שינוי שיטת הבחירות
7 = קליטת עליה
8 = חינוך
9 = אחר",,,,,,,,,,,,,,
הצבעה,$W$161,"יניב שפירא:
1 = בטוח מאד
2 = בטוח
3 = לא כ""כ בטוח
4 = בכלל לא בטוח",,scale,"יניב שפירא:
1 = בטוח מאד
2 = בטוח
3 = לא כ""כ בטוח
4 = בכלל לא בטוח",unknown,unknown,,,scale,"1 = בטוח מאד
2 = בטוח
3 = לא כ""כ בטוח
4 = בכלל לא בטוח",,,,,,,,,,,,,,
הצבעה,$Z$162,"יניב שפירא:
1 = בטוח שאשנה
2 = חושב שאשנה
3 = חושב שלא אשנה
4 = בטוח שאשנה",,scale,"יניב שפירא:
1 = בטוח שאשנה
2 = חושב שאשנה
3 = חושב שלא אשנה
4 = בטוח שאשנה",unknown,unknown,,,scale,"1 = בטוח שאשנה
2 = חושב שאשנה
3 = חושב שלא אשנה
4 = בטוח שאשנה",,,,,,,,,,,,,,
הצבעה,$AE$163,"יניב שפירא:
1 = בטוח שכן
2 = חושב שכן
3 = חושב שלא
4 = בטוח שלא",,scale,"יניב שפירא:
1 = בטוח שכן
2 = חושב שכן
3 = חושב שלא
4 = בטוח שלא",unknown,unknown,,,scale,"1 = בטוח שכן
2 = חושב שכן
3 = חושב שלא
4 = בטוח שלא",,,,,,,,,,,,,,
הצבעה,$Z$164,"יניב שפירא:
1 = בטוח שאשנה
2 = חושב שאשנה
3 = חושב שלא אשנה
4 = בטוח לא אשנה
5 = אם זה יקרה, לא אצביע כלל
6 = לא אצביע בלאו הכי
7 = לא תומך באף מפלגה",,scale,"יניב שפירא:
1 = בטוח שאשנה
2 = חושב שאשנה
3 = חושב שלא אשנה
4 = בטוח לא אשנה
5 = אם זה יקרה, לא אצביע כלל
6 = לא אצביע בלאו הכי
7 = לא תומך באף מפלגה",unknown,unknown,,,scale,"1 = בטוח שאשנה
2 = חושב שאשנה
3 = חושב שלא אשנה
4 = בטוח לא אשנה
5 = אם זה יקרה, לא אצביע כלל
6 = לא אצביע בלאו הכי
7 = לא תומך באף מפלגה",,,,,,,,,,,,,,
הצבעה,$AG$164,"יניב שפירא:
1 = אשנה
2 = לא אשנה
3 = לא אצביע כלל אם ככה
4 = אין נושא חשוב במיוחד",,scale,"יניב שפירא:
1 = אשנה
2 = לא אשנה
3 = לא אצביע כלל אם ככה
4 = אין נושא חשוב במיוחד",unknown,unknown,,,scale,"1 = אשנה
2 = לא אשנה
3 = לא אצביע כלל אם ככה
4 = אין נושא חשוב במיוחד",,,,,,,,,,,,,,
הצבעה,$Z$165,"יניב שפירא:
1 = בטוח אצביע עבור המפלגה
2 = חושב שאצביע עבורה
3 = חושב שלא אצביע עבורה
4 = בטוח שלא אצביע עבורה
5 = אם זה יקרה, לא אצביע כלל
6 = לא אצביע בלאו הכי
7 = אין מועמד מועדף
8 = לא תומך באף מפלגה",,scale,"יניב שפירא:
1 = בטוח אצביע עבור המפלגה
2 = חושב שאצביע עבורה
3 = חושב שלא אצביע עבורה
4 = בטוח שלא אצביע עבורה
5 = אם זה יקרה, לא אצביע כלל
6 = לא אצביע בלאו הכי
7 = אין מועמד מועדף
8 = לא תומך באף מפלגה",unknown,unknown,,,scale,"1 = בטוח אצביע עבור המפלגה
2 = חושב שאצביע עבורה
3 = חושב שלא אצביע עבורה
4 = בטוח שלא אצביע עבורה
5 = אם זה יקרה, לא אצביע כלל
6 = לא אצביע בלאו הכי
7 = אין מועמד מועדף
8 = לא תומך באף מפלגה",,,,,,,,,,,,,,
הצבעה,$AG$165,"יניב שפירא:
1 = אצביע בכל זאת
2 = לא אצביע לה
3 = לא אצביע בכלל
4 = אין מועמד מסוים",,scale,"יניב שפירא:
1 = אצביע בכל זאת
2 = לא אצביע לה
3 = לא אצביע בכלל
4 = אין מועמד מסוים",unknown,unknown,,,scale,"1 = אצביע בכל זאת
2 = לא אצביע לה
3 = לא אצביע בכלל
4 = אין מועמד מסוים",,,,,,,,,,,,,,
הצבעה,$Z$166,"יניב שפירא:
1 = מפ""ם
2 = מפלגת העבודה
3 = אף אחד מהם",,scale,"יניב שפירא:
1 = מפ""ם
2 = מפלגת העבודה
3 = אף אחד מהם",unknown,unknown,,,scale,"1 = מפ""ם
2 = מפלגת העבודה
3 = אף אחד מהם",,,,,,,,,,,,,,
הצבעה,$AA$167,"יניב שפירא:
1 = כן
2 = לא
3 = לא בחרתי ב1969
4 = לא הצבעתי הפעם",,scale,"יניב שפירא:
1 = כן
2 = לא
3 = לא בחרתי ב1969
4 = לא הצבעתי הפעם",unknown,unknown,,,scale,"1 = כן
2 = לא
3 = לא בחרתי ב1969
4 = לא הצבעתי הפעם",,,,,,,,,,,,,,
הצבעה,$AA$168,"יניב שפירא:
1 = כן
2 = לא
3 = לא הצבעתי",,scale,"יניב שפירא:
1 = כן
2 = לא
3 = לא הצבעתי",,unknown,,,scale,"1 = כן
2 = לא
3 = לא הצבעתי",,,,,,,,,,,,,,
הצבעה,$AC$168,"יניב שפירא:
1 = כן
2 = לא
3 = מתלבט",,scale,"יניב שפירא:
1 = כן
2 = לא
3 = מתלבט",,unknown,,,scale,"1 = כן
2 = לא
3 = מתלבט",,,,,,,,,,,,,,
הצבעה,$AA$169,"יניב שפירא:
1 = קשה מאד
2 = קשה
3 = לא כ""כ קשה
4 = בכלל לא קשה",,scale,"יניב שפירא:
1 = קשה מאד
2 = קשה
3 = לא כ""כ קשה
4 = בכלל לא קשה",,unknown,,,scale,"1 = קשה מאד
2 = קשה
3 = לא כ""כ קשה
4 = בכלל לא קשה",,,,,,,,,,,,,,
הצבעה,$AA$170,"יניב שפירא:
1 = במידה רבה
2 = במידה מסויימת
3 = במידה מועטה
4 = כלל לא",,scale,"יניב שפירא:
1 = במידה רבה
2 = במידה מסויימת
3 = במידה מועטה
4 = כלל לא",,unknown,,,scale,"1 = במידה רבה
2 = במידה מסויימת
3 = במידה מועטה
4 = כלל לא",,,,,,,,,,,,,,
הצבעה,$AA$171,"יניב שפירא:
1 = להזדהות עם אישים פוליטיים
2 = להתנהג כמו חברי
3 = להזדהות עם המפלגה שאני תומך בה
4 = להשפיע איזו מפלגה תהיה בשלטון
5 = להרגיש שאני חלק מהמדינה והעם
6 = להביע את דעותיי בעניינים פוליטיים
7 = גורמת לי הנאה בגלל שאני משתתף באירוע חגיגי
8 = למלא את חובתי למדינה
9 = להביע מחאה נגד השלטון",,scale,"יניב שפירא:
1 = להזדהות עם אישים פוליטיים
2 = להתנהג כמו חברי
3 = להזדהות עם המפלגה שאני תומך בה
4 = להשפיע איזו מפלגה תהיה בשלטון
5 = להרגיש שאני חלק מהמדינה והעם
6 = להביע את דעותיי בעניינים פוליטיים
7 = גורמת לי הנאה בגלל שאני משתתף באירוע חגיגי
8 = למלא את חובתי למדינה
9 = להביע מחאה נגד השלטון",,unknown,,,scale,"1 = להזדהות עם אישים פוליטיים
2 = להתנהג כמו חברי
3 = להזדהות עם המפלגה שאני תומך בה
4 = להשפיע איזו מפלגה תהיה בשלטון
5 = להרגיש שאני חלק מהמדינה והעם
6 = להביע את דעותיי בעניינים פוליטיים
7 = גורמת לי הנאה בגלל שאני משתתף באירוע חגיגי
8 = למלא את חובתי למדינה
9 = להביע מחאה נגד השלטון",,,,,,,,,,,,,,
הצבעה,$AE$171,"יניב שפירא:
1 = נותן לי להרגיש חלק מהעם
2 = להביע הזדהות עם המפלגה שאני תומך בה
3 = כדי לבחור מי יהיה בשלטון
4 = כדי להביע ביקורת נגד השלטון
5 = כי חברים שלי מצביעים ולא בא לי להיות שונה
6 = כדי למלא את חובתי למדינה
7 = לא מצביע",,scale,"יניב שפירא:
1 = נותן לי להרגיש חלק מהעם
2 = להביע הזדהות עם המפלגה שאני תומך בה
3 = כדי לבחור מי יהיה בשלטון
4 = כדי להביע ביקורת נגד השלטון
5 = כי חברים שלי מצביעים ולא בא לי להיות שונה
6 = כדי למלא את חובתי למדינה
7 = לא מצביע",,unknown,,,scale,"1 = נותן לי להרגיש חלק מהעם
2 = להביע הזדהות עם המפלגה שאני תומך בה
3 = כדי לבחור מי יהיה בשלטון
4 = כדי להביע ביקורת נגד השלטון
5 = כי חברים שלי מצביעים ולא בא לי להיות שונה
6 = כדי למלא את חובתי למדינה
7 = לא מצביע",,,,,,,,,,,,,,
הצבעה,$AG$172,"יניב שפירא:
1 = כן
2 = לא
3 = טרם החלטתי",,scale,"יניב שפירא:
1 = כן
2 = לא
3 = טרם החלטתי",,unknown,,,scale,"1 = כן
2 = לא
3 = טרם החלטתי",,,,,,,,,,,,,,
הצבעה,$AF$174,"יניב שפירא:
1965",יניב שפירא,unknown,"₪1,965",unknown,unknown,rephrase,clarification,rephrase,"₪1,965",,,,,,,,,,,,,,
הצבעה,$AF$175,"יניב שפירא:
1 = יש גורם אחד חשוב בהרבה מהיתר
2 = יש גורם אחד שהוא קצת יותר חשוב מהיתר
3 = כל הגורמים חשובים באותה מידה
4 = אף אחד מהגורמים לא חשוב",,scale,"יניב שפירא:
1 = יש גורם אחד חשוב בהרבה מהיתר
2 = יש גורם אחד שהוא קצת יותר חשוב מהיתר
3 = כל הגורמים חשובים באותה מידה
4 = אף אחד מהגורמים לא חשוב",,unknown,,,scale,"1 = יש גורם אחד חשוב בהרבה מהיתר
2 = יש גורם אחד שהוא קצת יותר חשוב מהיתר
3 = כל הגורמים חשובים באותה מידה
4 = אף אחד מהגורמים לא חשוב",,,,,,,,,,,,,,
הצבעה,$AF$176,"יניב שפירא:
1 = הזדהות עם המפלגה
2 = מועמד המפלגה
3 = עמדות המפלגה
4 = מקומה של המפלגה
5 = אף אחד מאלו
6 = אחר",,scale,"יניב שפירא:
1 = הזדהות עם המפלגה
2 = מועמד המפלגה
3 = עמדות המפלגה
4 = מקומה של המפלגה
5 = אף אחד מאלו
6 = אחר",,unknown,,,scale,"1 = הזדהות עם המפלגה
2 = מועמד המפלגה
3 = עמדות המפלגה
4 = מקומה של המפלגה
5 = אף אחד מאלו
6 = אחר",,,,,,,,,,,,,,
הצבעה,$AA$177,"יניב שפירא:
1 = כן
2 = לא
3 = הרשימה שהצבעתי לעירייה לא רצה לכנסת
4 = לא הצבעתי לכנסת
5 = לא הצבעתי לעירייה
6 = לא הצבעתי כלל",,scale,"יניב שפירא:
1 = כן
2 = לא
3 = הרשימה שהצבעתי לעירייה לא רצה לכנסת
4 = לא הצבעתי לכנסת
5 = לא הצבעתי לעירייה
6 = לא הצבעתי כלל",,unknown,,,scale,"1 = כן
2 = לא
3 = הרשימה שהצבעתי לעירייה לא רצה לכנסת
4 = לא הצבעתי לכנסת
5 = לא הצבעתי לעירייה
6 = לא הצבעתי כלל",,,,,,,,,,,,,,
הצבעה,$AF$177,"יניב שפירא:
1 = כן
2 = לא
3 = לא אצביע לעירייה
4 = טרם החלטתי למי להצביע לעירייה
5 = לא אצביע לכנסת
6 = טרם החלטתי למי להצביע לכנסת",,scale,"יניב שפירא:
1 = כן
2 = לא
3 = לא אצביע לעירייה
4 = טרם החלטתי למי להצביע לעירייה
5 = לא אצביע לכנסת
6 = טרם החלטתי למי להצביע לכנסת",,unknown,,,scale,"1 = כן
2 = לא
3 = לא אצביע לעירייה
4 = טרם החלטתי למי להצביע לעירייה
5 = לא אצביע לכנסת
6 = טרם החלטתי למי להצביע לכנסת",,,,,,,,,,,,,,
הצבעה,$AB$179,"יניב שפירא:
1 = במידה רבה
2 = במידה מסוימת
3 = במידה מועטה
4 = בכלל לא
5 = אין לי בן/בת זוג",,scale,"יניב שפירא:
1 = במידה רבה
2 = במידה מסוימת
3 = במידה מועטה
4 = בכלל לא
5 = אין לי בן/בת זוג",,unknown,,,scale,"1 = במידה רבה
2 = במידה מסוימת
3 = במידה מועטה
4 = בכלל לא
5 = אין לי בן/בת זוג",,,,,,,,,,,,,,
הצבעה,$AB$180,"יניב שפירא:
1 = הרבה יותר קשה
2 = קצת יותר קשה
3 = באותה מידה
4 = קצת פחות קשה
5 = הרבה פחות קשה",,scale,"יניב שפירא:
1 = הרבה יותר קשה
2 = קצת יותר קשה
3 = באותה מידה
4 = קצת פחות קשה
5 = הרבה פחות קשה",,unknown,,,scale,"1 = הרבה יותר קשה
2 = קצת יותר קשה
3 = באותה מידה
4 = קצת פחות קשה
5 = הרבה פחות קשה",,,,,,,,,,,,,,
הצבעה,$A$181,"יניב שפירא:
לנשים בלבד",יניב שפירא,unknown,לנשים בלבד,unknown,unknown,specialSector,women,specialSector,לנשים בלבד,,,,,,,,,,,,,,
הצבעה,$AB$181,"יניב שפירא:
1 = כן בהחלט
2 = חושבת שכן
3 = חושבת שלא
4 = בכלל לא
5 = לא יודעת בעד מי בעלי רוצה שאצביע
6 = לא חשוב לו עבור מי אצביע
7 = אני גבר",,scale,"יניב שפירא:
1 = כן בהחלט
2 = חושבת שכן
3 = חושבת שלא
4 = בכלל לא
5 = לא יודעת בעד מי בעלי רוצה שאצביע
6 = לא חשוב לו עבור מי אצביע
7 = אני גבר",,unknown,,,scale,"1 = כן בהחלט
2 = חושבת שכן
3 = חושבת שלא
4 = בכלל לא
5 = לא יודעת בעד מי בעלי רוצה שאצביע
6 = לא חשוב לו עבור מי אצביע
7 = אני גבר",,,,,,,,,,,,,,
הצבעה,$AB$182,"יניב שפירא:
1 = במידה רבה
2 = במידה מסוימת
3 = במידה מועטה
4 = כלל לא",,scale,"יניב שפירא:
1 = במידה רבה
2 = במידה מסוימת
3 = במידה מועטה
4 = כלל לא",,unknown,,,scale,"1 = במידה רבה
2 = במידה מסוימת
3 = במידה מועטה
4 = כלל לא",,,,,,,,,,,,,,
הצבעה,$AB$183,"יניב שפירא:
1 = הוא לא צריך להצביע
2 = הוא צריך לשים פתק לבן
3 = הוא צריך להצביע למפלגה כלשהי",,scale,"יניב שפירא:
1 = הוא לא צריך להצביע
2 = הוא צריך לשים פתק לבן
3 = הוא צריך להצביע למפלגה כלשהי",,unknown,,,scale,"1 = הוא לא צריך להצביע
2 = הוא צריך לשים פתק לבן
3 = הוא צריך להצביע למפלגה כלשהי",,,,,,,,,,,,,,
הצבעה,$AF$184,"יניב שפירא:
1 = מסכים בהחלט
2 = במידה מסויימת
3 = מסתייג
4 = מתנגד בהחלט",,scale,"יניב שפירא:
1 = מסכים בהחלט
2 = במידה מסויימת
3 = מסתייג
4 = מתנגד בהחלט",,unknown,,,scale,"1 = מסכים בהחלט
2 = במידה מסויימת
3 = מסתייג
4 = מתנגד בהחלט",,,,,,,,,,,,,,
הצבעה,$AB$185,"יניב שפירא:
1 = חשוב מאד
2 = חשוב
3 = לא כ""כ חשוב
4 = לא חשוב כלל",,scale,"יניב שפירא:
1 = חשוב מאד
2 = חשוב
3 = לא כ""כ חשוב
4 = לא חשוב כלל",,unknown,,,scale,"1 = חשוב מאד
2 = חשוב
3 = לא כ""כ חשוב
4 = לא חשוב כלל",,,,,,,,,,,,,,
הצבעה,$AB$186,"יניב שפירא:
1 = העיקר זה להצביע
2 = העיקר המפלגה",,scale,"יניב שפירא:
1 = העיקר זה להצביע
2 = העיקר המפלגה",,unknown,,,scale,"1 = העיקר זה להצביע
2 = העיקר המפלגה",,,,,,,,,,,,,,
הצבעה,$AC$187,"יניב שפירא:
1 = כן
2 = לא
3 = לא בחרתי פעם קודמת",,scale,"יניב שפירא:
1 = כן
2 = לא
3 = לא בחרתי פעם קודמת",,unknown,,,scale,"1 = כן
2 = לא
3 = לא בחרתי פעם קודמת",,,,,,,,,,,,,,
הצבעה,$AD$188,"יניב שפירא:
1 = במידה רבה
2 = במידה מסוימת
3 = במידה מועטה
4 = כלל לא",,scale,"יניב שפירא:
1 = במידה רבה
2 = במידה מסוימת
3 = במידה מועטה
4 = כלל לא",,unknown,,,scale,"1 = במידה רבה
2 = במידה מסוימת
3 = במידה מועטה
4 = כלל לא",,,,,,,,,,,,,,
הצבעה,$AD$190,"יניב שפירא:
1 = כן
2 = לא",,scale,"יניב שפירא:
1 = כן
2 = לא",,unknown,,,scale,"1 = כן
2 = לא",,,,,,,,,,,,,,
הצבעה,$AD$191,"יניב שפירא:
9 = לא הצביע בחו""ל",יניב שפירא,unknown,"9 = לא הצביע בחו""ל",unknown,unknown,specialValue,,specialValue,"9 = לא הצביע בחו""ל",,,,,,,,,,,,,,
הצבעה,$A$192,"יניב שפירא:
הבעיה שציין ב""ישראל כללי"" שורה 4",יניב שפירא,unknown,"הבעיה שציין ב""ישראל כללי"" שורה 4",unknown,unknown,followupQuestion,,followupQuestion,"הבעיה שציין ב""ישראל כללי"" שורה 4",,,,,,,,,,,,,,
הצבעה,$AD$192,"יניב שפירא:
1 = מאוד משפיעה
2 = משפיעה
3 = לא כ""כ משפיעה
4 = לא משפיעה כלל
5 = לא מזדהה עם אף מפלגה",,scale,"יניב שפירא:
1 = מאוד משפיעה
2 = משפיעה
3 = לא כ""כ משפיעה
4 = לא משפיעה כלל
5 = לא מזדהה עם אף מפלגה",,unknown,,,scale,"1 = מאוד משפיעה
2 = משפיעה
3 = לא כ""כ משפיעה
4 = לא משפיעה כלל
5 = לא מזדהה עם אף מפלגה",,,,,,,,,,,,,,
הצבעה,$A$193,"יניב שפירא:
הבעייה שציין ב""ישראל כללי""
שורה 5",,scale,"יניב שפירא:
הבעייה שציין ב""ישראל כללי""
שורה 5",,unknown,,,scale,"הבעייה שציין ב""ישראל כללי""
שורה 5",,,,,,,,,,,,,,
הצבעה,$AD$193,"יניב שפירא:
1 = מאוד משפיעה
2 = משפיעה
3 = לא כ""כ משפיעה
4 = לא משפיעה כלל
5 = לא מזדהה עם אף מפלגה",,scale,"יניב שפירא:
1 = מאוד משפיעה
2 = משפיעה
3 = לא כ""כ משפיעה
4 = לא משפיעה כלל
5 = לא מזדהה עם אף מפלגה",,unknown,,,scale,"1 = מאוד משפיעה
2 = משפיעה
3 = לא כ""כ משפיעה
4 = לא משפיעה כלל
5 = לא מזדהה עם אף מפלגה",,,,,,,,,,,,,,
הצבעה,$AD$194,"יניב שפירא:
1 = מאוד תשפיע
2 = תשפיע
3 = לא כ""כ תשפיע
4 = לא תשפיע כלל",,scale,"יניב שפירא:
1 = מאוד תשפיע
2 = תשפיע
3 = לא כ""כ תשפיע
4 = לא תשפיע כלל",,unknown,,,scale,"1 = מאוד תשפיע
2 = תשפיע
3 = לא כ""כ תשפיע
4 = לא תשפיע כלל",,,,,,,,,,,,,,
הצבעה,$AF$195,"יניב שפירא:
1 = מחזק את עמדתי להצביע עבור הרשימה שבחרתי בה
2 = לא השפיע כלל
3 = השפיע עליי לשנות את החלטתי",,scale,"יניב שפירא:
1 = מחזק את עמדתי להצביע עבור הרשימה שבחרתי בה
2 = לא השפיע כלל
3 = השפיע עליי לשנות את החלטתי",,unknown,,,scale,"1 = מחזק את עמדתי להצביע עבור הרשימה שבחרתי בה
2 = לא השפיע כלל
3 = השפיע עליי לשנות את החלטתי",,,,,,,,,,,,,,
הצבעה,$C$196,"יניב שפירא:
1 = כלל לא ישפיע
2 = ישפיע במידה מועטה
3 = ישפיע במידה מסוימת
4 = ישפיע במידה רבה",,scale,"יניב שפירא:
1 = כלל לא ישפיע
2 = ישפיע במידה מועטה
3 = ישפיע במידה מסוימת
4 = ישפיע במידה רבה",,unknown,,,scale,"1 = כלל לא ישפיע
2 = ישפיע במידה מועטה
3 = ישפיע במידה מסוימת
4 = ישפיע במידה רבה",,,,,,,,,,,,,,
ציפיות,$L$2,"יניב שפירא:
1 = שרון
2 = ברק",,scale,"יניב שפירא:
1 = שרון
2 = ברק",,unknown,,,scale,"1 = שרון
2 = ברק",,,,,,,,,,,,,,
ציפיות,$M$2,"יניב שפירא:
1 = נתניהו
2 = ברק
3 = מרדכי",,scale,"יניב שפירא:
1 = נתניהו
2 = ברק
3 = מרדכי",,unknown,,,scale,"1 = נתניהו
2 = ברק
3 = מרדכי",,,,,,,,,,,,,,
ציפיות,$N$2,"יניב שפירא:
1 = נתניהו
2 = פרס
3 = לא יודע",,scale,"יניב שפירא:
1 = נתניהו
2 = פרס
3 = לא יודע",,unknown,,,scale,"1 = נתניהו
2 = פרס
3 = לא יודע",,,,,,,,,,,,,,
ציפיות,$M$3,"יניב שפירא:
v60 + v61
שתי תשובות
1 = נתניהו
2 = ברק
3 = מרדכי
4 = בגין
5 = בשארה
6 = רפול",,scale,"יניב שפירא:
v60 + v61
שתי תשובות
1 = נתניהו
2 = ברק
3 = מרדכי
4 = בגין
5 = בשארה
6 = רפול",,unknown,,,scale,"v60 + v61
שתי תשובות
1 = נתניהו
2 = ברק
3 = מרדכי
4 = בגין
5 = בשארה
6 = רפול",,,,,,,,,,,,,,
ציפיות,$I$4,"יניב שפירא:
ציון 0-100
0 = אין סיכוי
100 = בטוח שכן",,scale,"יניב שפירא:
ציון 0-100
0 = אין סיכוי
100 = בטוח שכן",,unknown,,,scale,"ציון 0-100
0 = אין סיכוי
100 = בטוח שכן",,,,,,,,,,,,,,
ציפיות,$I$5,"יניב שפירא:
ציון 0-100
0 = אין סיכוי
100 = בטוח שכן",,scale,"יניב שפירא:
ציון 0-100
0 = אין סיכוי
100 = בטוח שכן",,unknown,,,scale,"ציון 0-100
0 = אין סיכוי
100 = בטוח שכן",,,,,,,,,,,,,,
ציפיות,$I$6,"יניב שפירא:
ציון 0-100
0 = אין סיכוי
100 = בטוח שכן",,scale,"יניב שפירא:
ציון 0-100
0 = אין סיכוי
100 = בטוח שכן",,unknown,,,scale,"ציון 0-100
0 = אין סיכוי
100 = בטוח שכן",,,,,,,,,,,,,,
ציפיות,$N$7,"יניב שפירא:
1 = העבודה
2 = הליכוד
3 = לא יודע",,scale,"יניב שפירא:
1 = העבודה
2 = הליכוד
3 = לא יודע",,unknown,,,scale,"1 = העבודה
2 = הליכוד
3 = לא יודע",,,,,,,,,,,,,,
ציפיות,$O$7,"יניב שפירא:
הניסוח הוא:
""מפלגה שתקים את הממשלה""
1 = העבודה
2 = הליכוד
3 = ממלשת אחדות לאומית בראשות העבודה
4 = ממשלת אחדות לאומית בראשות הליכוד
5 = אחר",,scale,"יניב שפירא:
הניסוח הוא:
""מפלגה שתקים את הממשלה""
1 = העבודה
2 = הליכוד
3 = ממלשת אחדות לאומית בראשות העבודה
4 = ממשלת אחדות לאומית בראשות הליכוד
5 = אחר",,unknown,,,scale,"הניסוח הוא:
""מפלגה שתקים את הממשלה""
1 = העבודה
2 = הליכוד
3 = ממלשת אחדות לאומית בראשות העבודה
4 = ממשלת אחדות לאומית בראשות הליכוד
5 = אחר",,,,,,,,,,,,,,
ציפיות,$O$8,"יניב שפירא:
1 = העבודה
2 = הליכוד
3 = ממלשת אחדות לאומית בראשות העבודה
4 = ממשלת אחדות לאומית בראשות הליכוד
5 = אחר",,scale,"יניב שפירא:
1 = העבודה
2 = הליכוד
3 = ממלשת אחדות לאומית בראשות העבודה
4 = ממשלת אחדות לאומית בראשות הליכוד
5 = אחר",,unknown,,,scale,"1 = העבודה
2 = הליכוד
3 = ממלשת אחדות לאומית בראשות העבודה
4 = ממשלת אחדות לאומית בראשות הליכוד
5 = אחר",,,,,,,,,,,,,,
ציפיות,$T$9,"יניב שפירא:
1 = רוצה במידה רבה את הליכוד
2 = רוצה במידה מסויימת את הליכוד
3 = לא משנה לי
4 = רוצה במידה מסויימת את המערך
5 = רוצה במידה רבה את המערך",,scale,"יניב שפירא:
1 = רוצה במידה רבה את הליכוד
2 = רוצה במידה מסויימת את הליכוד
3 = לא משנה לי
4 = רוצה במידה מסויימת את המערך
5 = רוצה במידה רבה את המערך",,unknown,,,scale,"1 = רוצה במידה רבה את הליכוד
2 = רוצה במידה מסויימת את הליכוד
3 = לא משנה לי
4 = רוצה במידה מסויימת את המערך
5 = רוצה במידה רבה את המערך",,,,,,,,,,,,,,
ציפיות,$J$11,"יניב שפירא:
ציון בין 0-100
0 = אין סיכוי שתהיה
100 = בטוח שתהיה",,scale,"יניב שפירא:
ציון בין 0-100
0 = אין סיכוי שתהיה
100 = בטוח שתהיה",,unknown,,,scale,"ציון בין 0-100
0 = אין סיכוי שתהיה
100 = בטוח שתהיה",,,,,,,,,,,,,,
ציפיות,$J$31,"יניב שפירא:
ציון בין 0-100
0 = אין סיכוי
100 = בטוח שכן",,scale,"יניב שפירא:
ציון בין 0-100
0 = אין סיכוי
100 = בטוח שכן",,unknown,,,scale,"ציון בין 0-100
0 = אין סיכוי
100 = בטוח שכן",,,,,,,,,,,,,,
ציפיות,$J$41,"יניב שפירא:
סולם בין 1-10
1 = מתנגד
10 = תומך",,scale,"יניב שפירא:
סולם בין 1-10
1 = מתנגד
10 = תומך",,unknown,,,scale,"סולם בין 1-10
1 = מתנגד
10 = תומך",,,,,,,,,,,,,,
ציפיות,$X$51,"יניב שפירא:
1 = מערך+ליכוד+ד""ש
2 = מערך+ליכוד
3 = מערך+ד""ש
4 = מערך+מפד""ל
5 = ליכוד+ד""ש
6 = ליכוד+מפד""ל
7 = ליכוד+ד""ש+מפד""ל
8 = מערך+ד""ש+מפד""ל
9 = מערך+ליכוד+ד""ש+מפד""ל",,scale,"יניב שפירא:
1 = מערך+ליכוד+ד""ש
2 = מערך+ליכוד
3 = מערך+ד""ש
4 = מערך+מפד""ל
5 = ליכוד+ד""ש
6 = ליכוד+מפד""ל
7 = ליכוד+ד""ש+מפד""ל
8 = מערך+ד""ש+מפד""ל
9 = מערך+ליכוד+ד""ש+מפד""ל",,unknown,,,scale,"1 = מערך+ליכוד+ד""ש
2 = מערך+ליכוד
3 = מערך+ד""ש
4 = מערך+מפד""ל
5 = ליכוד+ד""ש
6 = ליכוד+מפד""ל
7 = ליכוד+ד""ש+מפד""ל
8 = מערך+ד""ש+מפד""ל
9 = מערך+ליכוד+ד""ש+מפד""ל",,,,,,,,,,,,,,
ציפיות,$M$52,"יניב שפירא:
1 = בהחלט כן
2 = חושב שכן
3 = חושב שלא
4 = בהחלט לא
5 = כן, אבל רק בראשות הליכוד
6 = כן, אבל רק בראשות העבודה
7 = כן, אבל רק בראשות מפלגת המרכז",,scale,"יניב שפירא:
1 = בהחלט כן
2 = חושב שכן
3 = חושב שלא
4 = בהחלט לא
5 = כן, אבל רק בראשות הליכוד
6 = כן, אבל רק בראשות העבודה
7 = כן, אבל רק בראשות מפלגת המרכז",,unknown,,,scale,"1 = בהחלט כן
2 = חושב שכן
3 = חושב שלא
4 = בהחלט לא
5 = כן, אבל רק בראשות הליכוד
6 = כן, אבל רק בראשות העבודה
7 = כן, אבל רק בראשות מפלגת המרכז",,,,,,,,,,,,,,
ציפיות,$Q$52,"יניב שפירא:
1 = בהחלט כן
2 = חושב שכן
3 = חושב שלא
4 = בהחלט לא
5 = כן, אבל רק בראשות הליכוד
6 = כן, אבל רק בראשות המערך",,scale,"יניב שפירא:
1 = בהחלט כן
2 = חושב שכן
3 = חושב שלא
4 = בהחלט לא
5 = כן, אבל רק בראשות הליכוד
6 = כן, אבל רק בראשות המערך",,unknown,,,scale,"1 = בהחלט כן
2 = חושב שכן
3 = חושב שלא
4 = בהחלט לא
5 = כן, אבל רק בראשות הליכוד
6 = כן, אבל רק בראשות המערך",,,,,,,,,,,,,,
ציפיות,$AB$52,"יניב שפירא:
1 = בהחלט יש להקים
2 = חושב שיש להקים
3 = חושב שאין להקים
4 = בהחלט אין להקים",,scale,"יניב שפירא:
1 = בהחלט יש להקים
2 = חושב שיש להקים
3 = חושב שאין להקים
4 = בהחלט אין להקים",,unknown,,,scale,"1 = בהחלט יש להקים
2 = חושב שיש להקים
3 = חושב שאין להקים
4 = בהחלט אין להקים",,,,,,,,,,,,,,
ציפיות,$AC$53,"יניב שפירא:
1 = בהחלט יש להקים
2 = חושב שיש להקים
3 = חושב שלא להקים
4 = בהחלט לא להקים",,scale,"יניב שפירא:
1 = בהחלט יש להקים
2 = חושב שיש להקים
3 = חושב שלא להקים
4 = בהחלט לא להקים",,unknown,,,scale,"1 = בהחלט יש להקים
2 = חושב שיש להקים
3 = חושב שלא להקים
4 = בהחלט לא להקים",,,,,,,,,,,,,,
ציפיות,$B$54,"adi:
1 = הליכוד+ימין+חרדים
2 = יש עתיד+מרכז-שמאל
3 = אחדות לאומית (ימין+מרכז+שמאל)
4 = לא תקום שום קואליציה והכנסת תפוזר
5 = אחר",,scale,"adi:
1 = הליכוד+ימין+חרדים
2 = יש עתיד+מרכז-שמאל
3 = אחדות לאומית (ימין+מרכז+שמאל)
4 = לא תקום שום קואליציה והכנסת תפוזר
5 = אחר",,unknown,,,scale,"1 = הליכוד+ימין+חרדים
2 = יש עתיד+מרכז-שמאל
3 = אחדות לאומית (ימין+מרכז+שמאל)
4 = לא תקום שום קואליציה והכנסת תפוזר
5 = אחר",,,,,,,,,,,,,,
ציפיות,$C$54,"יניב שפירא:
1 = הליכוד+ימין+חרדים
2 = הליכוד+ימין (בלי חרדים)
3 = תקווה חדשה+ימין+חרדים
4 = יש עתיד+תקווה חדשה+ימינה+ישראל ביתנו+כחול לבן+העבודה+מרצ
5 = מרכז+שמאל+ימין +תמיכה מבחוץ של המשותפת
6 = אחדות לאומית
7 = לא תקום שום קואליציה והכנסת תתפזר
8 = אחר",,scale,"יניב שפירא:
1 = הליכוד+ימין+חרדים
2 = הליכוד+ימין (בלי חרדים)
3 = תקווה חדשה+ימין+חרדים
4 = יש עתיד+תקווה חדשה+ימינה+ישראל ביתנו+כחול לבן+העבודה+מרצ
5 = מרכז+שמאל+ימין +תמיכה מבחוץ של המשותפת
6 = אחדות לאומית
7 = לא תקום שום קואליציה והכנסת תתפזר
8 = אחר",,unknown,,,scale,"1 = הליכוד+ימין+חרדים
2 = הליכוד+ימין (בלי חרדים)
3 = תקווה חדשה+ימין+חרדים
4 = יש עתיד+תקווה חדשה+ימינה+ישראל ביתנו+כחול לבן+העבודה+מרצ
5 = מרכז+שמאל+ימין +תמיכה מבחוץ של המשותפת
6 = אחדות לאומית
7 = לא תקום שום קואליציה והכנסת תתפזר
8 = אחר",,,,,,,,,,,,,,
ציפיות,$D$54,"יניב שפירא:
1 = קואליציה בראשות הליכוד עם מפלגות ימין
2 = קואליציה בראשות הליכוד עם מפלגות משני צידי הקשת הפוליטית
3 = קואליציה בראשות כחול-לבן עם מפלגות מרכז שמאל
4 = קואליציה בראשות כחול-לבן עם מפלגות משני צידי הקשת הפוליטית
5 = קואליציה של הליכוד וכחול-לבן
6 = לא תקום שום קואליציה והכנסת תפוזר
7 = אחר",,scale,"יניב שפירא:
1 = קואליציה בראשות הליכוד עם מפלגות ימין
2 = קואליציה בראשות הליכוד עם מפלגות משני צידי הקשת הפוליטית
3 = קואליציה בראשות כחול-לבן עם מפלגות מרכז שמאל
4 = קואליציה בראשות כחול-לבן עם מפלגות משני צידי הקשת הפוליטית
5 = קואליציה של הליכוד וכחול-לבן
6 = לא תקום שום קואליציה והכנסת תפוזר
7 = אחר",,unknown,,,scale,"1 = קואליציה בראשות הליכוד עם מפלגות ימין
2 = קואליציה בראשות הליכוד עם מפלגות משני צידי הקשת הפוליטית
3 = קואליציה בראשות כחול-לבן עם מפלגות מרכז שמאל
4 = קואליציה בראשות כחול-לבן עם מפלגות משני צידי הקשת הפוליטית
5 = קואליציה של הליכוד וכחול-לבן
6 = לא תקום שום קואליציה והכנסת תפוזר
7 = אחר",,,,,,,,,,,,,,
ציפיות,$F$54,"יניב שפירא:
1 = קואליציה בראשות הליכוד עם מפלגות ימין
2 = קואליציה בראשות הליכוד עם מפלגות משני צידי הקשת הפוליטית
3 = קואליציה בראשות כחול-לבן עם מפלגות מרכז שמאל
4 = קואליציה בראשות כחול-לבן עם מפלגות משני צידי הקשת הפוליטית
5 = קואליציה של הליכוד וכחול-לבן
6 = אחר",,scale,"יניב שפירא:
1 = קואליציה בראשות הליכוד עם מפלגות ימין
2 = קואליציה בראשות הליכוד עם מפלגות משני צידי הקשת הפוליטית
3 = קואליציה בראשות כחול-לבן עם מפלגות מרכז שמאל
4 = קואליציה בראשות כחול-לבן עם מפלגות משני צידי הקשת הפוליטית
5 = קואליציה של הליכוד וכחול-לבן
6 = אחר",,unknown,,,scale,"1 = קואליציה בראשות הליכוד עם מפלגות ימין
2 = קואליציה בראשות הליכוד עם מפלגות משני צידי הקשת הפוליטית
3 = קואליציה בראשות כחול-לבן עם מפלגות מרכז שמאל
4 = קואליציה בראשות כחול-לבן עם מפלגות משני צידי הקשת הפוליטית
5 = קואליציה של הליכוד וכחול-לבן
6 = אחר",,,,,,,,,,,,,,
ציפיות,$G$54,"יניב שפירא:
1 = קואליציה בראשות הליכוד
2 = קואליציה בראשות המחנה הציוני
3 = ממשלת אחדות",,scale,"יניב שפירא:
1 = קואליציה בראשות הליכוד
2 = קואליציה בראשות המחנה הציוני
3 = ממשלת אחדות",,unknown,,,scale,"1 = קואליציה בראשות הליכוד
2 = קואליציה בראשות המחנה הציוני
3 = ממשלת אחדות",,,,,,,,,,,,,,
ציפיות,$B$55,"adi:
1 = הליכוד+ימין+חרדים
2 = יש עתיד+מרכז-שמאל
3 = אחדות לאומית (ימין+מרכז+שמאל)
4 = אחר",,scale,"adi:
1 = הליכוד+ימין+חרדים
2 = יש עתיד+מרכז-שמאל
3 = אחדות לאומית (ימין+מרכז+שמאל)
4 = אחר",,unknown,,,scale,"1 = הליכוד+ימין+חרדים
2 = יש עתיד+מרכז-שמאל
3 = אחדות לאומית (ימין+מרכז+שמאל)
4 = אחר",,,,,,,,,,,,,,
ציפיות,$C$55,"יניב שפירא:
1 = הליכוד+ימין+חרדים
2 = הליכוד+ימין (בלי חרדים)
3 = תקווה חדשה+ימין+חרדים
4 = יש עתיד+תקווה חדשה+ימינה+ישראל ביתנו+כחול לבן+העבודה+מרצ
5 = מרכז+שמאל+ימין +תמיכה מבחוץ של המשותפת
6 = אחדות לאומית
7 = לא תקום שום קואליציה והכנסת תתפזר
8 = אחר",,scale,"יניב שפירא:
1 = הליכוד+ימין+חרדים
2 = הליכוד+ימין (בלי חרדים)
3 = תקווה חדשה+ימין+חרדים
4 = יש עתיד+תקווה חדשה+ימינה+ישראל ביתנו+כחול לבן+העבודה+מרצ
5 = מרכז+שמאל+ימין +תמיכה מבחוץ של המשותפת
6 = אחדות לאומית
7 = לא תקום שום קואליציה והכנסת תתפזר
8 = אחר",,unknown,,,scale,"1 = הליכוד+ימין+חרדים
2 = הליכוד+ימין (בלי חרדים)
3 = תקווה חדשה+ימין+חרדים
4 = יש עתיד+תקווה חדשה+ימינה+ישראל ביתנו+כחול לבן+העבודה+מרצ
5 = מרכז+שמאל+ימין +תמיכה מבחוץ של המשותפת
6 = אחדות לאומית
7 = לא תקום שום קואליציה והכנסת תתפזר
8 = אחר",,,,,,,,,,,,,,
ציפיות,$D$55,"יניב שפירא:
1 = קואליציה בראשות הליכוד עם מפלגות ימין
2 = קואליציה בראשות הליכוד עם מפלגות משני צידי הקשת הפוליטית
3 = קואליציה בראשות כחול-לבן עם מפלגות מרכז שמאל
4 = קואליציה בראשות כחול-לבן עם מפלגות משני צידי הקשת הפוליטית
5 = קואליציה של הליכוד וכחול-לבן
6 = אחר",,scale,"יניב שפירא:
1 = קואליציה בראשות הליכוד עם מפלגות ימין
2 = קואליציה בראשות הליכוד עם מפלגות משני צידי הקשת הפוליטית
3 = קואליציה בראשות כחול-לבן עם מפלגות מרכז שמאל
4 = קואליציה בראשות כחול-לבן עם מפלגות משני צידי הקשת הפוליטית
5 = קואליציה של הליכוד וכחול-לבן
6 = אחר",,unknown,,,scale,"1 = קואליציה בראשות הליכוד עם מפלגות ימין
2 = קואליציה בראשות הליכוד עם מפלגות משני צידי הקשת הפוליטית
3 = קואליציה בראשות כחול-לבן עם מפלגות מרכז שמאל
4 = קואליציה בראשות כחול-לבן עם מפלגות משני צידי הקשת הפוליטית
5 = קואליציה של הליכוד וכחול-לבן
6 = אחר",,,,,,,,,,,,,,
ציפיות,$D$56,"יניב שפירא:
1 = בכלל לא
2 = במידה מועטה
3 = במידה בינונית
4 = במידה רבה
5 = במידה רבה מאד
8 = לא יודע
9 = אין תשובה/מסרב",,scale,"יניב שפירא:
1 = בכלל לא
2 = במידה מועטה
3 = במידה בינונית
4 = במידה רבה
5 = במידה רבה מאד
8 = לא יודע
9 = אין תשובה/מסרב",,unknown,,,scale,"1 = בכלל לא
2 = במידה מועטה
3 = במידה בינונית
4 = במידה רבה
5 = במידה רבה מאד
8 = לא יודע
9 = אין תשובה/מסרב",,,,,,,,,,,,,,
ציפיות,$F$56,"יניב שפירא:
1 = בכלל לא
2 = במידה מועטה
3 = במידה בינונית
4 = במידה רבה
5 = במידה רבה מאד",,scale,"יניב שפירא:
1 = בכלל לא
2 = במידה מועטה
3 = במידה בינונית
4 = במידה רבה
5 = במידה רבה מאד",,unknown,,,scale,"1 = בכלל לא
2 = במידה מועטה
3 = במידה בינונית
4 = במידה רבה
5 = במידה רבה מאד",,,,,,,,,,,,,,
ציפיות,$B$57,"adi:
1 = הליכוד+ימין+חרדים
2 = הליכוד+חרדים+המחנה הממלכתי (בלי הציונות הדתית)
3 = אחדות לאומית (הליכוד+יש עתיד+המחנה הממלכתי)
4 = אחר
5 = אף אחת מהן
6 = לא משנה לי איזו ממשלה תהיה, העיקר שתהיה כבר ממשלה",,scale,"adi:
1 = הליכוד+ימין+חרדים
2 = הליכוד+חרדים+המחנה הממלכתי (בלי הציונות הדתית)
3 = אחדות לאומית (הליכוד+יש עתיד+המחנה הממלכתי)
4 = אחר
5 = אף אחת מהן
6 = לא משנה לי איזו ממשלה תהיה, העיקר שתהיה כבר ממשלה",,unknown,,,scale,"1 = הליכוד+ימין+חרדים
2 = הליכוד+חרדים+המחנה הממלכתי (בלי הציונות הדתית)
3 = אחדות לאומית (הליכוד+יש עתיד+המחנה הממלכתי)
4 = אחר
5 = אף אחת מהן
6 = לא משנה לי איזו ממשלה תהיה, העיקר שתהיה כבר ממשלה",,,,,,,,,,,,,,
ציפיות,$C$57,"יניב שפירא:
1 = קואליציית ימין בראשות נתניהו יחד עם בנט ובתמיכת רע""מ
2 = קואליציית ימין בראשות נתניהו יחד עם בנט ותמיכה של מס' מפלגות מהגוש השני ללא תמיכה של רע""מ
3 = קואליציה של מתנגדי נתניהו עם רוטציה בין בנט ללפיד בתמיכה של אחת או שתי מפלגות ערביות
4 = קואליציה של מתנגדי נתניהו בראשות לפיד, עם בנט ומתמיכת שתי המפלגות הערביות
5 = אחרת
6 = אף אחת מהן
7 = לא משנה לי העיקר שתהיה ממשלה כבר
98 = לא יודע
99 = מסרב",,scale,"יניב שפירא:
1 = קואליציית ימין בראשות נתניהו יחד עם בנט ובתמיכת רע""מ
2 = קואליציית ימין בראשות נתניהו יחד עם בנט ותמיכה של מס' מפלגות מהגוש השני ללא תמיכה של רע""מ
3 = קואליציה של מתנגדי נתניהו עם רוטציה בין בנט ללפיד בתמיכה של אחת או שתי מפלגות ערביות
4 = קואליציה של מתנגדי נתניהו בראשות לפיד, עם בנט ומתמיכת שתי המפלגות הערביות
5 = אחרת
6 = אף אחת מהן
7 = לא משנה לי העיקר שתהיה ממשלה כבר
98 = לא יודע
99 = מסרב",,unknown,,,scale,"1 = קואליציית ימין בראשות נתניהו יחד עם בנט ובתמיכת רע""מ
2 = קואליציית ימין בראשות נתניהו יחד עם בנט ותמיכה של מס' מפלגות מהגוש השני ללא תמיכה של רע""מ
3 = קואליציה של מתנגדי נתניהו עם רוטציה בין בנט ללפיד בתמיכה של אחת או שתי מפלגות ערביות
4 = קואליציה של מתנגדי נתניהו בראשות לפיד, עם בנט ומתמיכת שתי המפלגות הערביות
5 = אחרת
6 = אף אחת מהן
7 = לא משנה לי העיקר שתהיה ממשלה כבר
98 = לא יודע
99 = מסרב",,,,,,,,,,,,,,
ציפיות,$D$57,"יניב שפירא:
1 = קואליציית ימין בראשות הליכוד עם עוד מפלגה או ח""כים ממפלגה אחרת
2 = קואליציה בראשות כחול-לבן עם ישראל ביתנו, עבודה-גשר-מרצ ותמיכה של הרשימה המשותפת מבחוץ
3 = ממשלת אחדות של הליכוד וכחול-לבן בראשות נתניהו
4 = קואליציה אחרת
5 = אף אחת מהן
6 = לא משנה לי איזו ממשלה תהיה, העיקר שתהיה כבר ממשלה
8 = לא יודע
9 = מסרב",,scale,"יניב שפירא:
1 = קואליציית ימין בראשות הליכוד עם עוד מפלגה או ח""כים ממפלגה אחרת
2 = קואליציה בראשות כחול-לבן עם ישראל ביתנו, עבודה-גשר-מרצ ותמיכה של הרשימה המשותפת מבחוץ
3 = ממשלת אחדות של הליכוד וכחול-לבן בראשות נתניהו
4 = קואליציה אחרת
5 = אף אחת מהן
6 = לא משנה לי איזו ממשלה תהיה, העיקר שתהיה כבר ממשלה
8 = לא יודע
9 = מסרב",,unknown,,,scale,"1 = קואליציית ימין בראשות הליכוד עם עוד מפלגה או ח""כים ממפלגה אחרת
2 = קואליציה בראשות כחול-לבן עם ישראל ביתנו, עבודה-גשר-מרצ ותמיכה של הרשימה המשותפת מבחוץ
3 = ממשלת אחדות של הליכוד וכחול-לבן בראשות נתניהו
4 = קואליציה אחרת
5 = אף אחת מהן
6 = לא משנה לי איזו ממשלה תהיה, העיקר שתהיה כבר ממשלה
8 = לא יודע
9 = מסרב",,,,,,,,,,,,,,
ציפיות,$E$57,"יניב שפירא:
1 = קואליציה בראשות הליכוד עם המפלגות החרדיות והדתיות ועוד מפלגות אחרות
2 = קואליציה בראשות כחול-לבן עם מפלגות השמאל ועוד מפלגות אחרות
3 = ממשלת אחדות לאומית של הליכוד וכחול-לבן עם גנץ ונתניהו
4 = ממשלת אחדות לאומית של הליכוד וכחול-לבן עם גנץ וח""כ מהליכוד שאיננו נתניהו
5 = קואליציה אחרת
6 = אף אחת מהן
8 = לא יודע
9 = מסרב",,scale,"יניב שפירא:
1 = קואליציה בראשות הליכוד עם המפלגות החרדיות והדתיות ועוד מפלגות אחרות
2 = קואליציה בראשות כחול-לבן עם מפלגות השמאל ועוד מפלגות אחרות
3 = ממשלת אחדות לאומית של הליכוד וכחול-לבן עם גנץ ונתניהו
4 = ממשלת אחדות לאומית של הליכוד וכחול-לבן עם גנץ וח""כ מהליכוד שאיננו נתניהו
5 = קואליציה אחרת
6 = אף אחת מהן
8 = לא יודע
9 = מסרב",,unknown,,,scale,"1 = קואליציה בראשות הליכוד עם המפלגות החרדיות והדתיות ועוד מפלגות אחרות
2 = קואליציה בראשות כחול-לבן עם מפלגות השמאל ועוד מפלגות אחרות
3 = ממשלת אחדות לאומית של הליכוד וכחול-לבן עם גנץ ונתניהו
4 = ממשלת אחדות לאומית של הליכוד וכחול-לבן עם גנץ וח""כ מהליכוד שאיננו נתניהו
5 = קואליציה אחרת
6 = אף אחת מהן
8 = לא יודע
9 = מסרב",,,,,,,,,,,,,,
ציפיות,$F$57,"יניב שפירא:
1 = קואליציה של הליכוד עם מפלגות הימין הדתיות, החרדיות והחילוניות
2 = ממשלת אחדות לאומית של הליכוד וכחול-לבן
3 = קואליציה אחרת
4 = אף אחת מהן",,scale,"יניב שפירא:
1 = קואליציה של הליכוד עם מפלגות הימין הדתיות, החרדיות והחילוניות
2 = ממשלת אחדות לאומית של הליכוד וכחול-לבן
3 = קואליציה אחרת
4 = אף אחת מהן",,unknown,,,scale,"1 = קואליציה של הליכוד עם מפלגות הימין הדתיות, החרדיות והחילוניות
2 = ממשלת אחדות לאומית של הליכוד וכחול-לבן
3 = קואליציה אחרת
4 = אף אחת מהן",,,,,,,,,,,,,,
ציפיות,$G$57,"יניב שפירא:
1 = קואליצייה בראשות הליכוד עם מפלגות ימין וחרדים
2 = קואליציה בראשות ליכוד עם מפלגות ימין + יש עתיד בלי חרדים
3 = ממשלת אחדות לאומית
4 = אחר
5 = אף אחת מהן",,scale,"יניב שפירא:
1 = קואליצייה בראשות הליכוד עם מפלגות ימין וחרדים
2 = קואליציה בראשות ליכוד עם מפלגות ימין + יש עתיד בלי חרדים
3 = ממשלת אחדות לאומית
4 = אחר
5 = אף אחת מהן",,unknown,,,scale,"1 = קואליצייה בראשות הליכוד עם מפלגות ימין וחרדים
2 = קואליציה בראשות ליכוד עם מפלגות ימין + יש עתיד בלי חרדים
3 = ממשלת אחדות לאומית
4 = אחר
5 = אף אחת מהן",,,,,,,,,,,,,,
ציפיות,$H$57,"יניב שפירא:
1 = ליכוד/בנט/חרדים
2 = ליכוד/לפיד/בנט
3 = ליכוד/לפיד/חרדים
4 = ליכוד/לפיד/חרדים/לבני
5 = ליכוד/לפיד/בנט/חרדים
6 = ליכוד/לפיד/מפלגות מרכז/עבודה
7 = אחר",,scale,"יניב שפירא:
1 = ליכוד/בנט/חרדים
2 = ליכוד/לפיד/בנט
3 = ליכוד/לפיד/חרדים
4 = ליכוד/לפיד/חרדים/לבני
5 = ליכוד/לפיד/בנט/חרדים
6 = ליכוד/לפיד/מפלגות מרכז/עבודה
7 = אחר",,unknown,,,scale,"1 = ליכוד/בנט/חרדים
2 = ליכוד/לפיד/בנט
3 = ליכוד/לפיד/חרדים
4 = ליכוד/לפיד/חרדים/לבני
5 = ליכוד/לפיד/בנט/חרדים
6 = ליכוד/לפיד/מפלגות מרכז/עבודה
7 = אחר",,,,,,,,,,,,,,
ציפיות,$I$57,"יניב שפירא:
1 = ממשלת אחדות לאומית בראשות נתניהו
2 = ממשלת אחדות לאומית בראשות לבני
3 = ממשלת אחדות לאומית עם רוטציה
4 = ממשלת ימין בראשות נתניהו
5 = אחר",,scale,"יניב שפירא:
1 = ממשלת אחדות לאומית בראשות נתניהו
2 = ממשלת אחדות לאומית בראשות לבני
3 = ממשלת אחדות לאומית עם רוטציה
4 = ממשלת ימין בראשות נתניהו
5 = אחר",,unknown,,,scale,"1 = ממשלת אחדות לאומית בראשות נתניהו
2 = ממשלת אחדות לאומית בראשות לבני
3 = ממשלת אחדות לאומית עם רוטציה
4 = ממשלת ימין בראשות נתניהו
5 = אחר",,,,,,,,,,,,,,
ציפיות,$J$57,"יניב שפירא:
שאלה פתוחה",יניב שפירא,unknown,שאלה פתוחה,unknown,open,,,open,שאלה פתוחה,,,,,,,,,,,,,,
ציפיות,$I$58,"יניב שפירא:
1 = מאד מרוצה
2 = די מרוצה
3 = לא כ""כ מרוצה
4 = לא מרוצה בכלל",,scale,"יניב שפירא:
1 = מאד מרוצה
2 = די מרוצה
3 = לא כ""כ מרוצה
4 = לא מרוצה בכלל",,unknown,,,scale,"1 = מאד מרוצה
2 = די מרוצה
3 = לא כ""כ מרוצה
4 = לא מרוצה בכלל",,,,,,,,,,,,,,
ציפיות,$W$58,"יניב שפירא:
1 = מאד מרוצה
2 = מרוצה
3 = לא כ""כ מרוצה
4 = מאד לא מרוצה",,scale,"יניב שפירא:
1 = מאד מרוצה
2 = מרוצה
3 = לא כ""כ מרוצה
4 = מאד לא מרוצה",,unknown,,,scale,"1 = מאד מרוצה
2 = מרוצה
3 = לא כ""כ מרוצה
4 = מאד לא מרוצה",,,,,,,,,,,,,,
ציפיות,$C$59,"יניב שפירא:
1 = שהמפלגה שהצבעת לה תפר את הבטחתה עם מי לא לשבת כדי שתוקם ממשלה
2 = שיהיו בחירות חמישיות",,scale,"יניב שפירא:
1 = שהמפלגה שהצבעת לה תפר את הבטחתה עם מי לא לשבת כדי שתוקם ממשלה
2 = שיהיו בחירות חמישיות",,unknown,,,scale,"1 = שהמפלגה שהצבעת לה תפר את הבטחתה עם מי לא לשבת כדי שתוקם ממשלה
2 = שיהיו בחירות חמישיות",,,,,,,,,,,,,,
ציפיות,$I$60,"יניב שפירא:
1 = מאד אכפת לי
2 = די אכפת לי
3 = קצת אכפת לי
4 = לא אכפת לי",,scale,"יניב שפירא:
1 = מאד אכפת לי
2 = די אכפת לי
3 = קצת אכפת לי
4 = לא אכפת לי",,unknown,,,scale,"1 = מאד אכפת לי
2 = די אכפת לי
3 = קצת אכפת לי
4 = לא אכפת לי",,,,,,,,,,,,,,
ציפיות,$Q$61,"יניב שפירא:
1 = לא השתנתה
2 = גבר הסיכוי לנצחון של מחנה הליכוד
3 = גבר הסיכוי לנצחון של מחנה המערך
4 = גברו סיכויי ההצלחה של המפלגות הדתיות",,scale,"יניב שפירא:
1 = לא השתנתה
2 = גבר הסיכוי לנצחון של מחנה הליכוד
3 = גבר הסיכוי לנצחון של מחנה המערך
4 = גברו סיכויי ההצלחה של המפלגות הדתיות",,unknown,,,scale,"1 = לא השתנתה
2 = גבר הסיכוי לנצחון של מחנה הליכוד
3 = גבר הסיכוי לנצחון של מחנה המערך
4 = גברו סיכויי ההצלחה של המפלגות הדתיות",,,,,,,,,,,,,,
ציפיות,$T$66,"יניב שפירא:
1 = בהחלט לא רוצה
2 = לא כ""כ רוצה
3 = רוצה במידה מסויימת
4 = רוצה ",,scale,"יניב שפירא:
1 = בהחלט לא רוצה
2 = לא כ""כ רוצה
3 = רוצה במידה מסויימת
4 = רוצה ",,unknown,,,scale,"1 = בהחלט לא רוצה
2 = לא כ""כ רוצה
3 = רוצה במידה מסויימת
4 = רוצה ",,,,,,,,,,,,,,
ציפיות,$U$67,"יניב שפירא:
1 = הליכוד
2 = תל""ם (משה דיין)",,scale,"יניב שפירא:
1 = הליכוד
2 = תל""ם (משה דיין)",,unknown,,,scale,"1 = הליכוד
2 = תל""ם (משה דיין)",,,,,,,,,,,,,,
ציפיות,$Z$67,"יניב שפירא:
1 = הליכוד
2 = ד""ש",,scale,"יניב שפירא:
1 = הליכוד
2 = ד""ש",,unknown,,,scale,"1 = הליכוד
2 = ד""ש",,,,,,,,,,,,,,
ציפיות,$AA$68,"יניב שפירא:
1 = יש להוציא כמה אישים ולהחליפם
2 = יש לשנות את התפקידים של מס' שרים, מבלי להוציאם מהממשלה
3 = יש להוסיף כמה שרים חדשים, מבלי להוציא את השרים בתפקידים הבכירים
4 = לא צריכים לחול שינויים מהותיים",,scale,"יניב שפירא:
1 = יש להוציא כמה אישים ולהחליפם
2 = יש לשנות את התפקידים של מס' שרים, מבלי להוציאם מהממשלה
3 = יש להוסיף כמה שרים חדשים, מבלי להוציא את השרים בתפקידים הבכירים
4 = לא צריכים לחול שינויים מהותיים",,unknown,,,scale,"1 = יש להוציא כמה אישים ולהחליפם
2 = יש לשנות את התפקידים של מס' שרים, מבלי להוציאם מהממשלה
3 = יש להוסיף כמה שרים חדשים, מבלי להוציא את השרים בתפקידים הבכירים
4 = לא צריכים לחול שינויים מהותיים",,,,,,,,,,,,,,
ציפיות,$AC$69,"יניב שפירא:
1 = עלו במידה רבה
2 = עלו במידה מסוימת
3 = ירדו במידה מסוימת
4 = ירדו במידה רבה
5 = לא השתנו",,scale,"יניב שפירא:
1 = עלו במידה רבה
2 = עלו במידה מסוימת
3 = ירדו במידה מסוימת
4 = ירדו במידה רבה
5 = לא השתנו",,unknown,,,scale,"1 = עלו במידה רבה
2 = עלו במידה מסוימת
3 = ירדו במידה מסוימת
4 = ירדו במידה רבה
5 = לא השתנו",,,,,,,,,,,,,,
ציפיות,$AF$72,"יניב שפירא:
1 = סיכוי רב מאוד
2 = סיכוי רב
3 = סיכוי בינוני
4 = סיכוי מועט
5 = אין סיכוי כלל
6 = טרם החלטתי למי להצביע
7 = טרם החלטתי אם אצביע
8 = לא אצביע כלל",,scale,"יניב שפירא:
1 = סיכוי רב מאוד
2 = סיכוי רב
3 = סיכוי בינוני
4 = סיכוי מועט
5 = אין סיכוי כלל
6 = טרם החלטתי למי להצביע
7 = טרם החלטתי אם אצביע
8 = לא אצביע כלל",,unknown,,,scale,"1 = סיכוי רב מאוד
2 = סיכוי רב
3 = סיכוי בינוני
4 = סיכוי מועט
5 = אין סיכוי כלל
6 = טרם החלטתי למי להצביע
7 = טרם החלטתי אם אצביע
8 = לא אצביע כלל",,,,,,,,,,,,,,
סוגיות,$B$2,"adi:
יניב שפירא:
1 = על הנושא המדיני, כלומר הסכסוך עם הפלסטינים
2 = על עתיד הדמוקרטיה ומקומה של מערכת המשפט בישראל
3 = על האיומים הביטחוניים ואיך להתמודד איתם
4 = על יוקר המחיה
5 = על הזהות היהודית של המדינה
6 = על טיפול הממשלה בפשיעה והביטחון האישי
7 = על נתניהו: האם עליו להנהיג את המדינה
",,scale,"adi:
יניב שפירא:
1 = על הנושא המדיני, כלומר הסכסוך עם הפלסטינים
2 = על עתיד הדמוקרטיה ומקומה של מערכת המשפט בישראל
3 = על האיומים הביטחוניים ואיך להתמודד איתם
4 = על יוקר המחיה
5 = על הזהות היהודית של המדינה
6 = על טיפול הממשלה בפשיעה והביטחון האישי
7 = על נתניהו: האם עליו להנהיג את המדינה
",,unknown,,,scale,"יניב שפירא:
1 = על הנושא המדיני, כלומר הסכסוך עם הפלסטינים
2 = על עתיד הדמוקרטיה ומקומה של מערכת המשפט בישראל
3 = על האיומים הביטחוניים ואיך להתמודד איתם
4 = על יוקר המחיה
5 = על הזהות היהודית של המדינה
6 = על טיפול הממשלה בפשיעה והביטחון האישי
7 = על נתניהו: האם עליו להנהיג את המדינה
",,,,,,,,,,,,,,
סוגיות,$D$2,"יניב שפירא:
1 = על הנושא המדיני, כלומר הסכסוך עם הפלסטינים ותכנית טראמפ
2 = על עתיד הדמוקרטיה ומקומה של מערכת המשפט בישראל
3 = על האיומים הביטחוניים ואיך להתמודד איתם
4 = על המצב הכלכלי והחברתי
5 = על יחסי דת ומדינה
6 = על נתניהו: האם עליו להמשיך להנהיג את המדינה
8 = לא יודע
9 = מסרב",,scale,"יניב שפירא:
1 = על הנושא המדיני, כלומר הסכסוך עם הפלסטינים ותכנית טראמפ
2 = על עתיד הדמוקרטיה ומקומה של מערכת המשפט בישראל
3 = על האיומים הביטחוניים ואיך להתמודד איתם
4 = על המצב הכלכלי והחברתי
5 = על יחסי דת ומדינה
6 = על נתניהו: האם עליו להמשיך להנהיג את המדינה
8 = לא יודע
9 = מסרב",,unknown,,,scale,"1 = על הנושא המדיני, כלומר הסכסוך עם הפלסטינים ותכנית טראמפ
2 = על עתיד הדמוקרטיה ומקומה של מערכת המשפט בישראל
3 = על האיומים הביטחוניים ואיך להתמודד איתם
4 = על המצב הכלכלי והחברתי
5 = על יחסי דת ומדינה
6 = על נתניהו: האם עליו להמשיך להנהיג את המדינה
8 = לא יודע
9 = מסרב",,,,,,,,,,,,,,
סוגיות,$F$2,"יניב שפירא:
1 = על הנושא המדיני, כלומר הסכסוך עם הפלשתינים
2 = על עתיד הדמוקרטיה בישראל
3 = על האיומים הביטחוניים ואיך להתמודד איתם
4 = על המצב הכלכלי-חברתי
5 = על נתניהו: האם יש או אין בו אמון",,scale,"יניב שפירא:
1 = על הנושא המדיני, כלומר הסכסוך עם הפלשתינים
2 = על עתיד הדמוקרטיה בישראל
3 = על האיומים הביטחוניים ואיך להתמודד איתם
4 = על המצב הכלכלי-חברתי
5 = על נתניהו: האם יש או אין בו אמון",,unknown,,,scale,"1 = על הנושא המדיני, כלומר הסכסוך עם הפלשתינים
2 = על עתיד הדמוקרטיה בישראל
3 = על האיומים הביטחוניים ואיך להתמודד איתם
4 = על המצב הכלכלי-חברתי
5 = על נתניהו: האם יש או אין בו אמון",,,,,,,,,,,,,,
סוגיות,$G$2,"יניב שפירא:
1 = על הנושא המדיני, כלומר המו""מ עם הפלסטינים ומדינה פלסטינית
2 = על סוגית הגרעין האיראני
3 = על האיומים הביטחוניים
4 = על הנושאים החברתיים ובעיקר על בעיות הדיור ויוקר המחיה
5 = על מנהיגותו של נתניהו",,scale,"יניב שפירא:
1 = על הנושא המדיני, כלומר המו""מ עם הפלסטינים ומדינה פלסטינית
2 = על סוגית הגרעין האיראני
3 = על האיומים הביטחוניים
4 = על הנושאים החברתיים ובעיקר על בעיות הדיור ויוקר המחיה
5 = על מנהיגותו של נתניהו",,unknown,,,scale,"1 = על הנושא המדיני, כלומר המו""מ עם הפלסטינים ומדינה פלסטינית
2 = על סוגית הגרעין האיראני
3 = על האיומים הביטחוניים
4 = על הנושאים החברתיים ובעיקר על בעיות הדיור ויוקר המחיה
5 = על מנהיגותו של נתניהו",,,,,,,,,,,,,,
סוגיות,$H$2,"יניב שפירא:
1 = על הנושא המדיני
2 = על התקיפה באיראן
3 = על האיומים הביטחוניים
4 = על נושאי המחאה החברתית: דיור ויוקר המחיה
5 = על השוויון בנטל
6 = על מנהיגותו ותפקודו של נתניהו",,scale,"יניב שפירא:
1 = על הנושא המדיני
2 = על התקיפה באיראן
3 = על האיומים הביטחוניים
4 = על נושאי המחאה החברתית: דיור ויוקר המחיה
5 = על השוויון בנטל
6 = על מנהיגותו ותפקודו של נתניהו",,unknown,,,scale,"1 = על הנושא המדיני
2 = על התקיפה באיראן
3 = על האיומים הביטחוניים
4 = על נושאי המחאה החברתית: דיור ויוקר המחיה
5 = על השוויון בנטל
6 = על מנהיגותו ותפקודו של נתניהו",,,,,,,,,,,,,,
סוגיות,$I$2,"יניב שפירא:
1 = על הנושא המדיני
2 = על המצב הביטחוני
3 = על המצב החברתי-כלכלי
4 = על שחיתות
5 = על מי מתאים להיות רה""מ
6 = לא יודע",,scale,"יניב שפירא:
1 = על הנושא המדיני
2 = על המצב הביטחוני
3 = על המצב החברתי-כלכלי
4 = על שחיתות
5 = על מי מתאים להיות רה""מ
6 = לא יודע",,unknown,,,scale,"1 = על הנושא המדיני
2 = על המצב הביטחוני
3 = על המצב החברתי-כלכלי
4 = על שחיתות
5 = על מי מתאים להיות רה""מ
6 = לא יודע",,,,,,,,,,,,,,
סוגיות,$M$2,"יניב שפירא:
1 = הנושא המדיני
2 = יחסי דתיים-חילונים
3 = אופיו ותפקודו של נתניהו
4 = המצב החברתי-כלכלי
5 = שלטון החוק",,scale,"יניב שפירא:
1 = הנושא המדיני
2 = יחסי דתיים-חילונים
3 = אופיו ותפקודו של נתניהו
4 = המצב החברתי-כלכלי
5 = שלטון החוק",,unknown,,,scale,"1 = הנושא המדיני
2 = יחסי דתיים-חילונים
3 = אופיו ותפקודו של נתניהו
4 = המצב החברתי-כלכלי
5 = שלטון החוק",,,,,,,,,,,,,,
סוגיות,$F$3,"יניב שפירא:
1 = בהחלט לא מסכים
2 = לא מסכים
3 = לא בטוח
4 = מסכים
5 = מסכים בהחלט",,scale,"יניב שפירא:
1 = בהחלט לא מסכים
2 = לא מסכים
3 = לא בטוח
4 = מסכים
5 = מסכים בהחלט",,unknown,,,scale,"1 = בהחלט לא מסכים
2 = לא מסכים
3 = לא בטוח
4 = מסכים
5 = מסכים בהחלט",,,,,,,,,,,,,,
סוגיות,$M$3,"יניב שפירא:
הניסוח:
""על אופיו ותפקודו של נתניהו",,scale,"יניב שפירא:
הניסוח:
""על אופיו ותפקודו של נתניהו",,unknown,,,scale,"הניסוח:
""על אופיו ותפקודו של נתניהו",,,,,,,,,,,,,,
סוגיות,$J$7,"יניב שפירא:
פה שאלו על מי יתמודד
טוב יותר מול האיומים",,scale,"יניב שפירא:
פה שאלו על מי יתמודד
טוב יותר מול האיומים",,unknown,,,scale,"פה שאלו על מי יתמודד
טוב יותר מול האיומים",,,,,,,,,,,,,,
סוגיות,$H$11,"יניב שפירא:
הניסוח הוא:
""שהעם רוצה ימין, אבל ימין מתון""",,scale,"יניב שפירא:
הניסוח הוא:
""שהעם רוצה ימין, אבל ימין מתון""",,unknown,,,scale,"הניסוח הוא:
""שהעם רוצה ימין, אבל ימין מתון""",,,,,,,,,,,,,,
סוגיות,$F$13,"יניב שפירא:
שחיתות של נתניהו",יניב שפירא,unknown,שחיתות של נתניהו,unknown,unknown,rephrase,,rephrase,שחיתות של נתניהו,,,,,,,,,,,,,,
סוגיות,$J$13,"יניב שפירא:
שחיתות של פוליטיקאים",יניב שפירא,unknown,שחיתות של פוליטיקאים,unknown,unknown,rephrase,,rephrase,שחיתות של פוליטיקאים,,,,,,,,,,,,,,
סוגיות,$I$16,"יניב שפירא:
הניסוח הוא:
""על המדינה על הפלסטינית ורמת הגולן:",,scale,"יניב שפירא:
הניסוח הוא:
""על המדינה על הפלסטינית ורמת הגולן:",,unknown,,,scale,"הניסוח הוא:
""על המדינה על הפלסטינית ורמת הגולן:",,,,,,,,,,,,,,
סוגיות,$H$17,"יניב שפירא:
הניסוח הוא:
""על נושא התקיפה של מתקני הגרעין האיראני""",,scale,"יניב שפירא:
הניסוח הוא:
""על נושא התקיפה של מתקני הגרעין האיראני""",,unknown,,,scale,"הניסוח הוא:
""על נושא התקיפה של מתקני הגרעין האיראני""",,,,,,,,,,,,,,
סוגיות,$H$18,"יניב שפירא:
הניסוח הוא: "" הנושאים שהעלתה המחאה החברתית ב2011 ובעיקר על דיור בר השגה ויוקר המחיה""",יניב שפירא,scale,"הניסוח הוא: "" הנושאים שהעלתה המחאה החברתית ב2011 ובעיקר על דיור בר השגה ויוקר המחיה""",,unknown,,,scale,""" הנושאים שהעלתה המחאה החברתית ב2011 ובעיקר על דיור בר השגה ויוקר המחיה""",,,,,,,,,,,,,,
סוגיות,$M$34,"יניב שפירא:
1 = בהחלט לא מסכים
2 = לא מסכים
3 = לא בטוח
4 = מסכים
5 = מסכים בהחלט",,scale,"יניב שפירא:
1 = בהחלט לא מסכים
2 = לא מסכים
3 = לא בטוח
4 = מסכים
5 = מסכים בהחלט",,unknown,,,scale,"1 = בהחלט לא מסכים
2 = לא מסכים
3 = לא בטוח
4 = מסכים
5 = מסכים בהחלט",,,,,,,,,,,,,,
סוגיות,$J$39,"יניב שפירא:
1 = בהחלט שכן
2 = חושב שכן
3 = חושב שלא
4 = בהחלט לא",,scale,"יניב שפירא:
1 = בהחלט שכן
2 = חושב שכן
3 = חושב שלא
4 = בהחלט לא",,unknown,,,scale,"1 = בהחלט שכן
2 = חושב שכן
3 = חושב שלא
4 = בהחלט לא",,,,,,,,,,,,,,
סוגיות,$L$40,"יניב שפירא:
1 = ללא שינוי
2 = גרועה יותר
3 = טובה יותר",,scale,"יניב שפירא:
1 = ללא שינוי
2 = גרועה יותר
3 = טובה יותר",,unknown,,,scale,"1 = ללא שינוי
2 = גרועה יותר
3 = טובה יותר",,,,,,,,,,,,,,
סוגיות,$M$40,"יניב שפירא:
1 = טובה יותר
2 = גרועה יותר
3 = ללא שינוי",,scale,"יניב שפירא:
1 = טובה יותר
2 = גרועה יותר
3 = ללא שינוי",,unknown,,,scale,"1 = טובה יותר
2 = גרועה יותר
3 = ללא שינוי",,,,,,,,,,,,,,
סוגיות,$N$41,"יניב שפירא:
1 = טובה יותר
2 = גרועה יותר
3 = ללא שינוי",,scale,"יניב שפירא:
1 = טובה יותר
2 = גרועה יותר
3 = ללא שינוי",,unknown,,,scale,"1 = טובה יותר
2 = גרועה יותר
3 = ללא שינוי",,,,,,,,,,,,,,
סוגיות,$N$42,"יניב שפירא:
1 = לא
2 = כן, לליכוד
3 = כן, לעבודה
4 = כן, למרצ",,scale,"יניב שפירא:
1 = לא
2 = כן, לליכוד
3 = כן, לעבודה
4 = כן, למרצ",,unknown,,,scale,"1 = לא
2 = כן, לליכוד
3 = כן, לעבודה
4 = כן, למרצ",,,,,,,,,,,,,,
סוגיות,$I$43,"יניב שפירא:
1 = התהליך המדיני עם הפלסינים וסוריה
2 = המצב הביטחוני
3 = המצב החברתי כלכלי
4 = יחסי דתיים חילונים
5 = שחיתות ושלטון החוק
6 = האחדות בעם
7 = אחר",,scale,"יניב שפירא:
1 = התהליך המדיני עם הפלסינים וסוריה
2 = המצב הביטחוני
3 = המצב החברתי כלכלי
4 = יחסי דתיים חילונים
5 = שחיתות ושלטון החוק
6 = האחדות בעם
7 = אחר",,unknown,,,scale,"1 = התהליך המדיני עם הפלסינים וסוריה
2 = המצב הביטחוני
3 = המצב החברתי כלכלי
4 = יחסי דתיים חילונים
5 = שחיתות ושלטון החוק
6 = האחדות בעם
7 = אחר",,,,,,,,,,,,,,
סוגיות,$Q$44,"יניב שפירא:
1 = בהחלט צריך להמשיך בשיטה הקיימת
2 = חושב שצריך להמשיך בשיטה הקיימת
3 = חושב שצריך לשנות את השיטה
4 = בהחלט צריך לשנות את השיטה
5 = אין לי דעה בנדון
6 = שתי השיטות לא טובות, צריך לעבור לשיטה אזורית בלבד",,scale,"יניב שפירא:
1 = בהחלט צריך להמשיך בשיטה הקיימת
2 = חושב שצריך להמשיך בשיטה הקיימת
3 = חושב שצריך לשנות את השיטה
4 = בהחלט צריך לשנות את השיטה
5 = אין לי דעה בנדון
6 = שתי השיטות לא טובות, צריך לעבור לשיטה אזורית בלבד",,unknown,,,scale,"1 = בהחלט צריך להמשיך בשיטה הקיימת
2 = חושב שצריך להמשיך בשיטה הקיימת
3 = חושב שצריך לשנות את השיטה
4 = בהחלט צריך לשנות את השיטה
5 = אין לי דעה בנדון
6 = שתי השיטות לא טובות, צריך לעבור לשיטה אזורית בלבד",,,,,,,,,,,,,,
סוגיות,$S$45,"יניב שפירא:
1 = ישפיע במידה רבה
2 = ישפיע במידה מסוימת
3 = ישפיע במידה קטנה
4 = כלל לא ישפיע",,scale,"יניב שפירא:
1 = ישפיע במידה רבה
2 = ישפיע במידה מסוימת
3 = ישפיע במידה קטנה
4 = כלל לא ישפיע",,unknown,,,scale,"1 = ישפיע במידה רבה
2 = ישפיע במידה מסוימת
3 = ישפיע במידה קטנה
4 = כלל לא ישפיע",,,,,,,,,,,,,,
סוגיות,$Q$47,"יניב שפירא:
1 = במידה רבה
2 = במידה מסויימת
3 = במידה מועטה בלבד
4 = לא ישפיע כלל",,scale,"יניב שפירא:
1 = במידה רבה
2 = במידה מסויימת
3 = במידה מועטה בלבד
4 = לא ישפיע כלל",,unknown,,,scale,"1 = במידה רבה
2 = במידה מסויימת
3 = במידה מועטה בלבד
4 = לא ישפיע כלל",,,,,,,,,,,,,,
סוגיות,$AE$47,"יניב שפירא:
1 = במידה רבה
2 = במידה מסוימת
3 = במידה מועטה
4 = כלל לא",,scale,"יניב שפירא:
1 = במידה רבה
2 = במידה מסוימת
3 = במידה מועטה
4 = כלל לא",,unknown,,,scale,"1 = במידה רבה
2 = במידה מסוימת
3 = במידה מועטה
4 = כלל לא",,,,,,,,,,,,,,
סוגיות,$Z$48,"יניב שפירא:
1 = במידה רבה
2 = במידה מסוימת
3 = במידה מועטה
4 = כלל לא ישפיע",,scale,"יניב שפירא:
1 = במידה רבה
2 = במידה מסוימת
3 = במידה מועטה
4 = כלל לא ישפיע",,unknown,,,scale,"1 = במידה רבה
2 = במידה מסוימת
3 = במידה מועטה
4 = כלל לא ישפיע",,,,,,,,,,,,,,
סוגיות,$T$49,"יניב שפירא:
1 = ישפיע במידה רבה
2 = במידה מסויימת
3 = במידה מועטה
4 = בכלל לא ישפיע",,scale,"יניב שפירא:
1 = ישפיע במידה רבה
2 = במידה מסויימת
3 = במידה מועטה
4 = בכלל לא ישפיע",,unknown,,,scale,"1 = ישפיע במידה רבה
2 = במידה מסויימת
3 = במידה מועטה
4 = בכלל לא ישפיע",,,,,,,,,,,,,,
סוגיות,$T$50,"יניב שפירא:
1 = במידה רבה
2 = במידה מסויימת
3 = במידה מועטה
4 = כלל לא",,scale,"יניב שפירא:
1 = במידה רבה
2 = במידה מסויימת
3 = במידה מועטה
4 = כלל לא",,unknown,,,scale,"1 = במידה רבה
2 = במידה מסויימת
3 = במידה מועטה
4 = כלל לא",,,,,,,,,,,,,,
סוגיות,$U$51,"יניב שפירא:
1 = בהחלט צריכים להיות
2 = צריכים להיות
3 = אולי כן צריכים להיות
4 = אולי לא צריכים להיות
5 = לא צריכים להיות
6 = בהחלט לא צריכים להיות",,scale,"יניב שפירא:
1 = בהחלט צריכים להיות
2 = צריכים להיות
3 = אולי כן צריכים להיות
4 = אולי לא צריכים להיות
5 = לא צריכים להיות
6 = בהחלט לא צריכים להיות",,unknown,,,scale,"1 = בהחלט צריכים להיות
2 = צריכים להיות
3 = אולי כן צריכים להיות
4 = אולי לא צריכים להיות
5 = לא צריכים להיות
6 = בהחלט לא צריכים להיות",,,,,,,,,,,,,,
סוגיות,$V$52,"יניב שפירא:
1 = אני בטוח שהוא מנהיג זקן שטעה יותר מד
2 = אני חושב שהוא מנהיג זקן שטעה יותר מדי
3 = אני חושב שהוא סוג המנהיג שחסר לנו
4 = אני בטוח שהוא סוג המנהיג שחסר לנו",,scale,"יניב שפירא:
1 = אני בטוח שהוא מנהיג זקן שטעה יותר מד
2 = אני חושב שהוא מנהיג זקן שטעה יותר מדי
3 = אני חושב שהוא סוג המנהיג שחסר לנו
4 = אני בטוח שהוא סוג המנהיג שחסר לנו",,unknown,,,scale,"1 = אני בטוח שהוא מנהיג זקן שטעה יותר מד
2 = אני חושב שהוא מנהיג זקן שטעה יותר מדי
3 = אני חושב שהוא סוג המנהיג שחסר לנו
4 = אני בטוח שהוא סוג המנהיג שחסר לנו",,,,,,,,,,,,,,
סוגיות,$U$53,"יניב שפירא:
1 = מסוגל במידה רבה
2 = במידה מסויימת
3 = במידה מועטה
4 = כלל לא מסוגל",,scale,"יניב שפירא:
1 = מסוגל במידה רבה
2 = במידה מסויימת
3 = במידה מועטה
4 = כלל לא מסוגל",,unknown,,,scale,"1 = מסוגל במידה רבה
2 = במידה מסויימת
3 = במידה מועטה
4 = כלל לא מסוגל",,,,,,,,,,,,,,
סוגיות,$Z$54,"יניב שפירא:
1 = במידה רבה
2 = במידה מסוימת
3 = במידה מועטה
4 = לא ישפיע כלל",,scale,"יניב שפירא:
1 = במידה רבה
2 = במידה מסוימת
3 = במידה מועטה
4 = לא ישפיע כלל",,unknown,,,scale,"1 = במידה רבה
2 = במידה מסוימת
3 = במידה מועטה
4 = לא ישפיע כלל",,,,,,,,,,,,,,
סוגיות,$Z$55,"יניב שפירא:
1 = תשפיע במידה רבה
2 = במידה מסויימת
3 = במידה מועטה
4 = לא תשפיע כלל",,scale,"יניב שפירא:
1 = תשפיע במידה רבה
2 = במידה מסויימת
3 = במידה מועטה
4 = לא תשפיע כלל",,unknown,,,scale,"1 = תשפיע במידה רבה
2 = במידה מסויימת
3 = במידה מועטה
4 = לא תשפיע כלל",,,,,,,,,,,,,,
סוגיות,$Z$56,"יניב שפירא:
1 = חיזקה מאוד
2 = חיזקה
3 = חיזקה קצת
4 = החלישה קצת
5 = החלישה
6 = החלישה מאוד
7 = לא זה ולא זה
8 = לא יודע",,scale,"יניב שפירא:
1 = חיזקה מאוד
2 = חיזקה
3 = חיזקה קצת
4 = החלישה קצת
5 = החלישה
6 = החלישה מאוד
7 = לא זה ולא זה
8 = לא יודע",,unknown,,,scale,"1 = חיזקה מאוד
2 = חיזקה
3 = חיזקה קצת
4 = החלישה קצת
5 = החלישה
6 = החלישה מאוד
7 = לא זה ולא זה
8 = לא יודע",,,,,,,,,,,,,,
סוגיות,$AC$58,"יניב שפירא:
1 = חיובי מאוד
2 = חיובי
3 = שלילי
4 = שלילי מאוד",,scale,"יניב שפירא:
1 = חיובי מאוד
2 = חיובי
3 = שלילי
4 = שלילי מאוד",,unknown,,,scale,"1 = חיובי מאוד
2 = חיובי
3 = שלילי
4 = שלילי מאוד",,,,,,,,,,,,,,
סוגיות,$AC$59,"יניב שפירא:
1 = בטוח צריך לקיימן במועד
2 = חושב שצריך לקיימן במועד
3  = חושב שצריך לדחות
4 = בטוח שצריך לדחות",,scale,"יניב שפירא:
1 = בטוח צריך לקיימן במועד
2 = חושב שצריך לקיימן במועד
3  = חושב שצריך לדחות
4 = בטוח שצריך לדחות",,unknown,,,scale,"1 = בטוח צריך לקיימן במועד
2 = חושב שצריך לקיימן במועד
3  = חושב שצריך לדחות
4 = בטוח שצריך לדחות",,,,,,,,,,,,,,
סוגיות,$A$60,"יניב שפירא:
למי שענה 3 או 4 בשאלה הקודמת",יניב שפירא,unknown,למי שענה 3 או 4 בשאלה הקודמת,unknown,unknown,followupQuestion,,followupQuestion,למי שענה 3 או 4 בשאלה הקודמת,,,,,,,,,,,,,,
סוגיות,$AC$60,"יניב שפירא:
1 = למספר שבועות
2 = למספר חודשים
3 = לשנה
4 = ליותר משנה
5 = חושב שלא צריך לדחות",,scale,"יניב שפירא:
1 = למספר שבועות
2 = למספר חודשים
3 = לשנה
4 = ליותר משנה
5 = חושב שלא צריך לדחות",,unknown,,,scale,"1 = למספר שבועות
2 = למספר חודשים
3 = לשנה
4 = ליותר משנה
5 = חושב שלא צריך לדחות",,,,,,,,,,,,,,
סוגיות,$AD$61,"יניב שפירא:
1 = כן
2 = לא",,scale,"יניב שפירא:
1 = כן
2 = לא",,unknown,,,scale,"1 = כן
2 = לא",,,,,,,,,,,,,,
סוגיות,$AD$62,"יניב שפירא:
1 = ציין 3 מפלגות
2 = ציין 2 מפלגות
3 = ציין מפלגה אחת
4 = תשובה לא נכונה
5 = לא יודע",,scale,"יניב שפירא:
1 = ציין 3 מפלגות
2 = ציין 2 מפלגות
3 = ציין מפלגה אחת
4 = תשובה לא נכונה
5 = לא יודע",,unknown,,,scale,"1 = ציין 3 מפלגות
2 = ציין 2 מפלגות
3 = ציין מפלגה אחת
4 = תשובה לא נכונה
5 = לא יודע",,,,,,,,,,,,,,
סוגיות,$AD$63,"יניב שפירא:
1 = מאוד רצוי
2 = רצוי
3 = לא כ""כ רצוי
4 = כלל לא רצוי",,scale,"יניב שפירא:
1 = מאוד רצוי
2 = רצוי
3 = לא כ""כ רצוי
4 = כלל לא רצוי",,unknown,,,scale,"1 = מאוד רצוי
2 = רצוי
3 = לא כ""כ רצוי
4 = כלל לא רצוי",,,,,,,,,,,,,,
סוגיות,$Z$64,"יניב שפירא:
1 = ידוע במידה רבה
2 = ידוע באופן כללי
3 = ידוע באופן מועט
4 = לא ידוע כלל
",,scale,"יניב שפירא:
1 = ידוע במידה רבה
2 = ידוע באופן כללי
3 = ידוע באופן מועט
4 = לא ידוע כלל
",,unknown,,,scale,"1 = ידוע במידה רבה
2 = ידוע באופן כללי
3 = ידוע באופן מועט
4 = לא ידוע כלל
",,,,,,,,,,,,,,
סוגיות,$D$65,"יניב שפירא:
1 = שהציבור בוחר, אבל הפוליטיקאים לא מקימים ממשלה
2 = שהמערכת הפוליטית ומשרדי הממשלה משותקים
3 = שנשברו כללי המשחק של המערכת הפוליטית והמשפטית
4 = לא רואה במצב שום דבר בעייתי
5 = אחר",,scale,"יניב שפירא:
1 = שהציבור בוחר, אבל הפוליטיקאים לא מקימים ממשלה
2 = שהמערכת הפוליטית ומשרדי הממשלה משותקים
3 = שנשברו כללי המשחק של המערכת הפוליטית והמשפטית
4 = לא רואה במצב שום דבר בעייתי
5 = אחר",,unknown,,,scale,"1 = שהציבור בוחר, אבל הפוליטיקאים לא מקימים ממשלה
2 = שהמערכת הפוליטית ומשרדי הממשלה משותקים
3 = שנשברו כללי המשחק של המערכת הפוליטית והמשפטית
4 = לא רואה במצב שום דבר בעייתי
5 = אחר",,,,,,,,,,,,,,
סוגיות,$B$66,"adi:
1 = שיטת הבחירות בישראל
2 = שיקולים אישייים של פוליטיקאיים המנסים למקסם את טובתם ושרידותם האישית
3 = הקושי בטיפול בבעיות המרכזיות של ישראל
4 = מחלוקות אידיאולוגיות בין המפלגות בקואליציה
5 = אחר",,scale,"adi:
1 = שיטת הבחירות בישראל
2 = שיקולים אישייים של פוליטיקאיים המנסים למקסם את טובתם ושרידותם האישית
3 = הקושי בטיפול בבעיות המרכזיות של ישראל
4 = מחלוקות אידיאולוגיות בין המפלגות בקואליציה
5 = אחר",,unknown,,,scale,"1 = שיטת הבחירות בישראל
2 = שיקולים אישייים של פוליטיקאיים המנסים למקסם את טובתם ושרידותם האישית
3 = הקושי בטיפול בבעיות המרכזיות של ישראל
4 = מחלוקות אידיאולוגיות בין המפלגות בקואליציה
5 = אחר",,,,,,,,,,,,,,
סוגיות,$C$66,"יניב שפירא:
1 = שיטת הבחירות
2 = שיקולים אישייים של פוליטיקאיים המנסים למקסם את טובתם ושרידותם הפוליטית
3 = הקושי בטיפול במשבר הקורונה והשלכותיו הכלכליות חברתיות
4 = מחלוקות אידיאולוגיות בין מפלגות הקואליציה
5 = אחר",,scale,"יניב שפירא:
1 = שיטת הבחירות
2 = שיקולים אישייים של פוליטיקאיים המנסים למקסם את טובתם ושרידותם הפוליטית
3 = הקושי בטיפול במשבר הקורונה והשלכותיו הכלכליות חברתיות
4 = מחלוקות אידיאולוגיות בין מפלגות הקואליציה
5 = אחר",,unknown,,,scale,"1 = שיטת הבחירות
2 = שיקולים אישייים של פוליטיקאיים המנסים למקסם את טובתם ושרידותם הפוליטית
3 = הקושי בטיפול במשבר הקורונה והשלכותיו הכלכליות חברתיות
4 = מחלוקות אידיאולוגיות בין מפלגות הקואליציה
5 = אחר",,,,,,,,,,,,,,
סוגיות,$C$67,"יניב שפירא:
1 = בדרך טובה מאוד
2 = בדרך טובה
3 = בדרך לא כ""כ טובה
4 = בדרך לא טובה כלל",,scale,"יניב שפירא:
1 = בדרך טובה מאוד
2 = בדרך טובה
3 = בדרך לא כ""כ טובה
4 = בדרך לא טובה כלל",,unknown,,,scale,"1 = בדרך טובה מאוד
2 = בדרך טובה
3 = בדרך לא כ""כ טובה
4 = בדרך לא טובה כלל",,,,,,,,,,,,,,
סוגיות,$C$68,"יניב שפירא:
1 = נתניהו
2 = סער
3 = לפיד
4 = בנט
5 = כולם במידה שווה
6 = אף אחד מהם",,scale,"יניב שפירא:
1 = נתניהו
2 = סער
3 = לפיד
4 = בנט
5 = כולם במידה שווה
6 = אף אחד מהם",,unknown,,,scale,"1 = נתניהו
2 = סער
3 = לפיד
4 = בנט
5 = כולם במידה שווה
6 = אף אחד מהם",,,,,,,,,,,,,,
סוגיות,$L$69,"יניב שפירא:
1 = מתנגד מאד
2 = מתנגד במידה מסוימת
3 = תומך במידה מסוימת
4 = תומך מאד",,scale,"יניב שפירא:
1 = מתנגד מאד
2 = מתנגד במידה מסוימת
3 = תומך במידה מסוימת
4 = תומך מאד",,unknown,,,scale,"1 = מתנגד מאד
2 = מתנגד במידה מסוימת
3 = תומך במידה מסוימת
4 = תומך מאד",,,,,,,,,,,,,,
סוגיות,$M$69,"יניב שפירא:
1 = תומך מאד
2 = תומך במידה מסוימת
3 = מתנגד במידה מסוימת
4 = מתנגד מאד",,scale,"יניב שפירא:
1 = תומך מאד
2 = תומך במידה מסוימת
3 = מתנגד במידה מסוימת
4 = מתנגד מאד",,unknown,,,scale,"1 = תומך מאד
2 = תומך במידה מסוימת
3 = מתנגד במידה מסוימת
4 = מתנגד מאד",,,,,,,,,,,,,,
סוגיות,$B$70,"adi:
1 = מתנגד/ת לחלוטין
2 = מתנגד/ת להשתתפותן בקואליציה, אך בעד תמיכתן מבחוץ
3 = תומך/ת בהשתתפותן בקואליציה, ללא תפקידי שרים
4 = תומך/ת בהשתתפותן בקואליציה, כולל תפקידי שרים",,scale,"adi:
1 = מתנגד/ת לחלוטין
2 = מתנגד/ת להשתתפותן בקואליציה, אך בעד תמיכתן מבחוץ
3 = תומך/ת בהשתתפותן בקואליציה, ללא תפקידי שרים
4 = תומך/ת בהשתתפותן בקואליציה, כולל תפקידי שרים",,unknown,,,scale,"1 = מתנגד/ת לחלוטין
2 = מתנגד/ת להשתתפותן בקואליציה, אך בעד תמיכתן מבחוץ
3 = תומך/ת בהשתתפותן בקואליציה, ללא תפקידי שרים
4 = תומך/ת בהשתתפותן בקואליציה, כולל תפקידי שרים",,,,,,,,,,,,,,
סוגיות,$C$70,"יניב שפירא:
1 = בעד צירוף מפלגות ערביות לממשלה
2 = בעד תמיכה מבחוץ של מפלגות ערביות
3 = נגד צירוף ונגד תמיכה מבחוץ של מפלגות ערביות",,scale,"יניב שפירא:
1 = בעד צירוף מפלגות ערביות לממשלה
2 = בעד תמיכה מבחוץ של מפלגות ערביות
3 = נגד צירוף ונגד תמיכה מבחוץ של מפלגות ערביות",,unknown,,,scale,"1 = בעד צירוף מפלגות ערביות לממשלה
2 = בעד תמיכה מבחוץ של מפלגות ערביות
3 = נגד צירוף ונגד תמיכה מבחוץ של מפלגות ערביות",,,,,,,,,,,,,,
סוגיות,$B$71,"adi:
1 = חיובית מאוד
2 = חיובית
3 = לא חיובית ולא שלילת
4 = שלילית
5 = שלילית מאוד",,scale,"adi:
1 = חיובית מאוד
2 = חיובית
3 = לא חיובית ולא שלילת
4 = שלילית
5 = שלילית מאוד",,unknown,,,scale,"1 = חיובית מאוד
2 = חיובית
3 = לא חיובית ולא שלילת
4 = שלילית
5 = שלילית מאוד",,,,,,,,,,,,,,
כלכלה-חברה,$D$2,"יניב שפירא:
1 = קפיטליסטית בהחלט
2 = יותר קפיטליסטית מאשר סוציאליסטית
3 = יותר סוציאליסטית מאשר קפיטליסטית
4 = סוציאליסטית בהחלט",,scale,"יניב שפירא:
1 = קפיטליסטית בהחלט
2 = יותר קפיטליסטית מאשר סוציאליסטית
3 = יותר סוציאליסטית מאשר קפיטליסטית
4 = סוציאליסטית בהחלט",,unknown,,,scale,"1 = קפיטליסטית בהחלט
2 = יותר קפיטליסטית מאשר סוציאליסטית
3 = יותר סוציאליסטית מאשר קפיטליסטית
4 = סוציאליסטית בהחלט",,,,,,,,,,,,,,
כלכלה-חברה,$B$5,"adi:
1 = נתניהו
2 = לפיד
3 = גנץ
4 = כולם במידה שווה
5 = אף אחד מהם",,scale,"adi:
1 = נתניהו
2 = לפיד
3 = גנץ
4 = כולם במידה שווה
5 = אף אחד מהם",,unknown,,,scale,"1 = נתניהו
2 = לפיד
3 = גנץ
4 = כולם במידה שווה
5 = אף אחד מהם",,,,,,,,,,,,,,
כלכלה-חברה,$D$5,"יניב שפירא:
1 = כחול לבן
2 = ליכוד
3 =  שניהם במידה שווה
4 = אף אחד מהם",,scale,"יניב שפירא:
1 = כחול לבן
2 = ליכוד
3 =  שניהם במידה שווה
4 = אף אחד מהם",,unknown,,,scale,"1 = כחול לבן
2 = ליכוד
3 =  שניהם במידה שווה
4 = אף אחד מהם",,,,,,,,,,,,,,
כלכלה-חברה,$G$5,"יניב שפירא:
1 = המחנה הציוני
2 = הליכוד
3 = שניהם במידה שווה
4 = אף אחד מהם",,scale,"יניב שפירא:
1 = המחנה הציוני
2 = הליכוד
3 = שניהם במידה שווה
4 = אף אחד מהם",,unknown,,,scale,"1 = המחנה הציוני
2 = הליכוד
3 = שניהם במידה שווה
4 = אף אחד מהם",,,,,,,,,,,,,,
כלכלה-חברה,$H$6,"יניב שפירא:
1 = ציפי לבני
2 = בנימין נתניהו
3 = שלי יחימוביץ",,scale,"יניב שפירא:
1 = ציפי לבני
2 = בנימין נתניהו
3 = שלי יחימוביץ",,unknown,,,scale,"1 = ציפי לבני
2 = בנימין נתניהו
3 = שלי יחימוביץ",,,,,,,,,,,,,,
כלכלה-חברה,$I$6,"יניב שפירא:
1 = ציפי לבני
2 = בנימין נתניהו
3 = אהוד ברק",,scale,"יניב שפירא:
1 = ציפי לבני
2 = בנימין נתניהו
3 = אהוד ברק",,unknown,,,scale,"1 = ציפי לבני
2 = בנימין נתניהו
3 = אהוד ברק",,,,,,,,,,,,,,
כלכלה-חברה,$J$6,"יניב שפירא:
1 = קדימה
2 = הליכוד
3 = העבודה
4 = כולם במידה שווה
5 = אף אחד מהם",,scale,"יניב שפירא:
1 = קדימה
2 = הליכוד
3 = העבודה
4 = כולם במידה שווה
5 = אף אחד מהם",,unknown,,,scale,"1 = קדימה
2 = הליכוד
3 = העבודה
4 = כולם במידה שווה
5 = אף אחד מהם",,,,,,,,,,,,,,
כלכלה-חברה,$K$6,"יניב שפירא:
1 = הליכוד
2 = העבודה
3 = שניהם במידה שווה
4 = אף אחד מהם",,scale,"יניב שפירא:
1 = הליכוד
2 = העבודה
3 = שניהם במידה שווה
4 = אף אחד מהם",,unknown,,,scale,"1 = הליכוד
2 = העבודה
3 = שניהם במידה שווה
4 = אף אחד מהם",,,,,,,,,,,,,,
כלכלה-חברה,$L$6,"יניב שפירא:
1 = שרון
2 = ברק
3 = מידה שווה
4 = אף אחד מהם",,scale,"יניב שפירא:
1 = שרון
2 = ברק
3 = מידה שווה
4 = אף אחד מהם",,unknown,,,scale,"1 = שרון
2 = ברק
3 = מידה שווה
4 = אף אחד מהם",,,,,,,,,,,,,,
כלכלה-חברה,$M$6,"יניב שפירא:
1 = נתניהו
2 = ברק
3 = מרדכי
4 = במידה שווה
5 = אף אחד מהם",,scale,"יניב שפירא:
1 = נתניהו
2 = ברק
3 = מרדכי
4 = במידה שווה
5 = אף אחד מהם",,unknown,,,scale,"1 = נתניהו
2 = ברק
3 = מרדכי
4 = במידה שווה
5 = אף אחד מהם",,,,,,,,,,,,,,
כלכלה-חברה,$N$6,"יניב שפירא:
1 = העבודה
2 = הליכוד
3 = במידה שווה
4 = אף אחד מהם",,scale,"יניב שפירא:
1 = העבודה
2 = הליכוד
3 = במידה שווה
4 = אף אחד מהם",,unknown,,,scale,"1 = העבודה
2 = הליכוד
3 = במידה שווה
4 = אף אחד מהם",,,,,,,,,,,,,,
כלכלה-חברה,$T$6,"יניב שפירא:
1 = יורם ארידור (ליכוד)
2 = חיים בן שחר (מערך)",,scale,"יניב שפירא:
1 = יורם ארידור (ליכוד)
2 = חיים בן שחר (מערך)",,unknown,,,scale,"1 = יורם ארידור (ליכוד)
2 = חיים בן שחר (מערך)",,,,,,,,,,,,,,
כלכלה-חברה,$H$8,"יניב שפירא:
1 = ציפי לבני
2 = בנימין נתניהו
3 = שלי יחימוביץ",,scale,"יניב שפירא:
1 = ציפי לבני
2 = בנימין נתניהו
3 = שלי יחימוביץ",,unknown,,,scale,"1 = ציפי לבני
2 = בנימין נתניהו
3 = שלי יחימוביץ",,,,,,,,,,,,,,
כלכלה-חברה,$I$8,"יניב שפירא:
1 = ציפי לבני
2 = בנימין נתניהו
3 = אהוד ברק",,scale,"יניב שפירא:
1 = ציפי לבני
2 = בנימין נתניהו
3 = אהוד ברק",,unknown,,,scale,"1 = ציפי לבני
2 = בנימין נתניהו
3 = אהוד ברק",,,,,,,,,,,,,,
כלכלה-חברה,$F$11,"יניב שפירא:
1 = השתפר בהרבה
2 = השתפר במקצת
3 = לא השתנה
4 = קצת גרוע יותר
5 = הרבה יותר גרוע",,scale,"יניב שפירא:
1 = השתפר בהרבה
2 = השתפר במקצת
3 = לא השתנה
4 = קצת גרוע יותר
5 = הרבה יותר גרוע",,unknown,,,scale,"1 = השתפר בהרבה
2 = השתפר במקצת
3 = לא השתנה
4 = קצת גרוע יותר
5 = הרבה יותר גרוע",,,,,,,,,,,,,,
כלכלה-חברה,$AE$11,"יניב שפירא:
1 = טוב יותר
2 = אותו מצב
3 = גרוע יותר",,scale,"יניב שפירא:
1 = טוב יותר
2 = אותו מצב
3 = גרוע יותר",,unknown,,,scale,"1 = טוב יותר
2 = אותו מצב
3 = גרוע יותר",,,,,,,,,,,,,,
כלכלה-חברה,$F$12,"יניב שפירא:
1 =השתפר בהרבה
2 = השתפר במקצת
3 = לא השתנה
4 = קצת גרוע יותר
5 = הרבה יותר גרוע",,scale,"יניב שפירא:
1 =השתפר בהרבה
2 = השתפר במקצת
3 = לא השתנה
4 = קצת גרוע יותר
5 = הרבה יותר גרוע",,unknown,,,scale,"1 =השתפר בהרבה
2 = השתפר במקצת
3 = לא השתנה
4 = קצת גרוע יותר
5 = הרבה יותר גרוע",,,,,,,,,,,,,,
כלכלה-חברה,$AE$12,"יניב שפירא:
1 = טוב יותר
2 = אותו מצב
3 = יותר גרוע",,scale,"יניב שפירא:
1 = טוב יותר
2 = אותו מצב
3 = יותר גרוע",,unknown,,,scale,"1 = טוב יותר
2 = אותו מצב
3 = יותר גרוע",,,,,,,,,,,,,,
כלכלה-חברה,$F$13,"יניב שפירא:
1 = כלל לא מסכים
2 = לא כ""כ מסכים
3 = די מסכים
4 = מאד מסכים",,scale,"יניב שפירא:
1 = כלל לא מסכים
2 = לא כ""כ מסכים
3 = די מסכים
4 = מאד מסכים",,unknown,,,scale,"1 = כלל לא מסכים
2 = לא כ""כ מסכים
3 = די מסכים
4 = מאד מסכים",,,,,,,,,,,,,,
כלכלה-חברה,$G$14,"יניב שפירא:
1 = על הממשלה לדאוג שלכל אדם תהיה עבודה ורמת חיים סבירה
2 = זה תלוי
3 = על הממשלה לא להתערב ולתת לכל אדם להסתדר בעצמו
",,scale,"יניב שפירא:
1 = על הממשלה לדאוג שלכל אדם תהיה עבודה ורמת חיים סבירה
2 = זה תלוי
3 = על הממשלה לא להתערב ולתת לכל אדם להסתדר בעצמו
",,unknown,,,scale,"1 = על הממשלה לדאוג שלכל אדם תהיה עבודה ורמת חיים סבירה
2 = זה תלוי
3 = על הממשלה לא להתערב ולתת לכל אדם להסתדר בעצמו
",,,,,,,,,,,,,,
כלכלה-חברה,$G$15,"יניב שפירא:
1 = כן
2 = לא
9 = מסרב",,scale,"יניב שפירא:
1 = כן
2 = לא
9 = מסרב",,unknown,,,scale,"1 = כן
2 = לא
9 = מסרב",,,,,,,,,,,,,,
כלכלה-חברה,$P$15,"יניב שפירא:
במקום ""הבעיות שהמדינה ניצבת בפניהן""
הנוסח הוא: ""הכסף יוקדש לנושאי בטחון""",,scale,"יניב שפירא:
במקום ""הבעיות שהמדינה ניצבת בפניהן""
הנוסח הוא: ""הכסף יוקדש לנושאי בטחון""",,unknown,,,scale,"במקום ""הבעיות שהמדינה ניצבת בפניהן""
הנוסח הוא: ""הכסף יוקדש לנושאי בטחון""",,,,,,,,,,,,,,
כלכלה-חברה,$G$16,"יניב שפירא:
1 = פחות
2 = כמו עכשיו
3 = יותר",,scale,"יניב שפירא:
1 = פחות
2 = כמו עכשיו
3 = יותר",,unknown,,,scale,"1 = פחות
2 = כמו עכשיו
3 = יותר",,,,,,,,,,,,,,
כלכלה-חברה,$H$16,"יניב שפירא:
1 = יותר
2 = פחות
3 = כמו עכשיו",,scale,"יניב שפירא:
1 = יותר
2 = פחות
3 = כמו עכשיו",,unknown,,,scale,"1 = יותר
2 = פחות
3 = כמו עכשיו",,,,,,,,,,,,,,
כלכלה-חברה,$M$22,"יניב שפירא:
הניסוח הוא:
""סיוע למובטלים""",,scale,"יניב שפירא:
הניסוח הוא:
""סיוע למובטלים""",,unknown,,,scale,"הניסוח הוא:
""סיוע למובטלים""",,,,,,,,,,,,,,
כלכלה-חברה,$G$32,"יניב שפירא:
1 = מסכים בהחלט
2 = מסכים
3 = לא בטוח
4 = לא מסכים
5 = בהחלט לא מסכים",,scale,"יניב שפירא:
1 = מסכים בהחלט
2 = מסכים
3 = לא בטוח
4 = לא מסכים
5 = בהחלט לא מסכים",,unknown,,,scale,"1 = מסכים בהחלט
2 = מסכים
3 = לא בטוח
4 = לא מסכים
5 = בהחלט לא מסכים",,,,,,,,,,,,,,
כלכלה-חברה,$P$33,"יניב שפירא:
1 = מוצדק בהחלט
2 = מוצדק
3 = לא מוצדק
4 = בהחלט לא מוצדק
",,scale,"יניב שפירא:
1 = מוצדק בהחלט
2 = מוצדק
3 = לא מוצדק
4 = בהחלט לא מוצדק
",,unknown,,,scale,"1 = מוצדק בהחלט
2 = מוצדק
3 = לא מוצדק
4 = בהחלט לא מוצדק
",,,,,,,,,,,,,,
כלכלה-חברה,$G$34,"יניב שפירא:
1 = לא תמכת
2 = תמכת, אך לא השתתפת
3 = תמכת והשתתפת באופן אישי",,scale,"יניב שפירא:
1 = לא תמכת
2 = תמכת, אך לא השתתפת
3 = תמכת והשתתפת באופן אישי",,unknown,,,scale,"1 = לא תמכת
2 = תמכת, אך לא השתתפת
3 = תמכת והשתתפת באופן אישי",,,,,,,,,,,,,,
כלכלה-חברה,$M$36,"יניב שפירא:
1 = מסכים בהחלט
2 = מסכים
3 = לא מסכים
4 = בכלל לא מסכים",,scale,"יניב שפירא:
1 = מסכים בהחלט
2 = מסכים
3 = לא מסכים
4 = בכלל לא מסכים",,unknown,,,scale,"1 = מסכים בהחלט
2 = מסכים
3 = לא מסכים
4 = בכלל לא מסכים",,,,,,,,,,,,,,
כלכלה-חברה,$M$37,"יניב שפירא:
1 = במידה רבה מאד
2 = במידה רבה
3 = במידה בינונית
4 = במידה קטנה
5 = כלל לא",,scale,"יניב שפירא:
1 = במידה רבה מאד
2 = במידה רבה
3 = במידה בינונית
4 = במידה קטנה
5 = כלל לא",,unknown,,,scale,"1 = במידה רבה מאד
2 = במידה רבה
3 = במידה בינונית
4 = במידה קטנה
5 = כלל לא",,,,,,,,,,,,,,
כלכלה-חברה,$M$38,"יניב שפירא:
1 = במידה רבה מאד
2 = במידה רבה
3 = במידה בינונית
4 = במידה קטנה
5 = כלל לא",,scale,"יניב שפירא:
1 = במידה רבה מאד
2 = במידה רבה
3 = במידה בינונית
4 = במידה קטנה
5 = כלל לא",,unknown,,,scale,"1 = במידה רבה מאד
2 = במידה רבה
3 = במידה בינונית
4 = במידה קטנה
5 = כלל לא",,,,,,,,,,,,,,
כלכלה-חברה,$P$39,"יניב שפירא:
1 = להגדיל
2 = להשאיר
3 = לקצץ",,scale,"יניב שפירא:
1 = להגדיל
2 = להשאיר
3 = לקצץ",,unknown,,,scale,"1 = להגדיל
2 = להשאיר
3 = לקצץ",,,,,,,,,,,,,,
כלכלה-חברה,$P$40,"יניב שפירא:
1 = להגדיל
2 = להשאיר
3 = לקצץ",,scale,"יניב שפירא:
1 = להגדיל
2 = להשאיר
3 = לקצץ",,unknown,,,scale,"1 = להגדיל
2 = להשאיר
3 = לקצץ",,,,,,,,,,,,,,
כלכלה-חברה,$P$41,"יניב שפירא:
1 = כל הדרך בה מאורגנת החברה שלנו צריכה לעבור שינוי יסודי באמצעות פעולה מהפכנית
2 = החברה שלנו צריכה לעבור שיפורים באופן הדרגתי ע""י רפורמות
3 = החברה שלנו טובה כפי שהיא ויש להגן עליה מפני כוחות הרוצים לשנותה",,scale,"יניב שפירא:
1 = כל הדרך בה מאורגנת החברה שלנו צריכה לעבור שינוי יסודי באמצעות פעולה מהפכנית
2 = החברה שלנו צריכה לעבור שיפורים באופן הדרגתי ע""י רפורמות
3 = החברה שלנו טובה כפי שהיא ויש להגן עליה מפני כוחות הרוצים לשנותה",,unknown,,,scale,"1 = כל הדרך בה מאורגנת החברה שלנו צריכה לעבור שינוי יסודי באמצעות פעולה מהפכנית
2 = החברה שלנו צריכה לעבור שיפורים באופן הדרגתי ע""י רפורמות
3 = החברה שלנו טובה כפי שהיא ויש להגן עליה מפני כוחות הרוצים לשנותה",,,,,,,,,,,,,,
כלכלה-חברה,$Q$42,"יניב שפירא:
1 = בעד שינוי הסטטוס
2 = נגד שינוי הסטטוס",,scale,"יניב שפירא:
1 = בעד שינוי הסטטוס
2 = נגד שינוי הסטטוס",,unknown,,,scale,"1 = בעד שינוי הסטטוס
2 = נגד שינוי הסטטוס",,,,,,,,,,,,,,
כלכלה-חברה,$Q$45,"יניב שפירא:
1 = הנטל מתחלק באופן צודק
2 = נטל מתחלק באופן לא צודק",,scale,"יניב שפירא:
1 = הנטל מתחלק באופן צודק
2 = נטל מתחלק באופן לא צודק",,unknown,,,scale,"1 = הנטל מתחלק באופן צודק
2 = נטל מתחלק באופן לא צודק",,,,,,,,,,,,,,
כלכלה-חברה,$S$48,"יניב שפירא:
1 = מטפלת בדרך טובה מאד
2 = בדרך טובה
3 = בדרך ככה ככה
4 = בדרך לא כ""כ טובה
5 = בדרך כלל לא טובה",,scale,"יניב שפירא:
1 = מטפלת בדרך טובה מאד
2 = בדרך טובה
3 = בדרך ככה ככה
4 = בדרך לא כ""כ טובה
5 = בדרך כלל לא טובה",,unknown,,,scale,"1 = מטפלת בדרך טובה מאד
2 = בדרך טובה
3 = בדרך ככה ככה
4 = בדרך לא כ""כ טובה
5 = בדרך כלל לא טובה",,,,,,,,,,,,,,
כלכלה-חברה,$S$49,"יניב שפירא:
1 = המערך
2 = הליכוד
3 = במידה שווה
4 = אף אחת מהן",,scale,"יניב שפירא:
1 = המערך
2 = הליכוד
3 = במידה שווה
4 = אף אחת מהן",,unknown,,,scale,"1 = המערך
2 = הליכוד
3 = במידה שווה
4 = אף אחת מהן",,,,,,,,,,,,,,
כלכלה-חברה,$S$55,"יניב שפירא:
1 = יותר טוב
2 = דומים
3 = פחות טוב",,scale,"יניב שפירא:
1 = יותר טוב
2 = דומים
3 = פחות טוב",,unknown,,,scale,"1 = יותר טוב
2 = דומים
3 = פחות טוב",,,,,,,,,,,,,,
כלכלה-חברה,$S$56,"יניב שפירא:
1 = מתחשבת במידה רבה מאד
2 = במידה רבה
3 = במידה מסוימת
4 = במידה מועטה
5 = לא מתחשבת כלל",,scale,"יניב שפירא:
1 = מתחשבת במידה רבה מאד
2 = במידה רבה
3 = במידה מסוימת
4 = במידה מועטה
5 = לא מתחשבת כלל",,unknown,,,scale,"1 = מתחשבת במידה רבה מאד
2 = במידה רבה
3 = במידה מסוימת
4 = במידה מועטה
5 = לא מתחשבת כלל",,,,,,,,,,,,,,
כלכלה-חברה,$S$57,"יניב שפירא:
1 = מתחשבת במידה רבה מאד
2 = במידה רבה
3 = במידה מסוימת
4 = במידה מועטה
5 = לא מתחשבת כלל",,scale,"יניב שפירא:
1 = מתחשבת במידה רבה מאד
2 = במידה רבה
3 = במידה מסוימת
4 = במידה מועטה
5 = לא מתחשבת כלל",,unknown,,,scale,"1 = מתחשבת במידה רבה מאד
2 = במידה רבה
3 = במידה מסוימת
4 = במידה מועטה
5 = לא מתחשבת כלל",,,,,,,,,,,,,,
כלכלה-חברה,$S$58,"יניב שפירא:
1 = יותר טובים
2 = שווים/דומים
3 = פחות טובים",,scale,"יניב שפירא:
1 = יותר טובים
2 = שווים/דומים
3 = פחות טובים",,unknown,,,scale,"1 = יותר טובים
2 = שווים/דומים
3 = פחות טובים",,,,,,,,,,,,,,
כלכלה-חברה,$T$59,"יניב שפירא:
1 = מאד ברורה
2 = ברורה
3 = די ברורה
4 = לא כ""כ ברורה
5 = לא ברורה
6 = כלל לא ברורה",,scale,"יניב שפירא:
1 = מאד ברורה
2 = ברורה
3 = די ברורה
4 = לא כ""כ ברורה
5 = לא ברורה
6 = כלל לא ברורה",,unknown,,,scale,"1 = מאד ברורה
2 = ברורה
3 = די ברורה
4 = לא כ""כ ברורה
5 = לא ברורה
6 = כלל לא ברורה",,,,,,,,,,,,,,
כלכלה-חברה,$T$60,"יניב שפירא:
1 = מאד ברורה
2 = ברורה
3 = די ברורה
4 = לא כ""כ ברורה
5 = לא ברורה
6 = כלל לא ברורה",,scale,"יניב שפירא:
1 = מאד ברורה
2 = ברורה
3 = די ברורה
4 = לא כ""כ ברורה
5 = לא ברורה
6 = כלל לא ברורה",,unknown,,,scale,"1 = מאד ברורה
2 = ברורה
3 = די ברורה
4 = לא כ""כ ברורה
5 = לא ברורה
6 = כלל לא ברורה",,,,,,,,,,,,,,
כלכלה-חברה,$T$61,"יניב שפירא:
1 = במידה רבה מאד
2 = במידה רבה
3 = במידה מסויימת
4 = במידה מועטה בלבד
5 = כלל לא עוזרת",,scale,"יניב שפירא:
1 = במידה רבה מאד
2 = במידה רבה
3 = במידה מסויימת
4 = במידה מועטה בלבד
5 = כלל לא עוזרת",,unknown,,,scale,"1 = במידה רבה מאד
2 = במידה רבה
3 = במידה מסויימת
4 = במידה מועטה בלבד
5 = כלל לא עוזרת",,,,,,,,,,,,,,
כלכלה-חברה,$V$61,"יניב שפירא:
1 = במידה רבה מאד
2 = במידה מסויימת
3 = לא כ""כ
4 = בכלל לא",,scale,"יניב שפירא:
1 = במידה רבה מאד
2 = במידה מסויימת
3 = לא כ""כ
4 = בכלל לא",,unknown,,,scale,"1 = במידה רבה מאד
2 = במידה מסויימת
3 = לא כ""כ
4 = בכלל לא",,,,,,,,,,,,,,
כלכלה-חברה,$V$65,"יניב שפירא:
1 = בכלל לא תצליח
2 = לא כ""כ תצליח
3 = תצליח במידה מה
4 = תצליח במידה רבה",,scale,"יניב שפירא:
1 = בכלל לא תצליח
2 = לא כ""כ תצליח
3 = תצליח במידה מה
4 = תצליח במידה רבה",,unknown,,,scale,"1 = בכלל לא תצליח
2 = לא כ""כ תצליח
3 = תצליח במידה מה
4 = תצליח במידה רבה",,,,,,,,,,,,,,
כלכלה-חברה,$V$66,"יניב שפירא:
1 = סיכויים רבים מאד שתמשך
2 = סיכויים מועטים שתמשך
3 = אין סיכויים שתמשך
4 = אין בכלל סיכויים שתמשך",,scale,"יניב שפירא:
1 = סיכויים רבים מאד שתמשך
2 = סיכויים מועטים שתמשך
3 = אין סיכויים שתמשך
4 = אין בכלל סיכויים שתמשך",,unknown,,,scale,"1 = סיכויים רבים מאד שתמשך
2 = סיכויים מועטים שתמשך
3 = אין סיכויים שתמשך
4 = אין בכלל סיכויים שתמשך",,,,,,,,,,,,,,
כלכלה-חברה,$V$67,"יניב שפירא:
1 = לשכבות החלשות
2 = לשכבות הבינוניות
3 = לשכבות הגבוהות
4 = לכל אזרחי המדינה",,scale,"יניב שפירא:
1 = לשכבות החלשות
2 = לשכבות הבינוניות
3 = לשכבות הגבוהות
4 = לכל אזרחי המדינה",,unknown,,,scale,"1 = לשכבות החלשות
2 = לשכבות הבינוניות
3 = לשכבות הגבוהות
4 = לכל אזרחי המדינה",,,,,,,,,,,,,,
כלכלה-חברה,$V$68,"יניב שפירא:
1 = כן
2 = לא
3 = לא יודע/לא החלטתי",,scale,"יניב שפירא:
1 = כן
2 = לא
3 = לא יודע/לא החלטתי",,unknown,,,scale,"1 = כן
2 = לא
3 = לא יודע/לא החלטתי",,,,,,,,,,,,,,
כלכלה-חברה,$K$69,"יניב שפירא:
סולם 1-10
1 = רחוק ביותר
10 = קרוב ביותר",,scale,"יניב שפירא:
סולם 1-10
1 = רחוק ביותר
10 = קרוב ביותר",,unknown,,,scale,"סולם 1-10
1 = רחוק ביותר
10 = קרוב ביותר",,,,,,,,,,,,,,
כלכלה-חברה,$T$77,"יניב שפירא:
סולם 1-10
1 = הטוב ביותר
10 = הגרוע ביותר",,scale,"יניב שפירא:
סולם 1-10
1 = הטוב ביותר
10 = הגרוע ביותר",,unknown,,,scale,"סולם 1-10
1 = הטוב ביותר
10 = הגרוע ביותר",,,,,,,,,,,,,,
כלכלה-חברה,$AG$77,"יניב שפירא:
סולם 0-10
0 = הכי גרוע
10 = הכי טוב",,scale,"יניב שפירא:
סולם 0-10
0 = הכי גרוע
10 = הכי טוב",,unknown,,,scale,"סולם 0-10
0 = הכי גרוע
10 = הכי טוב",,,,,,,,,,,,,,
כלכלה-חברה,$AH$80,"יניב שפירא:
סולם 0-10
0 = המצב הגרוע ביותר
10 = המצב הטוב ביותר",,scale,"יניב שפירא:
סולם 0-10
0 = המצב הגרוע ביותר
10 = המצב הטוב ביותר",,unknown,,,scale,"סולם 0-10
0 = המצב הגרוע ביותר
10 = המצב הטוב ביותר",,,,,,,,,,,,,,
כלכלה-חברה,$AD$83,"יניב שפירא:
1 = בטוח שכן
2 = חושב שכן
3 = חושב שלא
4 = בטוח שלא
5 = אין זכות בחירה",,scale,"יניב שפירא:
1 = בטוח שכן
2 = חושב שכן
3 = חושב שלא
4 = בטוח שלא
5 = אין זכות בחירה",,unknown,,,scale,"1 = בטוח שכן
2 = חושב שכן
3 = חושב שלא
4 = בטוח שלא
5 = אין זכות בחירה",,,,,,,,,,,,,,
כלכלה-חברה,$N$84,"יניב שפירא:
1 = עבודה (הברפלד)
2 = דם (רמון)
3 = ליכוד (שמאי)
4 = חד""ש (גונן)
5 = לא הצבעתי למרות שהייתה לי זכות בחירה
6 = לר הצבעתי כי לא הייתי חבר הסתדרות",,scale,"יניב שפירא:
1 = עבודה (הברפלד)
2 = דם (רמון)
3 = ליכוד (שמאי)
4 = חד""ש (גונן)
5 = לא הצבעתי למרות שהייתה לי זכות בחירה
6 = לר הצבעתי כי לא הייתי חבר הסתדרות",,unknown,,,scale,"1 = עבודה (הברפלד)
2 = דם (רמון)
3 = ליכוד (שמאי)
4 = חד""ש (גונן)
5 = לא הצבעתי למרות שהייתה לי זכות בחירה
6 = לר הצבעתי כי לא הייתי חבר הסתדרות",,,,,,,,,,,,,,
כלכלה-חברה,$S$84,"יניב שפירא:
בחירות 1981",יניב שפירא,unknown,בחירות 1981,unknown,unknown,rephrase,clarification,rephrase,בחירות 1981,,,,,,,,,,,,,,
כלכלה-חברה,$V$84,"יניב שפירא:
בחירות 1977",יניב שפירא,unknown,בחירות 1977,unknown,unknown,rephrase,clarification,rephrase,בחירות 1977,,,,,,,,,,,,,,
כלכלה-חברה,$W$84,"יניב שפירא:
בחירות 1977",יניב שפירא,unknown,בחירות 1977,unknown,unknown,rephrase,clarification,rephrase,בחירות 1977,,,,,,,,,,,,,,
כלכלה-חברה,$W$85,"יניב שפירא:
1973",יניב שפירא,unknown,"₪1,973",unknown,unknown,rephrase,clarification,rephrase,"₪1,973",,,,,,,,,,,,,,
כלכלה-חברה,$A$86,"יניב שפירא:
רק מי שהצביע בבחירות להסתדרות",יניב שפירא,sector,רק מי שהצביע בבחירות להסתדרות,,unknown,,,sector,רק מי שהצביע בבחירות להסתדרות,,,,,,,,,,,,,,
כלכלה-חברה,$U$86,"יניב שפירא:
1 = ראשי הרשימות
2 = עמדות המפלגות בנושאים שונים
3 = הישגים בהסתדרות בעבר
4 = הזדהות עם המפלגה
5 = הרע במיעוטו
6 = לחזק את המפלגה לפני הבחירות לכנסת
7 = להעניש מפלגה אחרת
8 = לא הצביע
9 = לא חבר הסתדרות",,scale,"יניב שפירא:
1 = ראשי הרשימות
2 = עמדות המפלגות בנושאים שונים
3 = הישגים בהסתדרות בעבר
4 = הזדהות עם המפלגה
5 = הרע במיעוטו
6 = לחזק את המפלגה לפני הבחירות לכנסת
7 = להעניש מפלגה אחרת
8 = לא הצביע
9 = לא חבר הסתדרות",,unknown,,,scale,"1 = ראשי הרשימות
2 = עמדות המפלגות בנושאים שונים
3 = הישגים בהסתדרות בעבר
4 = הזדהות עם המפלגה
5 = הרע במיעוטו
6 = לחזק את המפלגה לפני הבחירות לכנסת
7 = להעניש מפלגה אחרת
8 = לא הצביע
9 = לא חבר הסתדרות",,,,,,,,,,,,,,
כלכלה-חברה,$A$88,"יניב שפירא:
רק מי שלא הצביע בבחירות להסתדרות",יניב שפירא,sector,רק מי שלא הצביע בבחירות להסתדרות,,unknown,,,sector,רק מי שלא הצביע בבחירות להסתדרות,,,,,,,,,,,,,,
כלכלה-חברה,$U$88,"יניב שפירא:
1 = ראשי הרשימות דחו אותי
2 = אין במי לבחור
3 = היה ברור מראש מי ינצח
4 = לא ברור מה ההבדלים בין המפלגות
5 = ההסתדרות לא דואגת לאנשים כמוני
6 = כל הבחירות סתם משחק
7 = אני חבר רק בגלל קופ""ח - כל השאר לא מעניין אותי
8 = קשה להגיע לקלפי/לא ידעתי על קיום הבחירות
9 = סיבה אישית לא פוליטית
0 = כן הצביע",,scale,"יניב שפירא:
1 = ראשי הרשימות דחו אותי
2 = אין במי לבחור
3 = היה ברור מראש מי ינצח
4 = לא ברור מה ההבדלים בין המפלגות
5 = ההסתדרות לא דואגת לאנשים כמוני
6 = כל הבחירות סתם משחק
7 = אני חבר רק בגלל קופ""ח - כל השאר לא מעניין אותי
8 = קשה להגיע לקלפי/לא ידעתי על קיום הבחירות
9 = סיבה אישית לא פוליטית
0 = כן הצביע",,unknown,,,scale,"1 = ראשי הרשימות דחו אותי
2 = אין במי לבחור
3 = היה ברור מראש מי ינצח
4 = לא ברור מה ההבדלים בין המפלגות
5 = ההסתדרות לא דואגת לאנשים כמוני
6 = כל הבחירות סתם משחק
7 = אני חבר רק בגלל קופ""ח - כל השאר לא מעניין אותי
8 = קשה להגיע לקלפי/לא ידעתי על קיום הבחירות
9 = סיבה אישית לא פוליטית
0 = כן הצביע",,,,,,,,,,,,,,
כלכלה-חברה,$AD$88,"יניב שפירא:
0 = אין זכות בחירה",יניב שפירא,unknown,0 = אין זכות בחירה,unknown,unknown,specialValue,,specialValue,0 = אין זכות בחירה,,,,,,,,,,,,,,
כלכלה-חברה,$AG$89,"יניב שפירא:
1 = חיזק את עמדתי עבור מי להצביע
2 = לא השפיע עלי
3 = השפיע עלי לשנות את עמדתי",,scale,"יניב שפירא:
1 = חיזק את עמדתי עבור מי להצביע
2 = לא השפיע עלי
3 = השפיע עלי לשנות את עמדתי",,unknown,,,scale,"1 = חיזק את עמדתי עבור מי להצביע
2 = לא השפיע עלי
3 = השפיע עלי לשנות את עמדתי",,,,,,,,,,,,,,
כלכלה-חברה,$T$90,"יניב שפירא:
1 = המערך
2 = הליכוד
3 = שתיהן
4 = אף אחת מהן",,scale,"יניב שפירא:
1 = המערך
2 = הליכוד
3 = שתיהן
4 = אף אחת מהן",,unknown,,,scale,"1 = המערך
2 = הליכוד
3 = שתיהן
4 = אף אחת מהן",,,,,,,,,,,,,,
כלכלה-חברה,$Q$91,"יניב שפירא:
1 = בהחלט בסדר
2 = בסדר
3 = לא כ""כ בסדר
4 = כלל לא בסדר",,scale,"יניב שפירא:
1 = בהחלט בסדר
2 = בסדר
3 = לא כ""כ בסדר
4 = כלל לא בסדר",,unknown,,,scale,"1 = בהחלט בסדר
2 = בסדר
3 = לא כ""כ בסדר
4 = כלל לא בסדר",,,,,,,,,,,,,,
כלכלה-חברה,$AE$91,"יניב שפירא:
1 = בהחלט מסכים
2 = מסכים
3 = לא כ""כ מסכים
4 = לא מסכים כלל",,scale,"יניב שפירא:
1 = בהחלט מסכים
2 = מסכים
3 = לא כ""כ מסכים
4 = לא מסכים כלל",,unknown,,,scale,"1 = בהחלט מסכים
2 = מסכים
3 = לא כ""כ מסכים
4 = לא מסכים כלל",,,,,,,,,,,,,,
כלכלה-חברה,$V$92,"יניב שפירא:
1 = בהחלט מסכים
2 = מסכים
3 = לא כ""כ מסכים
4 = בהחלט לא מסכים",,scale,"יניב שפירא:
1 = בהחלט מסכים
2 = מסכים
3 = לא כ""כ מסכים
4 = בהחלט לא מסכים",,unknown,,,scale,"1 = בהחלט מסכים
2 = מסכים
3 = לא כ""כ מסכים
4 = בהחלט לא מסכים",,,,,,,,,,,,,,
כלכלה-חברה,$AH$93,"יניב שפירא:
1 = בהחלט מסכים
2 = מסכים במידה מסוימת
3 = מסתייג
4 = בהחלט מסתייג
5 = אין דעה",,scale,"יניב שפירא:
1 = בהחלט מסכים
2 = מסכים במידה מסוימת
3 = מסתייג
4 = בהחלט מסתייג
5 = אין דעה",,unknown,,,scale,"1 = בהחלט מסכים
2 = מסכים במידה מסוימת
3 = מסתייג
4 = בהחלט מסתייג
5 = אין דעה",,,,,,,,,,,,,,
כלכלה-חברה,$W$95,"יניב שפירא:
1 = תחזק במידה רבה
2 = תחזק במידה מסוימת
3 = תחליש במידה מסוימת
4 = תחליש במידה רבה
5 = לא תחזק ולא תחליש",,scale,"יניב שפירא:
1 = תחזק במידה רבה
2 = תחזק במידה מסוימת
3 = תחליש במידה מסוימת
4 = תחליש במידה רבה
5 = לא תחזק ולא תחליש",,unknown,,,scale,"1 = תחזק במידה רבה
2 = תחזק במידה מסוימת
3 = תחליש במידה מסוימת
4 = תחליש במידה רבה
5 = לא תחזק ולא תחליש",,,,,,,,,,,,,,
כלכלה-חברה,$AD$96,"יניב שפירא:
1 = שינוי לטובה
2 = המצב ישאר כמו שהוא
3 = שינוי לרעה",,scale,"יניב שפירא:
1 = שינוי לטובה
2 = המצב ישאר כמו שהוא
3 = שינוי לרעה",,unknown,,,scale,"1 = שינוי לטובה
2 = המצב ישאר כמו שהוא
3 = שינוי לרעה",,,,,,,,,,,,,,
כלכלה-חברה,$Y$97,"יניב שפירא:
1 = בטוח שיש למנוע אבטלה
2 = חושב שיש למנוע אבטלה
3 = חושב שיש להפסיק אינפלציה
4 = בטוח שיש להפסיק אינפלציה",,scale,"יניב שפירא:
1 = בטוח שיש למנוע אבטלה
2 = חושב שיש למנוע אבטלה
3 = חושב שיש להפסיק אינפלציה
4 = בטוח שיש להפסיק אינפלציה",,unknown,,,scale,"1 = בטוח שיש למנוע אבטלה
2 = חושב שיש למנוע אבטלה
3 = חושב שיש להפסיק אינפלציה
4 = בטוח שיש להפסיק אינפלציה",,,,,,,,,,,,,,
כלכלה-חברה,$Y$98,"יניב שפירא:
1 = במידה רבה מאד
2 = במידה מסוימת
3 = במידה מועטה
4 = לא מתאימים כלל",,scale,"יניב שפירא:
1 = במידה רבה מאד
2 = במידה מסוימת
3 = במידה מועטה
4 = לא מתאימים כלל",,unknown,,,scale,"1 = במידה רבה מאד
2 = במידה מסוימת
3 = במידה מועטה
4 = לא מתאימים כלל",,,,,,,,,,,,,,
כלכלה-חברה,$AD$99,"יניב שפירא:
1 = מסכים בהחלט
2 = מסכים
3 = לא כ""כ מסכים
4 = בהחלט לא מסכים",,scale,"יניב שפירא:
1 = מסכים בהחלט
2 = מסכים
3 = לא כ""כ מסכים
4 = בהחלט לא מסכים",,unknown,,,scale,"1 = מסכים בהחלט
2 = מסכים
3 = לא כ""כ מסכים
4 = בהחלט לא מסכים",,,,,,,,,,,,,,
כלכלה-חברה,$AD$100,"יניב שפירא:
1 = סעד
2 = חינוך לילדים
3 = איסוף אשפה
4 = ניקיון הרחובות
5 = תבאורה
6 = פעילות תרבות
7 = פעילות עבור הנוער
8 = אף אחד מהנ""ל",,scale,"יניב שפירא:
1 = סעד
2 = חינוך לילדים
3 = איסוף אשפה
4 = ניקיון הרחובות
5 = תבאורה
6 = פעילות תרבות
7 = פעילות עבור הנוער
8 = אף אחד מהנ""ל",,unknown,,,scale,"1 = סעד
2 = חינוך לילדים
3 = איסוף אשפה
4 = ניקיון הרחובות
5 = תבאורה
6 = פעילות תרבות
7 = פעילות עבור הנוער
8 = אף אחד מהנ""ל",,,,,,,,,,,,,,
כלכלה-חברה,$AG$101,"יניב שפירא:
1 = כן, יש להגביל את ההסתדרות לשטחים מאוד ספציפיים
2 = כן, יש להגביל את ההסתדרות שלא תתפשט לשטחים שלא מתאימים לה
3 = לא, אין להגביל באופן מיוחד
4 = להיפך, יש לעודד את ההסתדרות להרחיב את תחומי פעילותה",,scale,"יניב שפירא:
1 = כן, יש להגביל את ההסתדרות לשטחים מאוד ספציפיים
2 = כן, יש להגביל את ההסתדרות שלא תתפשט לשטחים שלא מתאימים לה
3 = לא, אין להגביל באופן מיוחד
4 = להיפך, יש לעודד את ההסתדרות להרחיב את תחומי פעילותה",,unknown,,,scale,"1 = כן, יש להגביל את ההסתדרות לשטחים מאוד ספציפיים
2 = כן, יש להגביל את ההסתדרות שלא תתפשט לשטחים שלא מתאימים לה
3 = לא, אין להגביל באופן מיוחד
4 = להיפך, יש לעודד את ההסתדרות להרחיב את תחומי פעילותה",,,,,,,,,,,,,,
כלכלה-חברה,$AH$102,"יניב שפירא:
1 = תומך בבעלות ממשלתית
2 = מתנגד לבעלות ממשלתית",,scale,"יניב שפירא:
1 = תומך בבעלות ממשלתית
2 = מתנגד לבעלות ממשלתית",,unknown,,,scale,"1 = תומך בבעלות ממשלתית
2 = מתנגד לבעלות ממשלתית",,,,,,,,,,,,,,
כלכלה-חברה,$AH$109,"יניב שפירא:
1 = בהחלט מסכים
2 = מסכים
3 = מסתייג
4 = מסתייג בהחלט",,scale,"יניב שפירא:
1 = בהחלט מסכים
2 = מסכים
3 = מסתייג
4 = מסתייג בהחלט",,unknown,,,scale,"1 = בהחלט מסכים
2 = מסכים
3 = מסתייג
4 = מסתייג בהחלט",,,,,,,,,,,,,,
כלכלה-חברה,$AH$110,"יניב שפירא:
1 = בהחלט זו של ארה""ב
2 = זו של ארה""ב
3 = זו של ברה""מ
4 = בהחלט זו של ברה""מ",,scale,"יניב שפירא:
1 = בהחלט זו של ארה""ב
2 = זו של ארה""ב
3 = זו של ברה""מ
4 = בהחלט זו של ברה""מ",,unknown,,,scale,"1 = בהחלט זו של ארה""ב
2 = זו של ארה""ב
3 = זו של ברה""מ
4 = בהחלט זו של ברה""מ",,,,,,,,,,,,,,
כלכלה-חברה,$AH$111,"יניב שפירא:
1 = בהחלט כדאי
2 = נראה לי שכדאי
3 = נראה לי שלא כדאי
4 = בהחלט לא כדאי",,scale,"יניב שפירא:
1 = בהחלט כדאי
2 = נראה לי שכדאי
3 = נראה לי שלא כדאי
4 = בהחלט לא כדאי",,unknown,,,scale,"1 = בהחלט כדאי
2 = נראה לי שכדאי
3 = נראה לי שלא כדאי
4 = בהחלט לא כדאי",,,,,,,,,,,,,,
כלכלה-חברה,$AH$112,"יניב שפירא:
1 = בהחלט מסכים
2 = מסכים
3 = מסתייג
4 = מסתייג בהחלט",,scale,"יניב שפירא:
1 = בהחלט מסכים
2 = מסכים
3 = מסתייג
4 = מסתייג בהחלט",,unknown,,,scale,"1 = בהחלט מסכים
2 = מסכים
3 = מסתייג
4 = מסתייג בהחלט",,,,,,,,,,,,,,
כלכלה-חברה,$AH$113,"יניב שפירא:
1 = בהחלט מסכים
2 = מסכים
3 = מסתייג
4 = בהחלט מסתייג",,scale,"יניב שפירא:
1 = בהחלט מסכים
2 = מסכים
3 = מסתייג
4 = בהחלט מסתייג",,unknown,,,scale,"1 = בהחלט מסכים
2 = מסכים
3 = מסתייג
4 = בהחלט מסתייג",,,,,,,,,,,,,,
כלכלה-חברה,$AH$114,"יניב שפירא:
1 = בהחלט מוכן
2 = מוכן
3 = מסתייג
4 = לא מוכן
5 = בהחלט לא מוכן",,scale,"יניב שפירא:
1 = בהחלט מוכן
2 = מוכן
3 = מסתייג
4 = לא מוכן
5 = בהחלט לא מוכן",,unknown,,,scale,"1 = בהחלט מוכן
2 = מוכן
3 = מסתייג
4 = לא מוכן
5 = בהחלט לא מוכן",,,,,,,,,,,,,,
כלכלה-חברה,$AH$115,"יניב שפירא:
1 = בהחלט מוכן
2 = מוכן
3 = מסתייג
4 = לא מוכן
5 = בהחלט לא מוכן",,scale,"יניב שפירא:
1 = בהחלט מוכן
2 = מוכן
3 = מסתייג
4 = לא מוכן
5 = בהחלט לא מוכן",,unknown,,,scale,"1 = בהחלט מוכן
2 = מוכן
3 = מסתייג
4 = לא מוכן
5 = בהחלט לא מוכן",,,,,,,,,,,,,,
כלכלה-חברה,$AH$116,"יניב שפירא:
1 = כן
2 = לא",,scale,"יניב שפירא:
1 = כן
2 = לא",,unknown,,,scale,"1 = כן
2 = לא",,,,,,,,,,,,,,
כלכלה-חברה,$AH$117,"יניב שפירא:
1 = בהחלט מוכן
2 = מוכן
3 = מסתייג
4 = לא מוכן
5 = בהחלט לא מוכן",,scale,"יניב שפירא:
1 = בהחלט מוכן
2 = מוכן
3 = מסתייג
4 = לא מוכן
5 = בהחלט לא מוכן",,unknown,,,scale,"1 = בהחלט מוכן
2 = מוכן
3 = מסתייג
4 = לא מוכן
5 = בהחלט לא מוכן",,,,,,,,,,,,,,
כלכלה-חברה,$C$118,"יניב שפירא:
1 = השתפר בהרבה
2 = השתפר במקצת
3 = לא השתנה
4 = קצת יותר גרוע
5 = הרבה יותר גרוע",,scale,"יניב שפירא:
1 = השתפר בהרבה
2 = השתפר במקצת
3 = לא השתנה
4 = קצת יותר גרוע
5 = הרבה יותר גרוע",,unknown,,,scale,"1 = השתפר בהרבה
2 = השתפר במקצת
3 = לא השתנה
4 = קצת יותר גרוע
5 = הרבה יותר גרוע",,,,,,,,,,,,,,
דת ומדינה,$A$2,"יניב שפירא:
ליהודים בלבד",יניב שפירא,unknown,ליהודים בלבד,sector,unknown,,,sector,ליהודים בלבד,,,,,,,,,,,,,,
דת ומדינה,$D$2,"יניב שפירא:
1 = מדינה עם רוב יהודי
2 = ארץ ישראל השלמה
3 = מדינה דמוקרטית (זכויות פוליטיות שוות לכל)
4 = מצב של שלום (הסתברות נמוכה למלחמה)",,scale,"יניב שפירא:
1 = מדינה עם רוב יהודי
2 = ארץ ישראל השלמה
3 = מדינה דמוקרטית (זכויות פוליטיות שוות לכל)
4 = מצב של שלום (הסתברות נמוכה למלחמה)",,unknown,,,scale,"1 = מדינה עם רוב יהודי
2 = ארץ ישראל השלמה
3 = מדינה דמוקרטית (זכויות פוליטיות שוות לכל)
4 = מצב של שלום (הסתברות נמוכה למלחמה)",,,,,,,,,,,,,,
דת ומדינה,$A$3,"יניב שפירא:
ליהודים בלבד",יניב שפירא,unknown,ליהודים בלבד,sector,unknown,,,sector,ליהודים בלבד,,,,,,,,,,,,,,
דת ומדינה,$D$6,"יניב שפירא:
1 = בהחלט מתפקידה לדאוג לכך
2 = אולי הממשלה צריכה לדאוג לכך
3 = לא חושב שעל הממשלה לדאוג לכך
4 = בשום אופן הממשלה לא צריכה לדאוג לכך",,scale,"יניב שפירא:
1 = בהחלט מתפקידה לדאוג לכך
2 = אולי הממשלה צריכה לדאוג לכך
3 = לא חושב שעל הממשלה לדאוג לכך
4 = בשום אופן הממשלה לא צריכה לדאוג לכך",,unknown,,,scale,"1 = בהחלט מתפקידה לדאוג לכך
2 = אולי הממשלה צריכה לדאוג לכך
3 = לא חושב שעל הממשלה לדאוג לכך
4 = בשום אופן הממשלה לא צריכה לדאוג לכך",,,,,,,,,,,,,,
דת ומדינה,$J$6,"יניב שפירא:
לא לערבים",יניב שפירא,sector,לא לערבים,,unknown,,,sector,לא לערבים,,,,,,,,,,,,,,
דת ומדינה,$F$7,"יניב שפירא:
1 = חשובה מאוד
2 = די חשובה
3 = לא כ""כ חשובה
4 = כלל לא חשובה",,scale,"יניב שפירא:
1 = חשובה מאוד
2 = די חשובה
3 = לא כ""כ חשובה
4 = כלל לא חשובה",,unknown,,,scale,"1 = חשובה מאוד
2 = די חשובה
3 = לא כ""כ חשובה
4 = כלל לא חשובה",,,,,,,,,,,,,,
דת ומדינה,$A$9,"יניב שפירא:
יהודים בלבד",יניב שפירא,unknown,יהודים בלבד,sector,unknown,,,sector,יהודים בלבד,,,,,,,,,,,,,,
דת ומדינה,$G$9,"יניב שפירא:
1 = יש להעדיף בכל מקרה את השמירה על הדמוקרטיה
2 = לפעמים כך ולפעמים כך 
3 = יש להעדיף בכל מקרה את שמירת ההלכה היהודית",,scale,"יניב שפירא:
1 = יש להעדיף בכל מקרה את השמירה על הדמוקרטיה
2 = לפעמים כך ולפעמים כך 
3 = יש להעדיף בכל מקרה את שמירת ההלכה היהודית",,unknown,,,scale,"1 = יש להעדיף בכל מקרה את השמירה על הדמוקרטיה
2 = לפעמים כך ולפעמים כך 
3 = יש להעדיף בכל מקרה את שמירת ההלכה היהודית",,,,,,,,,,,,,,
דת ומדינה,$M$9,"יניב שפירא:
סולם 1-7 באשר להעדפת ההלכה היהודית
1 = אי הסכמה
7 = הסכמה",,scale,"יניב שפירא:
סולם 1-7 באשר להעדפת ההלכה היהודית
1 = אי הסכמה
7 = הסכמה",,unknown,,,scale,"סולם 1-7 באשר להעדפת ההלכה היהודית
1 = אי הסכמה
7 = הסכמה",,,,,,,,,,,,,,
דת ומדינה,$N$9,"יניב שפירא:
סולם 1-7
1 = מתנגד מאד
7 = מסכים מאד",,scale,"יניב שפירא:
סולם 1-7
1 = מתנגד מאד
7 = מסכים מאד",,unknown,,,scale,"סולם 1-7
1 = מתנגד מאד
7 = מסכים מאד",,,,,,,,,,,,,,
דת ומדינה,$B$10,"adi:
1 = בהחלט לא מסכים/ה
2 = לא מסכים/ה
3 = מסכים/ה
4 = בהחלט מסכים/ה",,scale,"adi:
1 = בהחלט לא מסכים/ה
2 = לא מסכים/ה
3 = מסכים/ה
4 = בהחלט מסכים/ה",,unknown,,,scale,"1 = בהחלט לא מסכים/ה
2 = לא מסכים/ה
3 = מסכים/ה
4 = בהחלט מסכים/ה",,,,,,,,,,,,,,
דת ומדינה,$G$10,"יניב שפירא:
1 = כלל לא מסכים
2 = לא מסכים
3 = מסכים
4 = מסכים מאוד",,scale,"יניב שפירא:
1 = כלל לא מסכים
2 = לא מסכים
3 = מסכים
4 = מסכים מאוד",,unknown,,,scale,"1 = כלל לא מסכים
2 = לא מסכים
3 = מסכים
4 = מסכים מאוד",,,,,,,,,,,,,,
דת ומדינה,$H$11,"יניב שפירא:
1 = כלל לא מסכים
2 = לא מסכים
3 = מסכים
4 = מסכים מאוד",,scale,"יניב שפירא:
1 = כלל לא מסכים
2 = לא מסכים
3 = מסכים
4 = מסכים מאוד",,unknown,,,scale,"1 = כלל לא מסכים
2 = לא מסכים
3 = מסכים
4 = מסכים מאוד",,,,,,,,,,,,,,
דת ומדינה,$M$12,"יניב שפירא:
1-7
1 = אי הסכמה
7 = הסכמה",,scale,"יניב שפירא:
1-7
1 = אי הסכמה
7 = הסכמה",,unknown,,,scale,"1-7
1 = אי הסכמה
7 = הסכמה",,,,,,,,,,,,,,
דת ומדינה,$H$13,"יניב שפירא:
1 = יש להעדיף בכל מקרה את העקרון של המדינה היהודית
2 = לפעמים כך ולפעמים כך
3 = יש להעדיף בכל מקרה את העקרון של מדינת כל אזרחיה",,scale,"יניב שפירא:
1 = יש להעדיף בכל מקרה את העקרון של המדינה היהודית
2 = לפעמים כך ולפעמים כך
3 = יש להעדיף בכל מקרה את העקרון של מדינת כל אזרחיה",,unknown,,,scale,"1 = יש להעדיף בכל מקרה את העקרון של המדינה היהודית
2 = לפעמים כך ולפעמים כך
3 = יש להעדיף בכל מקרה את העקרון של מדינת כל אזרחיה",,,,,,,,,,,,,,
דת ומדינה,$K$14,"יניב שפירא:
סולם 1-10
1 = רחוק ביותר
10 = קרוב ביותר",,scale,"יניב שפירא:
סולם 1-10
1 = רחוק ביותר
10 = קרוב ביותר",,unknown,,,scale,"סולם 1-10
1 = רחוק ביותר
10 = קרוב ביותר",,,,,,,,,,,,,,
דת ומדינה,$O$21,"יניב שפירא:
1 = יש לעמוד בתוקף על הקצאת ימי רחצה נפרדים לגברים ולנשים
2 = הייתי מעדיף ימי רחצה נפרדים
3 = יש להקצות חלק מהשבוע לרחצה ציבורית נפרדת וימים אחרים לרחצה משותפת
4 = הייתי מעדיף רחצה משותפת ללא שום הפרדה
5 = יש לעמוד בתוקף על רחצה משותפת ללא הפרדה",,scale,"יניב שפירא:
1 = יש לעמוד בתוקף על הקצאת ימי רחצה נפרדים לגברים ולנשים
2 = הייתי מעדיף ימי רחצה נפרדים
3 = יש להקצות חלק מהשבוע לרחצה ציבורית נפרדת וימים אחרים לרחצה משותפת
4 = הייתי מעדיף רחצה משותפת ללא שום הפרדה
5 = יש לעמוד בתוקף על רחצה משותפת ללא הפרדה",,unknown,,,scale,"1 = יש לעמוד בתוקף על הקצאת ימי רחצה נפרדים לגברים ולנשים
2 = הייתי מעדיף ימי רחצה נפרדים
3 = יש להקצות חלק מהשבוע לרחצה ציבורית נפרדת וימים אחרים לרחצה משותפת
4 = הייתי מעדיף רחצה משותפת ללא שום הפרדה
5 = יש לעמוד בתוקף על רחצה משותפת ללא הפרדה",,,,,,,,,,,,,,
דת ומדינה,$O$22,"יניב שפירא:
1 = מסכים בהחלט
2 = מסכים
3 = לא כ""כ מסכים
4 = כלל לא מסכים",,scale,"יניב שפירא:
1 = מסכים בהחלט
2 = מסכים
3 = לא כ""כ מסכים
4 = כלל לא מסכים",,unknown,,,scale,"1 = מסכים בהחלט
2 = מסכים
3 = לא כ""כ מסכים
4 = כלל לא מסכים",,,,,,,,,,,,,,
דת ומדינה,$O$23,"יניב שפירא:
1 = מסכים בהחלט
2 = מסכים
3 = לא כ""כ מסכים
4 = כלל לא מסכים",,scale,"יניב שפירא:
1 = מסכים בהחלט
2 = מסכים
3 = לא כ""כ מסכים
4 = כלל לא מסכים",,unknown,,,scale,"1 = מסכים בהחלט
2 = מסכים
3 = לא כ""כ מסכים
4 = כלל לא מסכים",,,,,,,,,,,,,,
דת ומדינה,$O$24,"יניב שפירא:
1 = מסכים בהחלט
2 = מסכים
3 = לא כ""כ מסכים
4 = כלל לא מסכים",,scale,"יניב שפירא:
1 = מסכים בהחלט
2 = מסכים
3 = לא כ""כ מסכים
4 = כלל לא מסכים",,unknown,,,scale,"1 = מסכים בהחלט
2 = מסכים
3 = לא כ""כ מסכים
4 = כלל לא מסכים",,,,,,,,,,,,,,
דת ומדינה,$O$25,"יניב שפירא:
1 = במידה רבה
2 = במידה מסוימת
3 = במידה קטנה
4 = כלל לא",,scale,"יניב שפירא:
1 = במידה רבה
2 = במידה מסוימת
3 = במידה קטנה
4 = כלל לא",,unknown,,,scale,"1 = במידה רבה
2 = במידה מסוימת
3 = במידה קטנה
4 = כלל לא",,,,,,,,,,,,,,
דת ומדינה,$O$27,"יניב שפירא:
1 = סיכוי גבוה
2 = סיכוי נמוך",,scale,"יניב שפירא:
1 = סיכוי גבוה
2 = סיכוי נמוך",,unknown,,,scale,"1 = סיכוי גבוה
2 = סיכוי נמוך",,,,,,,,,,,,,,
דת ומדינה,$Q$29,"יניב שפירא:
1 = בעד ביטול המשחקים
2 = נגד ביטול המשחקים",,scale,"יניב שפירא:
1 = בעד ביטול המשחקים
2 = נגד ביטול המשחקים",,unknown,,,scale,"1 = בעד ביטול המשחקים
2 = נגד ביטול המשחקים",,,,,,,,,,,,,,
דת ומדינה,$T$32,"יניב שפירא:
1 = בהחלט
2 = חושב שכן
3 = אין חובה שכולם יעלו
4 = כלל לא רצוי שכולם יעלו",,scale,"יניב שפירא:
1 = בהחלט
2 = חושב שכן
3 = אין חובה שכולם יעלו
4 = כלל לא רצוי שכולם יעלו",,unknown,,,scale,"1 = בהחלט
2 = חושב שכן
3 = אין חובה שכולם יעלו
4 = כלל לא רצוי שכולם יעלו",,,,,,,,,,,,,,
דת ומדינה,$T$33,"יניב שפירא:
1 = בהחלט אין להפריד
2 = חושב שלא צריך להפריד
3 = חושב שיש להפריד
4 = בהחלט יש להפריד",,scale,"יניב שפירא:
1 = בהחלט אין להפריד
2 = חושב שלא צריך להפריד
3 = חושב שיש להפריד
4 = בהחלט יש להפריד",,unknown,,,scale,"1 = בהחלט אין להפריד
2 = חושב שלא צריך להפריד
3 = חושב שיש להפריד
4 = בהחלט יש להפריד",,,,,,,,,,,,,,
דת ומדינה,$V$34,"יניב שפירא:
1 = בעד יישום יתר של ההלכה
2 = בעד סטטוס-קוו
3 = בעד יתר ליברליזציה
4 = אין לי דעה בנושא",,scale,"יניב שפירא:
1 = בעד יישום יתר של ההלכה
2 = בעד סטטוס-קוו
3 = בעד יתר ליברליזציה
4 = אין לי דעה בנושא",,unknown,,,scale,"1 = בעד יישום יתר של ההלכה
2 = בעד סטטוס-קוו
3 = בעד יתר ליברליזציה
4 = אין לי דעה בנושא",,,,,,,,,,,,,,
דת ומדינה,$AG$35,"יניב שפירא:
1 = בהחלט להפריד
2 = אולי להפריד
3 = אולי לא להפריד
4 = בהחלט לא להפריד",,scale,"יניב שפירא:
1 = בהחלט להפריד
2 = אולי להפריד
3 = אולי לא להפריד
4 = בהחלט לא להפריד",,unknown,,,scale,"1 = בהחלט להפריד
2 = אולי להפריד
3 = אולי לא להפריד
4 = בהחלט לא להפריד",,,,,,,,,,,,,,
דת ומדינה,$AH$36,"יניב שפירא:
1 = בהחלט יש להתיר
2 = אפשר להתיר
3 = רצוי לאסור
4 = חייב לאסור
5 = אין דעה",,scale,"יניב שפירא:
1 = בהחלט יש להתיר
2 = אפשר להתיר
3 = רצוי לאסור
4 = חייב לאסור
5 = אין דעה",,unknown,,,scale,"1 = בהחלט יש להתיר
2 = אפשר להתיר
3 = רצוי לאסור
4 = חייב לאסור
5 = אין דעה",,,,,,,,,,,,,,
דת ומדינה,$AH$37,"יניב שפירא:
1 = יהודי העולם הם בני דת אחת ואומה אחת
2 = יהודי העולם הם בני דת אחת אך אינם מהווים אומה
3 = יהודי העולם הם בני אומה אחת בלבד
4 = יהודי העולם אינם מהווים אומה ולא דת
5 = אין דעה",,scale,"יניב שפירא:
1 = יהודי העולם הם בני דת אחת ואומה אחת
2 = יהודי העולם הם בני דת אחת אך אינם מהווים אומה
3 = יהודי העולם הם בני אומה אחת בלבד
4 = יהודי העולם אינם מהווים אומה ולא דת
5 = אין דעה",,unknown,,,scale,"1 = יהודי העולם הם בני דת אחת ואומה אחת
2 = יהודי העולם הם בני דת אחת אך אינם מהווים אומה
3 = יהודי העולם הם בני אומה אחת בלבד
4 = יהודי העולם אינם מהווים אומה ולא דת
5 = אין דעה",,,,,,,,,,,,,,
דת ומדינה,$AH$38,"יניב שפירא:
1 = מסכים בהחלט
2 = מסכים
3 = מסתייג
4 = מסתייג בהחלט",,scale,"יניב שפירא:
1 = מסכים בהחלט
2 = מסכים
3 = מסתייג
4 = מסתייג בהחלט",,unknown,,,scale,"1 = מסכים בהחלט
2 = מסכים
3 = מסתייג
4 = מסתייג בהחלט",,,,,,,,,,,,,,
חוץ וביטחון,$B$2,"adi:
1 = נתניהו
2 = לפיד
3 = גנץ
4 = כולם במידה שווה
5 = אף אחד מהם",,scale,"adi:
1 = נתניהו
2 = לפיד
3 = גנץ
4 = כולם במידה שווה
5 = אף אחד מהם",,unknown,,,scale,"1 = נתניהו
2 = לפיד
3 = גנץ
4 = כולם במידה שווה
5 = אף אחד מהם",,,,,,,,,,,,,,
חוץ וביטחון,$C$2,"יניב שפירא:
1 = נתניהו
2 = סער
3 = לפיד
4 = בנט
5 = כולם במידה שווה
6 = אף אחד מהם",,scale,"יניב שפירא:
1 = נתניהו
2 = סער
3 = לפיד
4 = בנט
5 = כולם במידה שווה
6 = אף אחד מהם",,unknown,,,scale,"1 = נתניהו
2 = סער
3 = לפיד
4 = בנט
5 = כולם במידה שווה
6 = אף אחד מהם",,,,,,,,,,,,,,
חוץ וביטחון,$D$2,"יניב שפירא:
1 = כחול לבן
2 = הליכוד
3 = שניהם במידה שווה
4 = אף אחד מהם",,scale,"יניב שפירא:
1 = כחול לבן
2 = הליכוד
3 = שניהם במידה שווה
4 = אף אחד מהם",,unknown,,,scale,"1 = כחול לבן
2 = הליכוד
3 = שניהם במידה שווה
4 = אף אחד מהם",,,,,,,,,,,,,,
חוץ וביטחון,$G$2,"יניב שפירא:
1 = המחנה הציוני
2 = הליכוד
3 = שניהם במידה שווה
4 = אף אחד מהם",,scale,"יניב שפירא:
1 = המחנה הציוני
2 = הליכוד
3 = שניהם במידה שווה
4 = אף אחד מהם",,unknown,,,scale,"1 = המחנה הציוני
2 = הליכוד
3 = שניהם במידה שווה
4 = אף אחד מהם",,,,,,,,,,,,,,
חוץ וביטחון,$H$2,"יניב שפירא:
1 = ציפי לבני
2 = בנימין נתניהו
3 = שלי יחימוביץ",,scale,"יניב שפירא:
1 = ציפי לבני
2 = בנימין נתניהו
3 = שלי יחימוביץ",,unknown,,,scale,"1 = ציפי לבני
2 = בנימין נתניהו
3 = שלי יחימוביץ",,,,,,,,,,,,,,
חוץ וביטחון,$I$2,"יניב שפירא:
1 = ציפי לבני
2 = בנימין נתניהו
3 = אהוד ברק",,scale,"יניב שפירא:
1 = ציפי לבני
2 = בנימין נתניהו
3 = אהוד ברק",,unknown,,,scale,"1 = ציפי לבני
2 = בנימין נתניהו
3 = אהוד ברק",,,,,,,,,,,,,,
חוץ וביטחון,$J$2,"יניב שפירא:
1 = קדימה
2 = הליכוד
3 = העבודה
4 = כולם במידה שווה
5 = אף אחד מהם",,scale,"יניב שפירא:
1 = קדימה
2 = הליכוד
3 = העבודה
4 = כולם במידה שווה
5 = אף אחד מהם",,unknown,,,scale,"1 = קדימה
2 = הליכוד
3 = העבודה
4 = כולם במידה שווה
5 = אף אחד מהם",,,,,,,,,,,,,,
חוץ וביטחון,$K$2,"יניב שפירא:
1 = הליכוד
2 = העבודה
3 = שניהם במידה שווה
4 = אף אחד מהם",,scale,"יניב שפירא:
1 = הליכוד
2 = העבודה
3 = שניהם במידה שווה
4 = אף אחד מהם",,unknown,,,scale,"1 = הליכוד
2 = העבודה
3 = שניהם במידה שווה
4 = אף אחד מהם",,,,,,,,,,,,,,
חוץ וביטחון,$L$2,"יניב שפירא:
1 = שרון
2 = ברק
3 = שניהם במידה שווה
4 = אף אחד מהם",,scale,"יניב שפירא:
1 = שרון
2 = ברק
3 = שניהם במידה שווה
4 = אף אחד מהם",,unknown,,,scale,"1 = שרון
2 = ברק
3 = שניהם במידה שווה
4 = אף אחד מהם",,,,,,,,,,,,,,
חוץ וביטחון,$M$2,"יניב שפירא:
1 = נתניהו
2 = ברק
3 = מרדכי
4 = במידה שווה
5 = אף אחד מהם",,scale,"יניב שפירא:
1 = נתניהו
2 = ברק
3 = מרדכי
4 = במידה שווה
5 = אף אחד מהם",,unknown,,,scale,"1 = נתניהו
2 = ברק
3 = מרדכי
4 = במידה שווה
5 = אף אחד מהם",,,,,,,,,,,,,,
חוץ וביטחון,$N$2,"יניב שפירא:
1 = העבודה
2 = הליכוד
3 = במידה שווה
4 = אף אחד מהם",,scale,"יניב שפירא:
1 = העבודה
2 = הליכוד
3 = במידה שווה
4 = אף אחד מהם",,unknown,,,scale,"1 = העבודה
2 = הליכוד
3 = במידה שווה
4 = אף אחד מהם",,,,,,,,,,,,,,
חוץ וביטחון,$T$2,"יניב שפירא:
1 = חיים בר לב (מערך)
2 = אריק שרון (ליכוד)",,scale,"יניב שפירא:
1 = חיים בר לב (מערך)
2 = אריק שרון (ליכוד)",,unknown,,,scale,"1 = חיים בר לב (מערך)
2 = אריק שרון (ליכוד)",,,,,,,,,,,,,,
חוץ וביטחון,$W$4,"יניב שפירא:
1 = למערך
2 = לליכוד
3 = לשמאל",,scale,"יניב שפירא:
1 = למערך
2 = לליכוד
3 = לשמאל",,unknown,,,scale,"1 = למערך
2 = לליכוד
3 = לשמאל",,,,,,,,,,,,,,
חוץ וביטחון,$AB$4,"יניב שפירא:
1 = המערך
2 = הליכוד
3 = לשמאל",,scale,"יניב שפירא:
1 = המערך
2 = הליכוד
3 = לשמאל",,unknown,,,scale,"1 = המערך
2 = הליכוד
3 = לשמאל",,,,,,,,,,,,,,
חוץ וביטחון,$F$6,"יניב שפירא:
1 = השתפר בהרבה
2 = השתפר במקצת
3 = לא השתנה
4 = קצת גרוע יותר
5 = הרבה יותר גרוע",,scale,"יניב שפירא:
1 = השתפר בהרבה
2 = השתפר במקצת
3 = לא השתנה
4 = קצת גרוע יותר
5 = הרבה יותר גרוע",,unknown,,,scale,"1 = השתפר בהרבה
2 = השתפר במקצת
3 = לא השתנה
4 = קצת גרוע יותר
5 = הרבה יותר גרוע",,,,,,,,,,,,,,
חוץ וביטחון,$F$7,"יניב שפירא:
1 = מודאג מאד
2 = מודאג
3 = לא מודאג
4 = בכלל לא מודאג",,scale,"יניב שפירא:
1 = מודאג מאד
2 = מודאג
3 = לא מודאג
4 = בכלל לא מודאג",,unknown,,,scale,"1 = מודאג מאד
2 = מודאג
3 = לא מודאג
4 = בכלל לא מודאג",,,,,,,,,,,,,,
חוץ וביטחון,$I$7,"יניב שפירא:
הניסוח כאן:
""להיפגע בידי ערבים""",,scale,"יניב שפירא:
הניסוח כאן:
""להיפגע בידי ערבים""",,unknown,,,scale,"הניסוח כאן:
""להיפגע בידי ערבים""",,,,,,,,,,,,,,
חוץ וביטחון,$L$7,"יניב שפירא:
1 = בכלל לא מודאג
2 = לא מודאג
3 = מודאג
4 = מודאג מאד",,scale,"יניב שפירא:
1 = בכלל לא מודאג
2 = לא מודאג
3 = מודאג
4 = מודאג מאד",,unknown,,,scale,"1 = בכלל לא מודאג
2 = לא מודאג
3 = מודאג
4 = מודאג מאד",,,,,,,,,,,,,,
חוץ וביטחון,$M$7,"יניב שפירא:
1 = מודאג מאד
2 = מודאג
3 = לא מודאג
4 = בכלל לא מודאג",,scale,"יניב שפירא:
1 = מודאג מאד
2 = מודאג
3 = לא מודאג
4 = בכלל לא מודאג",,unknown,,,scale,"1 = מודאג מאד
2 = מודאג
3 = לא מודאג
4 = בכלל לא מודאג",,,,,,,,,,,,,,
חוץ וביטחון,$G$8,"יניב שפירא:
1 = מודאג מאוד
2 = מודאג
3 = לא מודאג
4 = בכלל לא מודאג",,scale,"יניב שפירא:
1 = מודאג מאוד
2 = מודאג
3 = לא מודאג
4 = בכלל לא מודאג",,unknown,,,scale,"1 = מודאג מאוד
2 = מודאג
3 = לא מודאג
4 = בכלל לא מודאג",,,,,,,,,,,,,,
חוץ וביטחון,$G$9,"יניב שפירא:
1 = יש להעדיף בכל מקרה את השמירה על שלטון החוק
2 = לפעמים כך ולפעמים כך
3 = יש להעדיף בכל מקרה את האינטרס הביטחוני",,scale,"יניב שפירא:
1 = יש להעדיף בכל מקרה את השמירה על שלטון החוק
2 = לפעמים כך ולפעמים כך
3 = יש להעדיף בכל מקרה את האינטרס הביטחוני",,unknown,,,scale,"1 = יש להעדיף בכל מקרה את השמירה על שלטון החוק
2 = לפעמים כך ולפעמים כך
3 = יש להעדיף בכל מקרה את האינטרס הביטחוני",,,,,,,,,,,,,,
חוץ וביטחון,$N$9,"יניב שפירא:
סולם 1-7
1 = יש להעדיף בכל מקרה את האינטרסם הבטחוני
7 = יש להעדיף בכל מקרה את שלטון החוק",,scale,"יניב שפירא:
סולם 1-7
1 = יש להעדיף בכל מקרה את האינטרסם הבטחוני
7 = יש להעדיף בכל מקרה את שלטון החוק",,unknown,,,scale,"סולם 1-7
1 = יש להעדיף בכל מקרה את האינטרסם הבטחוני
7 = יש להעדיף בכל מקרה את שלטון החוק",,,,,,,,,,,,,,
חוץ וביטחון,$P$10,"יניב שפירא:
1 = תמיד מעדיפה שיקולים בטחוניים
2 = בדר""כ מעדיפה שיקולים בטחוניים
3 = בדר""כ מעדיפה שלטון החוק
4 = תמיד מעדיפה שלטון החוק",,scale,"יניב שפירא:
1 = תמיד מעדיפה שיקולים בטחוניים
2 = בדר""כ מעדיפה שיקולים בטחוניים
3 = בדר""כ מעדיפה שלטון החוק
4 = תמיד מעדיפה שלטון החוק",,unknown,,,scale,"1 = תמיד מעדיפה שיקולים בטחוניים
2 = בדר""כ מעדיפה שיקולים בטחוניים
3 = בדר""כ מעדיפה שלטון החוק
4 = תמיד מעדיפה שלטון החוק",,,,,,,,,,,,,,
חוץ וביטחון,$P$11,"יניב שפירא:
1 = תמיד מעדיפה שיקולים בטחוניים
2 = בדר""כ מעדיפה שיקולים בטחוניים
3 = בדר""כ מעדיפה שלטון החוק
4 = תמיד מעדיפה שלטון החוק",,scale,"יניב שפירא:
1 = תמיד מעדיפה שיקולים בטחוניים
2 = בדר""כ מעדיפה שיקולים בטחוניים
3 = בדר""כ מעדיפה שלטון החוק
4 = תמיד מעדיפה שלטון החוק",,unknown,,,scale,"1 = תמיד מעדיפה שיקולים בטחוניים
2 = בדר""כ מעדיפה שיקולים בטחוניים
3 = בדר""כ מעדיפה שלטון החוק
4 = תמיד מעדיפה שלטון החוק",,,,,,,,,,,,,,
חוץ וביטחון,$G$12,"יניב שפירא:
1 = מאוד מוצלח
2 = די מוצלח
3 = לא כ""כ מוצלח
4 = כלל לא מוצלח
",,scale,"יניב שפירא:
1 = מאוד מוצלח
2 = די מוצלח
3 = לא כ""כ מוצלח
4 = כלל לא מוצלח
",,unknown,,,scale,"1 = מאוד מוצלח
2 = די מוצלח
3 = לא כ""כ מוצלח
4 = כלל לא מוצלח
",,,,,,,,,,,,,,
חוץ וביטחון,$I$13,"יניב שפירא:
1 = מאוד מוצלח
2 = די מוצלח
3 = לא כ""כ מוצלח
4 = כלל לא מוצלח",,scale,"יניב שפירא:
1 = מאוד מוצלח
2 = די מוצלח
3 = לא כ""כ מוצלח
4 = כלל לא מוצלח",,unknown,,,scale,"1 = מאוד מוצלח
2 = די מוצלח
3 = לא כ""כ מוצלח
4 = כלל לא מוצלח",,,,,,,,,,,,,,
חוץ וביטחון,$I$14,"יניב שפירא:
1 = לכבוש את כל רצועת עזה מחדש ולהשאר שם
2 = לעשות מבצעים חד פעמיים נגד הירי בלי להשאר שם
3 = לפעול בעיקר בצעדים מדיניים ולא בכוח צבאי",,scale,"יניב שפירא:
1 = לכבוש את כל רצועת עזה מחדש ולהשאר שם
2 = לעשות מבצעים חד פעמיים נגד הירי בלי להשאר שם
3 = לפעול בעיקר בצעדים מדיניים ולא בכוח צבאי",,unknown,,,scale,"1 = לכבוש את כל רצועת עזה מחדש ולהשאר שם
2 = לעשות מבצעים חד פעמיים נגד הירי בלי להשאר שם
3 = לפעול בעיקר בצעדים מדיניים ולא בכוח צבאי",,,,,,,,,,,,,,
חוץ וביטחון,$G$15,"יניב שפירא:
1 = כלל לא מסכים
2 = לא מסכים
3 = מסכים
4 = מסכים מאד",,scale,"יניב שפירא:
1 = כלל לא מסכים
2 = לא מסכים
3 = מסכים
4 = מסכים מאד",,unknown,,,scale,"1 = כלל לא מסכים
2 = לא מסכים
3 = מסכים
4 = מסכים מאד",,,,,,,,,,,,,,
חוץ וביטחון,$G$16,"יניב שפירא:
1 = כלל לא מסכים
2 = לא מסכים
3 = מסכים
4 = מסכים מאד",,scale,"יניב שפירא:
1 = כלל לא מסכים
2 = לא מסכים
3 = מסכים
4 = מסכים מאד",,unknown,,,scale,"1 = כלל לא מסכים
2 = לא מסכים
3 = מסכים
4 = מסכים מאד",,,,,,,,,,,,,,
חוץ וביטחון,$G$17,"יניב שפירא:
1 = כלל לא מסכים
2 = לא מסכים
3 = מסכים
4 = מסכים מאד",,scale,"יניב שפירא:
1 = כלל לא מסכים
2 = לא מסכים
3 = מסכים
4 = מסכים מאד",,unknown,,,scale,"1 = כלל לא מסכים
2 = לא מסכים
3 = מסכים
4 = מסכים מאד",,,,,,,,,,,,,,
חוץ וביטחון,$H$18,"יניב שפירא:
1 = בהחלט לא מסכים
2 = לא מסכים
3 = מסגים
4 = מסכים בהחלט",,scale,"יניב שפירא:
1 = בהחלט לא מסכים
2 = לא מסכים
3 = מסגים
4 = מסכים בהחלט",,unknown,,,scale,"1 = בהחלט לא מסכים
2 = לא מסכים
3 = מסגים
4 = מסכים בהחלט",,,,,,,,,,,,,,
חוץ וביטחון,$I$19,"יניב שפירא:
סולם 1-9
1 = גרוע ביותר
9 = טוב ביותר",,scale,"יניב שפירא:
סולם 1-9
1 = גרוע ביותר
9 = טוב ביותר",,unknown,,,scale,"סולם 1-9
1 = גרוע ביותר
9 = טוב ביותר",,,,,,,,,,,,,,
חוץ וביטחון,$T$19,"יניב שפירא:
ארבע שנים ולא חמש
סולם 1-10
1 = הטוב ביותר
10 = הגרוע ביותר",,scale,"יניב שפירא:
ארבע שנים ולא חמש
סולם 1-10
1 = הטוב ביותר
10 = הגרוע ביותר",,unknown,,,scale,"ארבע שנים ולא חמש
סולם 1-10
1 = הטוב ביותר
10 = הגרוע ביותר",,,,,,,,,,,,,,
חוץ וביטחון,$V$19,"יניב שפירא:
ארבע שנים ולא חמש
סולם 1-10
1 = הטוב ביותר
10 = הגרוע ביותר",,scale,"יניב שפירא:
ארבע שנים ולא חמש
סולם 1-10
1 = הטוב ביותר
10 = הגרוע ביותר",,unknown,,,scale,"ארבע שנים ולא חמש
סולם 1-10
1 = הטוב ביותר
10 = הגרוע ביותר",,,,,,,,,,,,,,
חוץ וביטחון,$AH$19,"יניב שפירא:
סולם 0-10
0 = הגרוע ביותר
10 = הטוב ביותר",,scale,"יניב שפירא:
סולם 0-10
0 = הגרוע ביותר
10 = הטוב ביותר",,unknown,,,scale,"סולם 0-10
0 = הגרוע ביותר
10 = הטוב ביותר",,,,,,,,,,,,,,
חוץ וביטחון,$I$20,"יניב שפירא:
סולם 1-9
1 = גרוע ביותר
9 = טוב ביותר",,scale,"יניב שפירא:
סולם 1-9
1 = גרוע ביותר
9 = טוב ביותר",,unknown,,,scale,"סולם 1-9
1 = גרוע ביותר
9 = טוב ביותר",,,,,,,,,,,,,,
חוץ וביטחון,$T$22,"יניב שפירא:
סולם 1-10
1 = טוב ביותר
10 = גרוע ביותר",,scale,"יניב שפירא:
סולם 1-10
1 = טוב ביותר
10 = גרוע ביותר",,unknown,,,scale,"סולם 1-10
1 = טוב ביותר
10 = גרוע ביותר",,,,,,,,,,,,,,
חוץ וביטחון,$O$25,"יניב שפירא:
1 = במידה רבה
2 = במידה מסוימת
3 = במידה קטנה
4 = כלל לא",,scale,"יניב שפירא:
1 = במידה רבה
2 = במידה מסוימת
3 = במידה קטנה
4 = כלל לא",,unknown,,,scale,"1 = במידה רבה
2 = במידה מסוימת
3 = במידה קטנה
4 = כלל לא",,,,,,,,,,,,,,
חוץ וביטחון,$G$27,"יניב שפירא:
מלחמה עם סוריה",יניב שפירא,unknown,מלחמה עם סוריה,unknown,unknown,rephrase,,rephrase,מלחמה עם סוריה,,,,,,,,,,,,,,
חוץ וביטחון,$I$27,"יניב שפירא:
מלחמה עם חיזבאללה",יניב שפירא,unknown,מלחמה עם חיזבאללה,unknown,unknown,rephrase,,rephrase,מלחמה עם חיזבאללה,,,,,,,,,,,,,,
חוץ וביטחון,$O$27,"יניב שפירא:
הניסוח הוא:
""מלחמה עם הערבים""
1 = במידה רבה
2 = במידה מסוימת
3 = במידה קטנה
4 = כלל לא",,scale,"יניב שפירא:
הניסוח הוא:
""מלחמה עם הערבים""
1 = במידה רבה
2 = במידה מסוימת
3 = במידה קטנה
4 = כלל לא",,unknown,,,scale,"הניסוח הוא:
""מלחמה עם הערבים""
1 = במידה רבה
2 = במידה מסוימת
3 = במידה קטנה
4 = כלל לא",,,,,,,,,,,,,,
חוץ וביטחון,$L$28,"יניב שפירא:
1 = הרבה יותר גרוע
2 = יותר גרוע
3 = לא השתנה
4 = יותר טוב
5 = הרבה יותר טוב",,scale,"יניב שפירא:
1 = הרבה יותר גרוע
2 = יותר גרוע
3 = לא השתנה
4 = יותר טוב
5 = הרבה יותר טוב",,unknown,,,scale,"1 = הרבה יותר גרוע
2 = יותר גרוע
3 = לא השתנה
4 = יותר טוב
5 = הרבה יותר טוב",,,,,,,,,,,,,,
חוץ וביטחון,$M$28,"יניב שפירא:
1 = הרבה יותר טוב
2 = יותר טוב
3 = יותר גרוע
4 = הרבה יותר גרוע",,scale,"יניב שפירא:
1 = הרבה יותר טוב
2 = יותר טוב
3 = יותר גרוע
4 = הרבה יותר גרוע",,unknown,,,scale,"1 = הרבה יותר טוב
2 = יותר טוב
3 = יותר גרוע
4 = הרבה יותר גרוע",,,,,,,,,,,,,,
חוץ וביטחון,$M$29,"יניב שפירא:
1 = הרבה יותר טוב
2 = יותר טוב
3 = יותר גרוע
4 = הרבה יותר גרוע",,scale,"יניב שפירא:
1 = הרבה יותר טוב
2 = יותר טוב
3 = יותר גרוע
4 = הרבה יותר גרוע",,unknown,,,scale,"1 = הרבה יותר טוב
2 = יותר טוב
3 = יותר גרוע
4 = הרבה יותר גרוע",,,,,,,,,,,,,,
חוץ וביטחון,$M$30,"יניב שפירא:
1 = גדלה בהרבה
2 = גדלה
3 = קטנה
4 = קטנה בהרבה",,scale,"יניב שפירא:
1 = גדלה בהרבה
2 = גדלה
3 = קטנה
4 = קטנה בהרבה",,unknown,,,scale,"1 = גדלה בהרבה
2 = גדלה
3 = קטנה
4 = קטנה בהרבה",,,,,,,,,,,,,,
חוץ וביטחון,$M$31,"יניב שפירא:
1 = גדלה בהרבה
2 = גדלה
3 = קטנה
4 = קטנה בהרבה",,scale,"יניב שפירא:
1 = גדלה בהרבה
2 = גדלה
3 = קטנה
4 = קטנה בהרבה",,unknown,,,scale,"1 = גדלה בהרבה
2 = גדלה
3 = קטנה
4 = קטנה בהרבה",,,,,,,,,,,,,,
חוץ וביטחון,$N$32,"יניב שפירא:
1 = תורם מאד
2 = תורם
3 = פוגע
4 = פוגע מאד",,scale,"יניב שפירא:
1 = תורם מאד
2 = תורם
3 = פוגע
4 = פוגע מאד",,unknown,,,scale,"1 = תורם מאד
2 = תורם
3 = פוגע
4 = פוגע מאד",,,,,,,,,,,,,,
חוץ וביטחון,$O$33,"יניב שפירא:
1 = קשה מדי
2 = מתאימה
3 = רכה מדי",,scale,"יניב שפירא:
1 = קשה מדי
2 = מתאימה
3 = רכה מדי",,unknown,,,scale,"1 = קשה מדי
2 = מתאימה
3 = רכה מדי",,,,,,,,,,,,,,
חוץ וביטחון,$AF$34,"יניב שפירא:
1 = תומך מאוד
2 = תומך במידה ניכרת
3 = לא כ""כ תומך
4 = לא תומך כלל",,scale,"יניב שפירא:
1 = תומך מאוד
2 = תומך במידה ניכרת
3 = לא כ""כ תומך
4 = לא תומך כלל",,unknown,,,scale,"1 = תומך מאוד
2 = תומך במידה ניכרת
3 = לא כ""כ תומך
4 = לא תומך כלל",,,,,,,,,,,,,,
חוץ וביטחון,$O$35,"יניב שפירא:
1 = אין כמעט סיכוי למלחמה
2 = סיכוי נמוך מאד
3 = סיכוי נמוך
4 = סיכוי בינוני
5 = סיכוי גבוה
6 = סיכוי גבוה מאוד
7 = כמעט ודאות מלאה",,scale,"יניב שפירא:
1 = אין כמעט סיכוי למלחמה
2 = סיכוי נמוך מאד
3 = סיכוי נמוך
4 = סיכוי בינוני
5 = סיכוי גבוה
6 = סיכוי גבוה מאוד
7 = כמעט ודאות מלאה",,unknown,,,scale,"1 = אין כמעט סיכוי למלחמה
2 = סיכוי נמוך מאד
3 = סיכוי נמוך
4 = סיכוי בינוני
5 = סיכוי גבוה
6 = סיכוי גבוה מאוד
7 = כמעט ודאות מלאה",,,,,,,,,,,,,,
חוץ וביטחון,$O$40,"יניב שפירא:
1 = תוכל להתמודד
2 = לא תוכל להתמודד",,scale,"יניב שפירא:
1 = תוכל להתמודד
2 = לא תוכל להתמודד",,unknown,,,scale,"1 = תוכל להתמודד
2 = לא תוכל להתמודד",,,,,,,,,,,,,,
חוץ וביטחון,$O$50,"יניב שפירא:
סולם 1-7
1 = השפעה רעה
7 = השפעה טובה ",,scale,"יניב שפירא:
סולם 1-7
1 = השפעה רעה
7 = השפעה טובה ",,unknown,,,scale,"סולם 1-7
1 = השפעה רעה
7 = השפעה טובה ",,,,,,,,,,,,,,
חוץ וביטחון,$P$51,"יניב שפירא:
סולם 1-7
1 = תורמת לבטחון
7 = פוגעת בבטחון",,scale,"יניב שפירא:
סולם 1-7
1 = תורמת לבטחון
7 = פוגעת בבטחון",,unknown,,,scale,"סולם 1-7
1 = תורמת לבטחון
7 = פוגעת בבטחון",,,,,,,,,,,,,,
חוץ וביטחון,$P$52,"יניב שפירא:
1 = אלופי צה""ל בסדיר
2 = אלופי צה""ל במיל'
3 = פרופ' למדע המדינה
4 = מנהיגי הליכוד
5 = מנהיגי המערך
6 = הרבנים
7 = דעת הציבור",,scale,"יניב שפירא:
1 = אלופי צה""ל בסדיר
2 = אלופי צה""ל במיל'
3 = פרופ' למדע המדינה
4 = מנהיגי הליכוד
5 = מנהיגי המערך
6 = הרבנים
7 = דעת הציבור",,unknown,,,scale,"1 = אלופי צה""ל בסדיר
2 = אלופי צה""ל במיל'
3 = פרופ' למדע המדינה
4 = מנהיגי הליכוד
5 = מנהיגי המערך
6 = הרבנים
7 = דעת הציבור",,,,,,,,,,,,,,
חוץ וביטחון,$P$53,"יניב שפירא:
1 = אפשר לחסל את הטרור
2 = אפשר להקטין את היקפו אך לא לחסלו
3 = לפעילות צבאית אין השפעה על היקף הטרור
4 = פעילות צבאית רק תגרום להחרפת הפיגועים נגדנו",,scale,"יניב שפירא:
1 = אפשר לחסל את הטרור
2 = אפשר להקטין את היקפו אך לא לחסלו
3 = לפעילות צבאית אין השפעה על היקף הטרור
4 = פעילות צבאית רק תגרום להחרפת הפיגועים נגדנו",,unknown,,,scale,"1 = אפשר לחסל את הטרור
2 = אפשר להקטין את היקפו אך לא לחסלו
3 = לפעילות צבאית אין השפעה על היקף הטרור
4 = פעילות צבאית רק תגרום להחרפת הפיגועים נגדנו",,,,,,,,,,,,,,
חוץ וביטחון,$P$54,"יניב שפירא:
1 = מלחמה יזומה על ידנו לפגיעה במחבלים בבסיסיהם
2 = מלחמה בעלת אופי הגנתי, פעולות מניעה
3 = מלחמה בעלת אופי תגובתי - יציאה לפעולות תגמול בעקבות פיגועים",,scale,"יניב שפירא:
1 = מלחמה יזומה על ידנו לפגיעה במחבלים בבסיסיהם
2 = מלחמה בעלת אופי הגנתי, פעולות מניעה
3 = מלחמה בעלת אופי תגובתי - יציאה לפעולות תגמול בעקבות פיגועים",,unknown,,,scale,"1 = מלחמה יזומה על ידנו לפגיעה במחבלים בבסיסיהם
2 = מלחמה בעלת אופי הגנתי, פעולות מניעה
3 = מלחמה בעלת אופי תגובתי - יציאה לפעולות תגמול בעקבות פיגועים",,,,,,,,,,,,,,
חוץ וביטחון,$P$55,"יניב שפירא:
1 = לפלוש לדרום לבנון בכח צבאי גדול ולהחזיק בשטח לזמן ממושך
2 = לפתוח באש מסיבות באמצעות כוחות שריון וח""א
3 = הפעלת כוח צבאי מצומצם להשמדת בסיסי המחבלים וחזרה הביתה
4 = לא להגיב צבאית אלא לחפש פתרון מדיני",,scale,"יניב שפירא:
1 = לפלוש לדרום לבנון בכח צבאי גדול ולהחזיק בשטח לזמן ממושך
2 = לפתוח באש מסיבות באמצעות כוחות שריון וח""א
3 = הפעלת כוח צבאי מצומצם להשמדת בסיסי המחבלים וחזרה הביתה
4 = לא להגיב צבאית אלא לחפש פתרון מדיני",,unknown,,,scale,"1 = לפלוש לדרום לבנון בכח צבאי גדול ולהחזיק בשטח לזמן ממושך
2 = לפתוח באש מסיבות באמצעות כוחות שריון וח""א
3 = הפעלת כוח צבאי מצומצם להשמדת בסיסי המחבלים וחזרה הביתה
4 = לא להגיב צבאית אלא לחפש פתרון מדיני",,,,,,,,,,,,,,
חוץ וביטחון,$P$56,"יניב שפירא:
1 = כדאי
2 = לא כדאי",,scale,"יניב שפירא:
1 = כדאי
2 = לא כדאי",,unknown,,,scale,"1 = כדאי
2 = לא כדאי",,,,,,,,,,,,,,
חוץ וביטחון,$P$57,"יניב שפירא:
1 = תומך בהחלט
2 = תומך
3 = מתנגד
4 = מתנגד בהחלט",,scale,"יניב שפירא:
1 = תומך בהחלט
2 = תומך
3 = מתנגד
4 = מתנגד בהחלט",,unknown,,,scale,"1 = תומך בהחלט
2 = תומך
3 = מתנגד
4 = מתנגד בהחלט",,,,,,,,,,,,,,
חוץ וביטחון,$P$63,"יניב שפירא:
1 = מסכים בהחלט
2 = מסכים
3 = מתנגד
4 = מתנגד בהחלט",,scale,"יניב שפירא:
1 = מסכים בהחלט
2 = מסכים
3 = מתנגד
4 = מתנגד בהחלט",,unknown,,,scale,"1 = מסכים בהחלט
2 = מסכים
3 = מתנגד
4 = מתנגד בהחלט",,,,,,,,,,,,,,
חוץ וביטחון,$P$64,"יניב שפירא:
1 = מסכים בהחלט
2 = מסכים
3 = מתנגד
4 = מתנגד בהחלט",,scale,"יניב שפירא:
1 = מסכים בהחלט
2 = מסכים
3 = מתנגד
4 = מתנגד בהחלט",,unknown,,,scale,"1 = מסכים בהחלט
2 = מסכים
3 = מתנגד
4 = מתנגד בהחלט",,,,,,,,,,,,,,
חוץ וביטחון,$P$65,"יניב שפירא:
1 = מוצדק בהחלט
2 = מוצדק
3 = לא מוצדק
4 = כלל לא מוצדק",,scale,"יניב שפירא:
1 = מוצדק בהחלט
2 = מוצדק
3 = לא מוצדק
4 = כלל לא מוצדק",,unknown,,,scale,"1 = מוצדק בהחלט
2 = מוצדק
3 = לא מוצדק
4 = כלל לא מוצדק",,,,,,,,,,,,,,
חוץ וביטחון,$P$75,"יניב שפירא:
1 = כן
2 = לא",,scale,"יניב שפירא:
1 = כן
2 = לא",,unknown,,,scale,"1 = כן
2 = לא",,,,,,,,,,,,,,
חוץ וביטחון,$P$76,"יניב שפירא:
1 = יש תנאים בהם מוצדק להשתמש
2 = בשום תנאי אין להשתמש",,scale,"יניב שפירא:
1 = יש תנאים בהם מוצדק להשתמש
2 = בשום תנאי אין להשתמש",,unknown,,,scale,"1 = יש תנאים בהם מוצדק להשתמש
2 = בשום תנאי אין להשתמש",,,,,,,,,,,,,,
חוץ וביטחון,$A$79,"יניב שפירא:
רק למי שענה ""1"" בשאלה v49",יניב שפירא,sector,"רק למי שענה ""1"" בשאלה v49",,unknown,,,sector,"רק למי שענה ""1"" בשאלה v49",,,,,,,,,,,,,,
חוץ וביטחון,$P$79,"יניב שפירא:
1 = מוצדק בהחלט
2 = מוצדק
3 = לא מוצדק
4 = כלל לא מוצדק",,scale,"יניב שפירא:
1 = מוצדק בהחלט
2 = מוצדק
3 = לא מוצדק
4 = כלל לא מוצדק",,unknown,,,scale,"1 = מוצדק בהחלט
2 = מוצדק
3 = לא מוצדק
4 = כלל לא מוצדק",,,,,,,,,,,,,,
חוץ וביטחון,$P$84,"יניב שפירא:
1 = בטוח שיש
2 = חושב שיש
3 = חושב שאין
4 = בטוח שאין",,scale,"יניב שפירא:
1 = בטוח שיש
2 = חושב שיש
3 = חושב שאין
4 = בטוח שאין",,unknown,,,scale,"1 = בטוח שיש
2 = חושב שיש
3 = חושב שאין
4 = בטוח שאין",,,,,,,,,,,,,,
חוץ וביטחון,$P$85,"יניב שפירא:
1 = לשמור בסוד
2 = להצהיר בגלוי",,scale,"יניב שפירא:
1 = לשמור בסוד
2 = להצהיר בגלוי",,unknown,,,scale,"1 = לשמור בסוד
2 = להצהיר בגלוי",,,,,,,,,,,,,,
חוץ וביטחון,$P$86,"יניב שפירא:
1 = מסכים בהחלט
2 = מסכים
3 = לא מסכים
4 = בהחלט לא מסכים",,scale,"יניב שפירא:
1 = מסכים בהחלט
2 = מסכים
3 = לא מסכים
4 = בהחלט לא מסכים",,unknown,,,scale,"1 = מסכים בהחלט
2 = מסכים
3 = לא מסכים
4 = בהחלט לא מסכים",,,,,,,,,,,,,,
חוץ וביטחון,$P$89,"יניב שפירא:
1 = סוריה
2 = אש""ף
3 = ירדן
4 = השיעים בלבנון
5 = לוב
6 = מצרים
7 = עיראק
8 = איראן
9 = סעודיה",,scale,"יניב שפירא:
1 = סוריה
2 = אש""ף
3 = ירדן
4 = השיעים בלבנון
5 = לוב
6 = מצרים
7 = עיראק
8 = איראן
9 = סעודיה",,unknown,,,scale,"1 = סוריה
2 = אש""ף
3 = ירדן
4 = השיעים בלבנון
5 = לוב
6 = מצרים
7 = עיראק
8 = איראן
9 = סעודיה",,,,,,,,,,,,,,
חוץ וביטחון,$P$91,"יניב שפירא:
1 = גבוהה
2 = בינונית
3 = נמוכה
4 = אפסית",,scale,"יניב שפירא:
1 = גבוהה
2 = בינונית
3 = נמוכה
4 = אפסית",,unknown,,,scale,"1 = גבוהה
2 = בינונית
3 = נמוכה
4 = אפסית",,,,,,,,,,,,,,
חוץ וביטחון,$P$92,"יניב שפירא:
1 = תמיד רציונאלית
2 = בדר""כ רציונאלית
3 = לפעמים כך ולפעמים כך
4 = בדר""כ לא רציונאלית
5 = תמיד לא רציונאלית",,scale,"יניב שפירא:
1 = תמיד רציונאלית
2 = בדר""כ רציונאלית
3 = לפעמים כך ולפעמים כך
4 = בדר""כ לא רציונאלית
5 = תמיד לא רציונאלית",,unknown,,,scale,"1 = תמיד רציונאלית
2 = בדר""כ רציונאלית
3 = לפעמים כך ולפעמים כך
4 = בדר""כ לא רציונאלית
5 = תמיד לא רציונאלית",,,,,,,,,,,,,,
חוץ וביטחון,$P$93,"יניב שפירא:
1 = תמיד רציונאלית
2 = בדר""כ רציונאלית
3 = לפעמים כך ולפעמים כך
4 = בדר""כ לא רציונאלית
5 = תמיד לא רציונאלית",,scale,"יניב שפירא:
1 = תמיד רציונאלית
2 = בדר""כ רציונאלית
3 = לפעמים כך ולפעמים כך
4 = בדר""כ לא רציונאלית
5 = תמיד לא רציונאלית",,unknown,,,scale,"1 = תמיד רציונאלית
2 = בדר""כ רציונאלית
3 = לפעמים כך ולפעמים כך
4 = בדר""כ לא רציונאלית
5 = תמיד לא רציונאלית",,,,,,,,,,,,,,
חוץ וביטחון,$P$94,"יניב שפירא:
1 = מהווה סיבה
2 = לא מהווה סיבה",,scale,"יניב שפירא:
1 = מהווה סיבה
2 = לא מהווה סיבה",,unknown,,,scale,"1 = מהווה סיבה
2 = לא מהווה סיבה",,,,,,,,,,,,,,
חוץ וביטחון,$P$102,"יניב שפירא:
1 = מוכן
2 = לא מוכן",,scale,"יניב שפירא:
1 = מוכן
2 = לא מוכן",,unknown,,,scale,"1 = מוכן
2 = לא מוכן",,,,,,,,,,,,,,
חוץ וביטחון,$P$103,"יניב שפירא:
1 = מוכן
2 = לא מוכן",,scale,"יניב שפירא:
1 = מוכן
2 = לא מוכן",,unknown,,,scale,"1 = מוכן
2 = לא מוכן",,,,,,,,,,,,,,
חוץ וביטחון,$P$104,"יניב שפירא:
1 = חלה שחיקה משמעותית
2  = חלה שחיקה מסוימת
3 = לא חל שינוי
4 = התחזקות מסוימת
5 = התחזקות משמעותית",,scale,"יניב שפירא:
1 = חלה שחיקה משמעותית
2  = חלה שחיקה מסוימת
3 = לא חל שינוי
4 = התחזקות מסוימת
5 = התחזקות משמעותית",,unknown,,,scale,"1 = חלה שחיקה משמעותית
2  = חלה שחיקה מסוימת
3 = לא חל שינוי
4 = התחזקות מסוימת
5 = התחזקות משמעותית",,,,,,,,,,,,,,
חוץ וביטחון,$P$105,"יניב שפירא:
1 = הממשלה
2 = הכנסת
3 = הצבא
4 = תעשייה צבאית\אווירית
5 = אחר",,scale,"יניב שפירא:
1 = הממשלה
2 = הכנסת
3 = הצבא
4 = תעשייה צבאית\אווירית
5 = אחר",,unknown,,,scale,"1 = הממשלה
2 = הכנסת
3 = הצבא
4 = תעשייה צבאית\אווירית
5 = אחר",,,,,,,,,,,,,,
חוץ וביטחון,$P$106,"יניב שפירא:
1 = בהחלט בעד
2 = בעד
3 = נגד
4 = בהחלט נגד",,scale,"יניב שפירא:
1 = בהחלט בעד
2 = בעד
3 = נגד
4 = בהחלט נגד",,unknown,,,scale,"1 = בהחלט בעד
2 = בעד
3 = נגד
4 = בהחלט נגד",,,,,,,,,,,,,,
חוץ וביטחון,$P$107,"יניב שפירא:
1 = שיקולים עניינים בלבד
2 = גם משיקולים אחרים",,scale,"יניב שפירא:
1 = שיקולים עניינים בלבד
2 = גם משיקולים אחרים",,unknown,,,scale,"1 = שיקולים עניינים בלבד
2 = גם משיקולים אחרים",,,,,,,,,,,,,,
חוץ וביטחון,$P$108,"יניב שפירא:
1 = רק שיקולים עניינים
2 = שיקולים אחרים",,scale,"יניב שפירא:
1 = רק שיקולים עניינים
2 = שיקולים אחרים",,unknown,,,scale,"1 = רק שיקולים עניינים
2 = שיקולים אחרים",,,,,,,,,,,,,,
חוץ וביטחון,$P$109,"יניב שפירא:
1 = רה""מ
2 = שר הבטחון
3 = הקבינט
4 = מליאת הממשלה
5 = ועדת החוץ והבטחון של הכנסת
6 = המטכ""ל
7 = התקשורת
8 = ארה""ב
9 = העם
10 = אחר",,scale,"יניב שפירא:
1 = רה""מ
2 = שר הבטחון
3 = הקבינט
4 = מליאת הממשלה
5 = ועדת החוץ והבטחון של הכנסת
6 = המטכ""ל
7 = התקשורת
8 = ארה""ב
9 = העם
10 = אחר",,unknown,,,scale,"1 = רה""מ
2 = שר הבטחון
3 = הקבינט
4 = מליאת הממשלה
5 = ועדת החוץ והבטחון של הכנסת
6 = המטכ""ל
7 = התקשורת
8 = ארה""ב
9 = העם
10 = אחר",,,,,,,,,,,,,,
חוץ וביטחון,$P$110,"יניב שפירא:
סולם 1-7
1 = העדפת בטחון על פני כל נושא אחר
7 = בטחון - לא בכל מחיר",,scale,"יניב שפירא:
סולם 1-7
1 = העדפת בטחון על פני כל נושא אחר
7 = בטחון - לא בכל מחיר",,unknown,,,scale,"סולם 1-7
1 = העדפת בטחון על פני כל נושא אחר
7 = בטחון - לא בכל מחיר",,,,,,,,,,,,,,
חוץ וביטחון,$P$111,"יניב שפירא:
1 = מבין במידה רבה מאד
2 = מבין במידה רבה
3 = מבין במידה מסוימת
4 = מבין במידה קטנה
5 = לא מבין כלל",,scale,"יניב שפירא:
1 = מבין במידה רבה מאד
2 = מבין במידה רבה
3 = מבין במידה מסוימת
4 = מבין במידה קטנה
5 = לא מבין כלל",,unknown,,,scale,"1 = מבין במידה רבה מאד
2 = מבין במידה רבה
3 = מבין במידה מסוימת
4 = מבין במידה קטנה
5 = לא מבין כלל",,,,,,,,,,,,,,
חוץ וביטחון,$P$112,"יניב שפירא:
1 = מבין במידה רבה מאד
2 = מבין במידה רבה
3 = מבין במידה מסוימת
4 = מבין במידה קטנה
5 = לא מבין כלל",,scale,"יניב שפירא:
1 = מבין במידה רבה מאד
2 = מבין במידה רבה
3 = מבין במידה מסוימת
4 = מבין במידה קטנה
5 = לא מבין כלל",,unknown,,,scale,"1 = מבין במידה רבה מאד
2 = מבין במידה רבה
3 = מבין במידה מסוימת
4 = מבין במידה קטנה
5 = לא מבין כלל",,,,,,,,,,,,,,
חוץ וביטחון,$P$113,"יניב שפירא:
1 = בהחלט להתחשב
2 = להתחשב
3 = לא להתחשב
4 = בהחלט לא להתחשב",,scale,"יניב שפירא:
1 = בהחלט להתחשב
2 = להתחשב
3 = לא להתחשב
4 = בהחלט לא להתחשב",,unknown,,,scale,"1 = בהחלט להתחשב
2 = להתחשב
3 = לא להתחשב
4 = בהחלט לא להתחשב",,,,,,,,,,,,,,
חוץ וביטחון,$P$114,"יניב שפירא:
1 = תמיד לתמוך
2 = בדר""כ לתמוך
3 = בדר""כ לא לתמוך
4 = תמיד לא לתמוך",,scale,"יניב שפירא:
1 = תמיד לתמוך
2 = בדר""כ לתמוך
3 = בדר""כ לא לתמוך
4 = תמיד לא לתמוך",,unknown,,,scale,"1 = תמיד לתמוך
2 = בדר""כ לתמוך
3 = בדר""כ לא לתמוך
4 = תמיד לא לתמוך",,,,,,,,,,,,,,
חוץ וביטחון,$P$115,"יניב שפירא:
1 = מותר
2 = אסור",,scale,"יניב שפירא:
1 = מותר
2 = אסור",,unknown,,,scale,"1 = מותר
2 = אסור",,,,,,,,,,,,,,
חוץ וביטחון,$P$120,"יניב שפירא:
1 = אחראית לגמרי
2 = בדר""כ אחראית
3 = בדר""כ לא אחראית
4 = בלתי אחראית לגמרי",,scale,"יניב שפירא:
1 = אחראית לגמרי
2 = בדר""כ אחראית
3 = בדר""כ לא אחראית
4 = בלתי אחראית לגמרי",,unknown,,,scale,"1 = אחראית לגמרי
2 = בדר""כ אחראית
3 = בדר""כ לא אחראית
4 = בלתי אחראית לגמרי",,,,,,,,,,,,,,
חוץ וביטחון,$P$121,"יניב שפירא:
1 = פחות מדי
2 = מתאימה
3 = יותר מדי",,scale,"יניב שפירא:
1 = פחות מדי
2 = מתאימה
3 = יותר מדי",,unknown,,,scale,"1 = פחות מדי
2 = מתאימה
3 = יותר מדי",,,,,,,,,,,,,,
חוץ וביטחון,$P$122,"יניב שפירא:
1 = סומך בהחלט
2 = סומך
3 = לא סומך
4 = לא סומך כלל",,scale,"יניב שפירא:
1 = סומך בהחלט
2 = סומך
3 = לא סומך
4 = לא סומך כלל",,unknown,,,scale,"1 = סומך בהחלט
2 = סומך
3 = לא סומך
4 = לא סומך כלל",,,,,,,,,,,,,,
חוץ וביטחון,$P$123,"יניב שפירא:
1 = טובים מאד
2 = די טובים
3 = בינוניים
4 = די גרועים
5 = גרועים מאד",,scale,"יניב שפירא:
1 = טובים מאד
2 = די טובים
3 = בינוניים
4 = די גרועים
5 = גרועים מאד",,unknown,,,scale,"1 = טובים מאד
2 = די טובים
3 = בינוניים
4 = די גרועים
5 = גרועים מאד",,,,,,,,,,,,,,
חוץ וביטחון,$P$124,"יניב שפירא:
1 = במידה רבה מאד
2 = במידה  רבה
3 = במידה בינונית
4 = במידה קטנה
5 = לא יכולה בכלל",,scale,"יניב שפירא:
1 = במידה רבה מאד
2 = במידה  רבה
3 = במידה בינונית
4 = במידה קטנה
5 = לא יכולה בכלל",,unknown,,,scale,"1 = במידה רבה מאד
2 = במידה  רבה
3 = במידה בינונית
4 = במידה קטנה
5 = לא יכולה בכלל",,,,,,,,,,,,,,
חוץ וביטחון,$P$125,"יניב שפירא:
1 = מוצדק בהחלט
2 = מוצדק
3 = לא מוצדק
4 = בהחלט לא מוצדק",,scale,"יניב שפירא:
1 = מוצדק בהחלט
2 = מוצדק
3 = לא מוצדק
4 = בהחלט לא מוצדק",,unknown,,,scale,"1 = מוצדק בהחלט
2 = מוצדק
3 = לא מוצדק
4 = בהחלט לא מוצדק",,,,,,,,,,,,,,
חוץ וביטחון,$P$126,"יניב שפירא:
1 = מוצדק בהחלט
2 = מוצדק
3 = לא מוצדק
4 = בהחלט לא מוצדק",,scale,"יניב שפירא:
1 = מוצדק בהחלט
2 = מוצדק
3 = לא מוצדק
4 = בהחלט לא מוצדק",,unknown,,,scale,"1 = מוצדק בהחלט
2 = מוצדק
3 = לא מוצדק
4 = בהחלט לא מוצדק",,,,,,,,,,,,,,
חוץ וביטחון,$P$127,"יניב שפירא:
סולם 1-7
1 = בטוח שתהיה מלחמה
7 = בטוח שלא תהיה מלחמה",,scale,"יניב שפירא:
סולם 1-7
1 = בטוח שתהיה מלחמה
7 = בטוח שלא תהיה מלחמה",,unknown,,,scale,"סולם 1-7
1 = בטוח שתהיה מלחמה
7 = בטוח שלא תהיה מלחמה",,,,,,,,,,,,,,
חוץ וביטחון,$Q$128,"יניב שפירא:
1 = בעד ניתוק היחסים
2 = נגד ניתוק היחסים",,scale,"יניב שפירא:
1 = בעד ניתוק היחסים
2 = נגד ניתוק היחסים",,unknown,,,scale,"1 = בעד ניתוק היחסים
2 = נגד ניתוק היחסים",,,,,,,,,,,,,,
חוץ וביטחון,$U$131,"יניב שפירא:
1 = טובה מאד
2 = טובה
3 = לא כ""כ טובה
4 = לא טובה
5 = לא טובה כלל",,scale,"יניב שפירא:
1 = טובה מאד
2 = טובה
3 = לא כ""כ טובה
4 = לא טובה
5 = לא טובה כלל",,unknown,,,scale,"1 = טובה מאד
2 = טובה
3 = לא כ""כ טובה
4 = לא טובה
5 = לא טובה כלל",,,,,,,,,,,,,,
חוץ וביטחון,$U$132,"יניב שפירא:
1 = בהחלט יש לקצץ
2 = יש לקצץ
3 = אולי יש לקצץ
4 = אולי אין לקצץ
5 = אין לקצץ
6 = בהחלט אין לקצץ",,scale,"יניב שפירא:
1 = בהחלט יש לקצץ
2 = יש לקצץ
3 = אולי יש לקצץ
4 = אולי אין לקצץ
5 = אין לקצץ
6 = בהחלט אין לקצץ",,unknown,,,scale,"1 = בהחלט יש לקצץ
2 = יש לקצץ
3 = אולי יש לקצץ
4 = אולי אין לקצץ
5 = אין לקצץ
6 = בהחלט אין לקצץ",,,,,,,,,,,,,,
חוץ וביטחון,$AB$133,"יניב שפירא:
1 = בטוח שכן
2 = חושב שכן
3 = חושב שלא
4 = בטוח שלא",,scale,"יניב שפירא:
1 = בטוח שכן
2 = חושב שכן
3 = חושב שלא
4 = בטוח שלא",,unknown,,,scale,"1 = בטוח שכן
2 = חושב שכן
3 = חושב שלא
4 = בטוח שלא",,,,,,,,,,,,,,
חוץ וביטחון,$AC$134,"יניב שפירא:
1 = בהחלט מוצדקת
2 = מוצדקת
3 = לא כ""כ מוצדקת
4 = כלל לא מוצדקת",,scale,"יניב שפירא:
1 = בהחלט מוצדקת
2 = מוצדקת
3 = לא כ""כ מוצדקת
4 = כלל לא מוצדקת",,unknown,,,scale,"1 = בהחלט מוצדקת
2 = מוצדקת
3 = לא כ""כ מוצדקת
4 = כלל לא מוצדקת",,,,,,,,,,,,,,
חוץ וביטחון,$AC$135,"יניב שפירא:
1 = נכונות גבוהה מאוד
2 = נכונות גבוהה
3 = נכונות נמוכה
4 = נכונות נמוכה מאוד",,scale,"יניב שפירא:
1 = נכונות גבוהה מאוד
2 = נכונות גבוהה
3 = נכונות נמוכה
4 = נכונות נמוכה מאוד",,unknown,,,scale,"1 = נכונות גבוהה מאוד
2 = נכונות גבוהה
3 = נכונות נמוכה
4 = נכונות נמוכה מאוד",,,,,,,,,,,,,,
חוץ וביטחון,$AD$136,"יניב שפירא:
1 = שינוי לטובה
2 = המצב ישאר כמו שהוא
3 = שינוי לרעה",,scale,"יניב שפירא:
1 = שינוי לטובה
2 = המצב ישאר כמו שהוא
3 = שינוי לרעה",,unknown,,,scale,"1 = שינוי לטובה
2 = המצב ישאר כמו שהוא
3 = שינוי לרעה",,,,,,,,,,,,,,
חוץ וביטחון,$Q$137,"יניב שפירא:
1 = השתפר
2 = לא השתנה
3 = הורע",,scale,"יניב שפירא:
1 = השתפר
2 = לא השתנה
3 = הורע",,unknown,,,scale,"1 = השתפר
2 = לא השתנה
3 = הורע",,,,,,,,,,,,,,
חוץ וביטחון,$Q$138,"יניב שפירא:
1 = השתפר
2 = לא השתנה
3 = הורע",,scale,"יניב שפירא:
1 = השתפר
2 = לא השתנה
3 = הורע",,unknown,,,scale,"1 = השתפר
2 = לא השתנה
3 = הורע",,,,,,,,,,,,,,
חוץ וביטחון,$Q$139,"יניב שפירא:
1 = התגברה
2 = לא השתנתה
3 = הצטמצמה",,scale,"יניב שפירא:
1 = התגברה
2 = לא השתנתה
3 = הצטמצמה",,unknown,,,scale,"1 = התגברה
2 = לא השתנתה
3 = הצטמצמה",,,,,,,,,,,,,,
חוץ וביטחון,$Q$140,"יניב שפירא:
1 = גבר
2 = לא השתנה
3 = פחת",,scale,"יניב שפירא:
1 = גבר
2 = לא השתנה
3 = פחת",,unknown,,,scale,"1 = גבר
2 = לא השתנה
3 = פחת",,,,,,,,,,,,,,
חוץ וביטחון,$Q$141,"יניב שפירא:
1 = נעשה יותר חיובי
2 = לא השתנה
3 = נעשה יותר שלילי",,scale,"יניב שפירא:
1 = נעשה יותר חיובי
2 = לא השתנה
3 = נעשה יותר שלילי",,unknown,,,scale,"1 = נעשה יותר חיובי
2 = לא השתנה
3 = נעשה יותר שלילי",,,,,,,,,,,,,,
חוץ וביטחון,$AH$142,"יניב שפירא:
1 = מסכים בהחלט
2 = מסכים
3 = מסתייג
4 = מסתייג בהחלט",,scale,"יניב שפירא:
1 = מסכים בהחלט
2 = מסכים
3 = מסתייג
4 = מסתייג בהחלט",,unknown,,,scale,"1 = מסכים בהחלט
2 = מסכים
3 = מסתייג
4 = מסתייג בהחלט",,,,,,,,,,,,,,
שלום,$A$2,"יניב שפירא:
רק יהודים למעט 2022",יניב שפירא,sector,רק יהודים למעט 2022,,unknown,,,sector,רק יהודים למעט 2022,,,,,,,,,,,,,,
שלום,$B$2,"adi:
יהודים וערבים
1 = בטוח/ה שכן
2 = חושב/ת שכן
3 = חושב/ת שלא
4 = בטוח/ה שלא",,scale,"adi:
יהודים וערבים
1 = בטוח/ה שכן
2 = חושב/ת שכן
3 = חושב/ת שלא
4 = בטוח/ה שלא",,unknown,,,scale,"יהודים וערבים
1 = בטוח/ה שכן
2 = חושב/ת שכן
3 = חושב/ת שלא
4 = בטוח/ה שלא",,,,,,,,,,,,,,
שלום,$D$2,"יניב שפירא:
1 = בהחלט ניתן להגיע להסכם שלום עם הפלסטינים
2 = כנראה שניתן
3 = כנראה שלא ניתן
4 = בהחלט לא ניתן",,scale,"יניב שפירא:
1 = בהחלט ניתן להגיע להסכם שלום עם הפלסטינים
2 = כנראה שניתן
3 = כנראה שלא ניתן
4 = בהחלט לא ניתן",,unknown,,,scale,"1 = בהחלט ניתן להגיע להסכם שלום עם הפלסטינים
2 = כנראה שניתן
3 = כנראה שלא ניתן
4 = בהחלט לא ניתן",,,,,,,,,,,,,,
שלום,$H$2,"יניב שפירא:
1 = בטוח שכן
2 = חושב שכן
3 = חושב שלא
4 = בטוח שלא",,scale,"יניב שפירא:
1 = בטוח שכן
2 = חושב שכן
3 = חושב שלא
4 = בטוח שלא",,unknown,,,scale,"1 = בטוח שכן
2 = חושב שכן
3 = חושב שלא
4 = בטוח שלא",,,,,,,,,,,,,,
שלום,$N$4,"יניב שפירא:
1 = העבודה
2 = הליכוד
3 = מפלגה אחרת",,scale,"יניב שפירא:
1 = העבודה
2 = הליכוד
3 = מפלגה אחרת",,unknown,,,scale,"1 = העבודה
2 = הליכוד
3 = מפלגה אחרת",,,,,,,,,,,,,,
שלום,$D$7,"יניב שפירא:
1 = להתרכז בשיחות שלום
2 = להגביר את עוצמתה הצבאית",,scale,"יניב שפירא:
1 = להתרכז בשיחות שלום
2 = להגביר את עוצמתה הצבאית",,unknown,,,scale,"1 = להתרכז בשיחות שלום
2 = להגביר את עוצמתה הצבאית",,,,,,,,,,,,,,
שלום,$A$8,"יניב שפירא:
בערבית נוסח אחר:
""האם אתה תומך בהקמת מדינה...""
התשובות בהתאם: במקום 'מסכים' כתוב 'תומך'",,scale,"יניב שפירא:
בערבית נוסח אחר:
""האם אתה תומך בהקמת מדינה...""
התשובות בהתאם: במקום 'מסכים' כתוב 'תומך'",,unknown,,,scale,"בערבית נוסח אחר:
""האם אתה תומך בהקמת מדינה...""
התשובות בהתאם: במקום 'מסכים' כתוב 'תומך'",,,,,,,,,,,,,,
שלום,$D$8,"יניב שפירא:
1 = בהחלט צריכה להסכים
2 = כנראה שצריכה להסכים
3 = כנראה שלא צריכה להסכים
4 = בהחלט לא צריכה להסכים",,scale,"יניב שפירא:
1 = בהחלט צריכה להסכים
2 = כנראה שצריכה להסכים
3 = כנראה שלא צריכה להסכים
4 = בהחלט לא צריכה להסכים",,unknown,,,scale,"1 = בהחלט צריכה להסכים
2 = כנראה שצריכה להסכים
3 = כנראה שלא צריכה להסכים
4 = בהחלט לא צריכה להסכים",,,,,,,,,,,,,,
שלום,$O$8,"יניב שפירא:
הניסוח הוא:
""אוטונומיה פלסטינית""",,scale,"יניב שפירא:
הניסוח הוא:
""אוטונומיה פלסטינית""",,unknown,,,scale,"הניסוח הוא:
""אוטונומיה פלסטינית""",,,,,,,,,,,,,,
שלום,$B$9,"adi:
רק יהודים
",,scale,"adi:
רק יהודים
",,unknown,,,scale,"רק יהודים
",,,,,,,,,,,,,,
שלום,$G$9,"יניב שפירא:
1 = להחזיר לעצמם חלק מהשטחים שכבשנו בששת הימים
2 = להחזיר לעצמם את כל השטחים שכבשנו בששת הימים
3 = לכבוש את מדינת ישראל
4 = לכבוש את הארץ ולהשמיד חלק ניכר מהאוכלוסייה היהודית במדינת ישראל
9 = מסרב",,scale,"יניב שפירא:
1 = להחזיר לעצמם חלק מהשטחים שכבשנו בששת הימים
2 = להחזיר לעצמם את כל השטחים שכבשנו בששת הימים
3 = לכבוש את מדינת ישראל
4 = לכבוש את הארץ ולהשמיד חלק ניכר מהאוכלוסייה היהודית במדינת ישראל
9 = מסרב",,unknown,,,scale,"1 = להחזיר לעצמם חלק מהשטחים שכבשנו בששת הימים
2 = להחזיר לעצמם את כל השטחים שכבשנו בששת הימים
3 = לכבוש את מדינת ישראל
4 = לכבוש את הארץ ולהשמיד חלק ניכר מהאוכלוסייה היהודית במדינת ישראל
9 = מסרב",,,,,,,,,,,,,,
שלום,$A$10,"יניב שפירא:
יהודים בלבד",יניב שפירא,unknown,יהודים בלבד,sector,unknown,,,sector,יהודים בלבד,,,,,,,,,,,,,,
שלום,$G$10,"יניב שפירא:
1 = לא צריכה להחזיק ביהודה ושומרון
2 = כן, כי זו זכותנו על הארץ
3 = כן, משיקולי ביטחון
9 = מסרב",,scale,"יניב שפירא:
1 = לא צריכה להחזיק ביהודה ושומרון
2 = כן, כי זו זכותנו על הארץ
3 = כן, משיקולי ביטחון
9 = מסרב",,unknown,,,scale,"1 = לא צריכה להחזיק ביהודה ושומרון
2 = כן, כי זו זכותנו על הארץ
3 = כן, משיקולי ביטחון
9 = מסרב",,,,,,,,,,,,,,
שלום,$G$11,"יניב שפירא:
1 = בהחלט להעביר
2 = להעביר
3 = להמשיך להחזיק
4 = בהחלט להמשיך להחזיק",,scale,"יניב שפירא:
1 = בהחלט להעביר
2 = להעביר
3 = להמשיך להחזיק
4 = בהחלט להמשיך להחזיק",,unknown,,,scale,"1 = בהחלט להעביר
2 = להעביר
3 = להמשיך להחזיק
4 = בהחלט להמשיך להחזיק",,,,,,,,,,,,,,
שלום,$H$12,"יניב שפירא:
1 = לא בשום תנאי
2 = כן, יישובים בודדים
3 = כן, את כל היישובים",,scale,"יניב שפירא:
1 = לא בשום תנאי
2 = כן, יישובים בודדים
3 = כן, את כל היישובים",,unknown,,,scale,"1 = לא בשום תנאי
2 = כן, יישובים בודדים
3 = כן, את כל היישובים",,,,,,,,,,,,,,
שלום,$G$13,"יניב שפירא:
1-7
1 = בכלל לא מסוכן
7 = מאוד מסוכן",,scale,"יניב שפירא:
1-7
1 = בכלל לא מסוכן
7 = מאוד מסוכן",,unknown,,,scale,"1-7
1 = בכלל לא מסוכן
7 = מאוד מסוכן",,,,,,,,,,,,,,
שלום,$O$14,"יניב שפירא:
1 = במידה רבה
2 = במידה מסוימת
3 = במידה קטנה
4 = כלל לא",,scale,"יניב שפירא:
1 = במידה רבה
2 = במידה מסוימת
3 = במידה קטנה
4 = כלל לא",,unknown,,,scale,"1 = במידה רבה
2 = במידה מסוימת
3 = במידה קטנה
4 = כלל לא",,,,,,,,,,,,,,
שלום,$G$17,"יניב שפירא:
1 = כלל לא מסכים
2 = לא מסכים
3 = מסכים
4 = מסכים מאד",,scale,"יניב שפירא:
1 = כלל לא מסכים
2 = לא מסכים
3 = מסכים
4 = מסכים מאד",,unknown,,,scale,"1 = כלל לא מסכים
2 = לא מסכים
3 = מסכים
4 = מסכים מאד",,,,,,,,,,,,,,
שלום,$I$18,"יניב שפירא:
1 = סיכויים גבוהים
2 = סיכויים בינוניים
3 = סיכויים נמוכים
4 = סיכוים נמוכים ביותר",,scale,"יניב שפירא:
1 = סיכויים גבוהים
2 = סיכויים בינוניים
3 = סיכויים נמוכים
4 = סיכוים נמוכים ביותר",,unknown,,,scale,"1 = סיכויים גבוהים
2 = סיכויים בינוניים
3 = סיכויים נמוכים
4 = סיכוים נמוכים ביותר",,,,,,,,,,,,,,
שלום,$I$19,"יניב שפירא:
1 = סיכויים גבוהים
2 = סיכויים בינוניים
3 = סיכויים נמוכים
4 = סיכוים נמוכים ביותר",,scale,"יניב שפירא:
1 = סיכויים גבוהים
2 = סיכויים בינוניים
3 = סיכויים נמוכים
4 = סיכוים נמוכים ביותר",,unknown,,,scale,"1 = סיכויים גבוהים
2 = סיכויים בינוניים
3 = סיכויים נמוכים
4 = סיכוים נמוכים ביותר",,,,,,,,,,,,,,
שלום,$I$20,"יניב שפירא:
1 = בטוח שיסתיים
2 = חושב שיסתיים
3 = חושב שלא יסתיים
4 = בטוח שלא יסתיים",,scale,"יניב שפירא:
1 = בטוח שיסתיים
2 = חושב שיסתיים
3 = חושב שלא יסתיים
4 = בטוח שלא יסתיים",,unknown,,,scale,"1 = בטוח שיסתיים
2 = חושב שיסתיים
3 = חושב שלא יסתיים
4 = בטוח שלא יסתיים",,,,,,,,,,,,,,
שלום,$L$20,"יניב שפירא:
1 =בטוח שלא יסתיים
2 = חושב שלא יסתיים
3 = חושב שיסתיים
4 = בטוח שיסתיים",,scale,"יניב שפירא:
1 =בטוח שלא יסתיים
2 = חושב שלא יסתיים
3 = חושב שיסתיים
4 = בטוח שיסתיים",,unknown,,,scale,"1 =בטוח שלא יסתיים
2 = חושב שלא יסתיים
3 = חושב שיסתיים
4 = בטוח שיסתיים",,,,,,,,,,,,,,
שלום,$N$20,"יניב שפירא:
1 = בטוח שיסתיים
2 = חושב שיסתיים
3 = חושב שלא יסתיים
4 = בטוח שלא יסתיים",,scale,"יניב שפירא:
1 = בטוח שיסתיים
2 = חושב שיסתיים
3 = חושב שלא יסתיים
4 = בטוח שלא יסתיים",,unknown,,,scale,"1 = בטוח שיסתיים
2 = חושב שיסתיים
3 = חושב שלא יסתיים
4 = בטוח שלא יסתיים",,,,,,,,,,,,,,
שלום,$I$21,"יניב שפירא:
1 = לא, אסור לסגת משום שטח ברמת הגולן
2 = ישראל צריכה להחזיר חלק קטן של רמת הגולן
3 = ישראל צריכה להחזיר חלק משמעותי של רמת הגולן
4 = ישראל צריכה להחזיר את כל רמת הגולן",,scale,"יניב שפירא:
1 = לא, אסור לסגת משום שטח ברמת הגולן
2 = ישראל צריכה להחזיר חלק קטן של רמת הגולן
3 = ישראל צריכה להחזיר חלק משמעותי של רמת הגולן
4 = ישראל צריכה להחזיר את כל רמת הגולן",,unknown,,,scale,"1 = לא, אסור לסגת משום שטח ברמת הגולן
2 = ישראל צריכה להחזיר חלק קטן של רמת הגולן
3 = ישראל צריכה להחזיר חלק משמעותי של רמת הגולן
4 = ישראל צריכה להחזיר את כל רמת הגולן",,,,,,,,,,,,,,
שלום,$O$21,"יניב שפירא:
1 = כן, הכל
2 = כן, חלק
3 = לא צריכה להחזיר כלום",,scale,"יניב שפירא:
1 = כן, הכל
2 = כן, חלק
3 = לא צריכה להחזיר כלום",,unknown,,,scale,"1 = כן, הכל
2 = כן, חלק
3 = לא צריכה להחזיר כלום",,,,,,,,,,,,,,
שלום,$N$22,"יניב שפירא:
1 = כן, תחזיר
2 = לא תחזיר",,scale,"יניב שפירא:
1 = כן, תחזיר
2 = לא תחזיר",,unknown,,,scale,"1 = כן, תחזיר
2 = לא תחזיר",,,,,,,,,,,,,,
שלום,$I$23,"יניב שפירא:
1 = בהחלט לא מסכים
2 = לא מסכים
3 = מסכים
4 = מסכים בהחלט",,scale,"יניב שפירא:
1 = בהחלט לא מסכים
2 = לא מסכים
3 = מסכים
4 = מסכים בהחלט",,unknown,,,scale,"1 = בהחלט לא מסכים
2 = לא מסכים
3 = מסכים
4 = מסכים בהחלט",,,,,,,,,,,,,,
שלום,$M$23,"יניב שפירא:
1-7
1 = מידה רבה של אי הסכמה
7 = מידה רבה של הסכמה",,scale,"יניב שפירא:
1-7
1 = מידה רבה של אי הסכמה
7 = מידה רבה של הסכמה",,unknown,,,scale,"1-7
1 = מידה רבה של אי הסכמה
7 = מידה רבה של הסכמה",,,,,,,,,,,,,,
שלום,$N$23,"יניב שפירא:
סולם 1-7
1 = מתנגד מאד
7 = מסכים מאד",,scale,"יניב שפירא:
סולם 1-7
1 = מתנגד מאד
7 = מסכים מאד",,unknown,,,scale,"סולם 1-7
1 = מתנגד מאד
7 = מסכים מאד",,,,,,,,,,,,,,
שלום,$K$24,"יניב שפירא:
1 = מסכים בהחלט
2 = מסכים
3 = לא מסכים
4 = בהחלט לא מסכים",,scale,"יניב שפירא:
1 = מסכים בהחלט
2 = מסכים
3 = לא מסכים
4 = בהחלט לא מסכים",,unknown,,,scale,"1 = מסכים בהחלט
2 = מסכים
3 = לא מסכים
4 = בהחלט לא מסכים",,,,,,,,,,,,,,
שלום,$M$24,"יניב שפירא:
1-7
1 = מידה רבה של אי הסכמה
7 = מידה רבה של הסכמה",,scale,"יניב שפירא:
1-7
1 = מידה רבה של אי הסכמה
7 = מידה רבה של הסכמה",,unknown,,,scale,"1-7
1 = מידה רבה של אי הסכמה
7 = מידה רבה של הסכמה",,,,,,,,,,,,,,
שלום,$N$24,"יניב שפירא:
סולם 1-7
1 = מתנגד מאד
7 = מסכים מאד",,scale,"יניב שפירא:
סולם 1-7
1 = מתנגד מאד
7 = מסכים מאד",,unknown,,,scale,"סולם 1-7
1 = מתנגד מאד
7 = מסכים מאד",,,,,,,,,,,,,,
שלום,$A$25,"יניב שפירא:
ליהודים בלבד",יניב שפירא,unknown,ליהודים בלבד,sector,unknown,,,sector,ליהודים בלבד,,,,,,,,,,,,,,
שלום,$L$25,"יניב שפירא:
1 = בהחלט לא מסכים
2 = לא מסכים
3 = מסכים
4 = בהחלט מסכים",,scale,"יניב שפירא:
1 = בהחלט לא מסכים
2 = לא מסכים
3 = מסכים
4 = בהחלט מסכים",,unknown,,,scale,"1 = בהחלט לא מסכים
2 = לא מסכים
3 = מסכים
4 = בהחלט מסכים",,,,,,,,,,,,,,
שלום,$M$25,"יניב שפירא:
1 = מסכים בהחלט
2 = מסכים
3 = לא מסכים
4 = בהחלט לא מסכים",,scale,"יניב שפירא:
1 = מסכים בהחלט
2 = מסכים
3 = לא מסכים
4 = בהחלט לא מסכים",,unknown,,,scale,"1 = מסכים בהחלט
2 = מסכים
3 = לא מסכים
4 = בהחלט לא מסכים",,,,,,,,,,,,,,
שלום,$K$26,"יניב שפירא:
1 = מסכים בהחלט
2 = מסכים
3 = לא מסכים
4 = בהחלט לא מסכים",,scale,"יניב שפירא:
1 = מסכים בהחלט
2 = מסכים
3 = לא מסכים
4 = בהחלט לא מסכים",,unknown,,,scale,"1 = מסכים בהחלט
2 = מסכים
3 = לא מסכים
4 = בהחלט לא מסכים",,,,,,,,,,,,,,
שלום,$A$30,"יניב שפירא:
ליהודים בלבד",יניב שפירא,unknown,ליהודים בלבד,sector,unknown,,,sector,ליהודים בלבד,,,,,,,,,,,,,,
שלום,$A$31,"יניב שפירא:
ליהודים בלבד",יניב שפירא,unknown,ליהודים בלבד,sector,unknown,,,sector,ליהודים בלבד,,,,,,,,,,,,,,
שלום,$P$32,"יניב שפירא:
1 = מסכים בהחלט
2 = מסכים
3 = לא מסכים
4 = בהחלט לא מסכים",,scale,"יניב שפירא:
1 = מסכים בהחלט
2 = מסכים
3 = לא מסכים
4 = בהחלט לא מסכים",,unknown,,,scale,"1 = מסכים בהחלט
2 = מסכים
3 = לא מסכים
4 = בהחלט לא מסכים",,,,,,,,,,,,,,
שלום,$D$33,"יניב שפירא:
1 = תומך
2 = מתנגד
3 = לא יודע מספיק על התכנית כדי להביע עמדה
4 = לא שמעתי על התכנית",,scale,"יניב שפירא:
1 = תומך
2 = מתנגד
3 = לא יודע מספיק על התכנית כדי להביע עמדה
4 = לא שמעתי על התכנית",,unknown,,,scale,"1 = תומך
2 = מתנגד
3 = לא יודע מספיק על התכנית כדי להביע עמדה
4 = לא שמעתי על התכנית",,,,,,,,,,,,,,
שלום,$J$34,"יניב שפירא:
1 = בהחלט צריכה להסכים
2 = חושב שצריכה להסכים
3 = חושב שלא צריכה להסכים
4 = בהחלט לא צריכה להסכים",,scale,"יניב שפירא:
1 = בהחלט צריכה להסכים
2 = חושב שצריכה להסכים
3 = חושב שלא צריכה להסכים
4 = בהחלט לא צריכה להסכים",,unknown,,,scale,"1 = בהחלט צריכה להסכים
2 = חושב שצריכה להסכים
3 = חושב שלא צריכה להסכים
4 = בהחלט לא צריכה להסכים",,,,,,,,,,,,,,
שלום,$J$35,"יניב שפירא:
1 = בטוח שכן
2 = חושב שכן
3 = חושב שלא
4 = בטוח שלא",,scale,"יניב שפירא:
1 = בטוח שכן
2 = חושב שכן
3 = חושב שלא
4 = בטוח שלא",,unknown,,,scale,"1 = בטוח שכן
2 = חושב שכן
3 = חושב שלא
4 = בטוח שלא",,,,,,,,,,,,,,
שלום,$J$36,"יניב שפירא:
1 = סיכויים גדולים
2 = סיכויים מסוימים
3 = סיכויים מעטים
4 = אין סיכוי",,scale,"יניב שפירא:
1 = סיכויים גדולים
2 = סיכויים מסוימים
3 = סיכויים מעטים
4 = אין סיכוי",,unknown,,,scale,"1 = סיכויים גדולים
2 = סיכויים מסוימים
3 = סיכויים מעטים
4 = אין סיכוי",,,,,,,,,,,,,,
שלום,$L$37,"יניב שפירא:
1 = בהחלט מתנגד
2 = מתנגד
3 = תומך
4 = בהחלט תומך",,scale,"יניב שפירא:
1 = בהחלט מתנגד
2 = מתנגד
3 = תומך
4 = בהחלט תומך",,unknown,,,scale,"1 = בהחלט מתנגד
2 = מתנגד
3 = תומך
4 = בהחלט תומך",,,,,,,,,,,,,,
שלום,$L$42,"יניב שפירא:
1 = בהחלט מתנגד
2 = מתנגד
3 = תומך
4 = בהחלט תומך
9 = לא יודע",,scale,"יניב שפירא:
1 = בהחלט מתנגד
2 = מתנגד
3 = תומך
4 = בהחלט תומך
9 = לא יודע",,unknown,,,scale,"1 = בהחלט מתנגד
2 = מתנגד
3 = תומך
4 = בהחלט תומך
9 = לא יודע",,,,,,,,,,,,,,
שלום,$V$43,"יניב שפירא:
1 = מתנגד בהחלט
2 = מתנגד במידה מסויימת
3 = תומך במידה מסויימת
4 = תומך בהחלט",,scale,"יניב שפירא:
1 = מתנגד בהחלט
2 = מתנגד במידה מסויימת
3 = תומך במידה מסויימת
4 = תומך בהחלט",,unknown,,,scale,"1 = מתנגד בהחלט
2 = מתנגד במידה מסויימת
3 = תומך במידה מסויימת
4 = תומך בהחלט",,,,,,,,,,,,,,
שלום,$L$44,"יניב שפירא:
הניסוח:
""תומכים בהסכם?""",,scale,"יניב שפירא:
הניסוח:
""תומכים בהסכם?""",,unknown,,,scale,"הניסוח:
""תומכים בהסכם?""",,,,,,,,,,,,,,
שלום,$N$44,"יניב שפירא:
הניסוח:
""מסכימים באופן עקרוני לוותר על שטחים תמורת שלום?""",,scale,"יניב שפירא:
הניסוח:
""מסכימים באופן עקרוני לוותר על שטחים תמורת שלום?""",,unknown,,,scale,"הניסוח:
""מסכימים באופן עקרוני לוותר על שטחים תמורת שלום?""",,,,,,,,,,,,,,
שלום,$L$45,"יניב שפירא:
1 = יגדל מס' האנשים שתומכים בהסכם
2 = יגדל מס' האנשים שלא תומכים ",,scale,"יניב שפירא:
1 = יגדל מס' האנשים שתומכים בהסכם
2 = יגדל מס' האנשים שלא תומכים ",,unknown,,,scale,"1 = יגדל מס' האנשים שתומכים בהסכם
2 = יגדל מס' האנשים שלא תומכים ",,,,,,,,,,,,,,
שלום,$N$45,"יניב שפירא:
הניסוח:
""מסכיים עקרונית לוותר על שטחים תמורת שלום""",,scale,"יניב שפירא:
הניסוח:
""מסכיים עקרונית לוותר על שטחים תמורת שלום""",,unknown,,,scale,"הניסוח:
""מסכיים עקרונית לוותר על שטחים תמורת שלום""",,,,,,,,,,,,,,
שלום,$M$47,"יניב שפירא:
1 = יגדל מס' האנשים שתומכים
2 = יגדל מס' האנשים שלא תומכים ",,scale,"יניב שפירא:
1 = יגדל מס' האנשים שתומכים
2 = יגדל מס' האנשים שלא תומכים ",,unknown,,,scale,"1 = יגדל מס' האנשים שתומכים
2 = יגדל מס' האנשים שלא תומכים ",,,,,,,,,,,,,,
שלום,$M$49,"יניב שפירא:
1 = יגדל מס' האנשים שתומכים בהסכם
2 = יגדל מס' האנשים שלא תומכים ",,scale,"יניב שפירא:
1 = יגדל מס' האנשים שתומכים בהסכם
2 = יגדל מס' האנשים שלא תומכים ",,unknown,,,scale,"1 = יגדל מס' האנשים שתומכים בהסכם
2 = יגדל מס' האנשים שלא תומכים ",,,,,,,,,,,,,,
שלום,$L$50,"יניב שפירא:
1 = בכלל לא משכנעת
2 = לא כ""כ משכנעת
3 = די משכנעת
4 = מאד משכנעת",,scale,"יניב שפירא:
1 = בכלל לא משכנעת
2 = לא כ""כ משכנעת
3 = די משכנעת
4 = מאד משכנעת",,unknown,,,scale,"1 = בכלל לא משכנעת
2 = לא כ""כ משכנעת
3 = די משכנעת
4 = מאד משכנעת",,,,,,,,,,,,,,
שלום,$L$55,"יניב שפירא:
25-29
לפי הסיבות לעיל",,scale,"יניב שפירא:
25-29
לפי הסיבות לעיל",,unknown,,,scale,"25-29
לפי הסיבות לעיל",,,,,,,,,,,,,,
שלום,$L$61,"יניב שפירא:
32-36
לפי הסיבות לעיל",,scale,"יניב שפירא:
32-36
לפי הסיבות לעיל",,unknown,,,scale,"32-36
לפי הסיבות לעיל",,,,,,,,,,,,,,
שלום,$M$62,"יניב שפירא:
1 = תומך מאד
2 = תומך
3 = מתנגד
4 = מתנגד מאד",,scale,"יניב שפירא:
1 = תומך מאד
2 = תומך
3 = מתנגד
4 = מתנגד מאד",,unknown,,,scale,"1 = תומך מאד
2 = תומך
3 = מתנגד
4 = מתנגד מאד",,,,,,,,,,,,,,
שלום,$M$63,"יניב שפירא:
1 = כן, תקום
2 = לא, לא תקום",,scale,"יניב שפירא:
1 = כן, תקום
2 = לא, לא תקום",,unknown,,,scale,"1 = כן, תקום
2 = לא, לא תקום",,,,,,,,,,,,,,
שלום,$O$63,"יניב שפירא:
1 = סיכוי גבוה
2 = סיכוי נמוך",,scale,"יניב שפירא:
1 = סיכוי גבוה
2 = סיכוי נמוך",,unknown,,,scale,"1 = סיכוי גבוה
2 = סיכוי נמוך",,,,,,,,,,,,,,
שלום,$M$64,"יניב שפירא:
1 = תקום
2 = לא תקום",,scale,"יניב שפירא:
1 = תקום
2 = לא תקום",,unknown,,,scale,"1 = תקום
2 = לא תקום",,,,,,,,,,,,,,
שלום,$N$65,"יניב שפירא:
1 = תומך בהפרדה לטווח ארוך
2 = תומך בהפרדה, אבל רק לזמן מוגבל כפתרון לבעיית הטרור
3 = לא תומך בהפרדה כלל",,scale,"יניב שפירא:
1 = תומך בהפרדה לטווח ארוך
2 = תומך בהפרדה, אבל רק לזמן מוגבל כפתרון לבעיית הטרור
3 = לא תומך בהפרדה כלל",,unknown,,,scale,"1 = תומך בהפרדה לטווח ארוך
2 = תומך בהפרדה, אבל רק לזמן מוגבל כפתרון לבעיית הטרור
3 = לא תומך בהפרדה כלל",,,,,,,,,,,,,,
שלום,$N$66,"יניב שפירא:
1 = מסוגל בהחלט
2 = מסוגל
3 = לא מסוגל
4 = בהחלט לא מסוגל",,scale,"יניב שפירא:
1 = מסוגל בהחלט
2 = מסוגל
3 = לא מסוגל
4 = בהחלט לא מסוגל",,unknown,,,scale,"1 = מסוגל בהחלט
2 = מסוגל
3 = לא מסוגל
4 = בהחלט לא מסוגל",,,,,,,,,,,,,,
שלום,$N$67,"יניב שפירא:
1 = אין להמשיך את המו""מ עם אש""ף בגלל הטרור
2 = רק סיום מוצלח של המו""מ יביא להפסקת הטרור",,scale,"יניב שפירא:
1 = אין להמשיך את המו""מ עם אש""ף בגלל הטרור
2 = רק סיום מוצלח של המו""מ יביא להפסקת הטרור",,unknown,,,scale,"1 = אין להמשיך את המו""מ עם אש""ף בגלל הטרור
2 = רק סיום מוצלח של המו""מ יביא להפסקת הטרור",,,,,,,,,,,,,,
שלום,$O$67,"יניב שפירא:
1 = מוכנה למו""מ
2 = לא מוכנה למו""מ",,scale,"יניב שפירא:
1 = מוכנה למו""מ
2 = לא מוכנה למו""מ",,unknown,,,scale,"1 = מוכנה למו""מ
2 = לא מוכנה למו""מ",,,,,,,,,,,,,,
שלום,$O$68,"יניב שפירא:
1 = צריכה להיות מוכנה
2 = לא צריכה להיות מוכנה",,scale,"יניב שפירא:
1 = צריכה להיות מוכנה
2 = לא צריכה להיות מוכנה",,unknown,,,scale,"1 = צריכה להיות מוכנה
2 = לא צריכה להיות מוכנה",,,,,,,,,,,,,,
שלום,$N$69,"יניב שפירא:
1 = נכון מאד
2 = נכון
3 = לא כ""כ נכון
4 = לגמרי לא נכון",,scale,"יניב שפירא:
1 = נכון מאד
2 = נכון
3 = לא כ""כ נכון
4 = לגמרי לא נכון",,unknown,,,scale,"1 = נכון מאד
2 = נכון
3 = לא כ""כ נכון
4 = לגמרי לא נכון",,,,,,,,,,,,,,
שלום,$N$70,"יניב שפירא:
1 = מדינה פלסטינית בשטחי יו""ש ועזה
2 = קונפדרציה ירדנית-פלסטינית בשטחי יו""ש ועזה
3 = מסירת מרבית שטחי יו""ש ועזה לירדן
4 = ממשל עצמי לערבים תושבי השטחים
5 = סיפוח יו""ש ועזה תוך הענקת זכויות אזרח
6 = סיפוח יו""ש ועזה אך בלי הענקת זכויות אזרח
7 = סיפוח יו""ש ועזה וטרנספר לערבים משם",,scale,"יניב שפירא:
1 = מדינה פלסטינית בשטחי יו""ש ועזה
2 = קונפדרציה ירדנית-פלסטינית בשטחי יו""ש ועזה
3 = מסירת מרבית שטחי יו""ש ועזה לירדן
4 = ממשל עצמי לערבים תושבי השטחים
5 = סיפוח יו""ש ועזה תוך הענקת זכויות אזרח
6 = סיפוח יו""ש ועזה אך בלי הענקת זכויות אזרח
7 = סיפוח יו""ש ועזה וטרנספר לערבים משם",,unknown,,,scale,"1 = מדינה פלסטינית בשטחי יו""ש ועזה
2 = קונפדרציה ירדנית-פלסטינית בשטחי יו""ש ועזה
3 = מסירת מרבית שטחי יו""ש ועזה לירדן
4 = ממשל עצמי לערבים תושבי השטחים
5 = סיפוח יו""ש ועזה תוך הענקת זכויות אזרח
6 = סיפוח יו""ש ועזה אך בלי הענקת זכויות אזרח
7 = סיפוח יו""ש ועזה וטרנספר לערבים משם",,,,,,,,,,,,,,
שלום,$N$71,"יניב שפירא:
1 = מדינה פלסטינית בשטחי יו""ש ועזה
2 = קונפדרציה ירדנית-פלסטינית בשטחי יו""ש ועזה
3 = מסירת מרבית שטחי יו""ש ועזה לירדן
4 = ממשל עצמי לערבים תושבי השטחים
5 = סיפוח יו""ש ועזה תוך הענקת זכויות אזרח
6 = סיפוח יו""ש ועזה אך בלי הענקת זכויות אזרח
7 = סיפוח יו""ש ועזה וטרנספר לערבים משם
8 = ישאר אותו דבר",,scale,"יניב שפירא:
1 = מדינה פלסטינית בשטחי יו""ש ועזה
2 = קונפדרציה ירדנית-פלסטינית בשטחי יו""ש ועזה
3 = מסירת מרבית שטחי יו""ש ועזה לירדן
4 = ממשל עצמי לערבים תושבי השטחים
5 = סיפוח יו""ש ועזה תוך הענקת זכויות אזרח
6 = סיפוח יו""ש ועזה אך בלי הענקת זכויות אזרח
7 = סיפוח יו""ש ועזה וטרנספר לערבים משם
8 = ישאר אותו דבר",,unknown,,,scale,"1 = מדינה פלסטינית בשטחי יו""ש ועזה
2 = קונפדרציה ירדנית-פלסטינית בשטחי יו""ש ועזה
3 = מסירת מרבית שטחי יו""ש ועזה לירדן
4 = ממשל עצמי לערבים תושבי השטחים
5 = סיפוח יו""ש ועזה תוך הענקת זכויות אזרח
6 = סיפוח יו""ש ועזה אך בלי הענקת זכויות אזרח
7 = סיפוח יו""ש ועזה וטרנספר לערבים משם
8 = ישאר אותו דבר",,,,,,,,,,,,,,
שלום,$O$71,"יניב שפירא:
וגם a472",יניב שפירא,unknown,וגם a472,unknown,unknown,askedTwice,,askedTwice,וגם a472,,,,,,,,,,,,,,
שלום,$O$72,"יניב שפירא:
1 = תמורת הסכם השלום החזרת רוב שטחי יו""ש
2 = סיפוח יו""ש ועזה 
3 = סטטוס קוו",,scale,"יניב שפירא:
1 = תמורת הסכם השלום החזרת רוב שטחי יו""ש
2 = סיפוח יו""ש ועזה 
3 = סטטוס קוו",,unknown,,,scale,"1 = תמורת הסכם השלום החזרת רוב שטחי יו""ש
2 = סיפוח יו""ש ועזה 
3 = סטטוס קוו",,,,,,,,,,,,,,
שלום,$O$73,"יניב שפירא:
1 = שלום תמורת שטחים
2 = סיפוח",,scale,"יניב שפירא:
1 = שלום תמורת שטחים
2 = סיפוח",,unknown,,,scale,"1 = שלום תמורת שטחים
2 = סיפוח",,,,,,,,,,,,,,
שלום,$N$74,"יניב שפירא:
1 = בעד
2 = נגד",,scale,"יניב שפירא:
1 = בעד
2 = נגד",,unknown,,,scale,"1 = בעד
2 = נגד",,,,,,,,,,,,,,
שלום,$N$76,"יניב שפירא:
1 = יגדל מס' האנשים שמוכנים להחזיר
2 = יגדל מס' האנשים שלא מוכנים להחזיר",,scale,"יניב שפירא:
1 = יגדל מס' האנשים שמוכנים להחזיר
2 = יגדל מס' האנשים שלא מוכנים להחזיר",,unknown,,,scale,"1 = יגדל מס' האנשים שמוכנים להחזיר
2 = יגדל מס' האנשים שלא מוכנים להחזיר",,,,,,,,,,,,,,
שלום,$O$77,"יניב שפירא:
1 = בטוח שאפשר
2 = חושב שאפשרי
3 = חושב שבלתי אפשרי
4 = בטוח שבלתי אפשרי",,scale,"יניב שפירא:
1 = בטוח שאפשר
2 = חושב שאפשרי
3 = חושב שבלתי אפשרי
4 = בטוח שבלתי אפשרי",,unknown,,,scale,"1 = בטוח שאפשר
2 = חושב שאפשרי
3 = חושב שבלתי אפשרי
4 = בטוח שבלתי אפשרי",,,,,,,,,,,,,,
שלום,$O$78,"יניב שפירא:
1 = בטוח שיכולה
2 = חושב שיכולה
3 = חושב שלא יכולה
4 = בטוח שלא יכולה",,scale,"יניב שפירא:
1 = בטוח שיכולה
2 = חושב שיכולה
3 = חושב שלא יכולה
4 = בטוח שלא יכולה",,unknown,,,scale,"1 = בטוח שיכולה
2 = חושב שיכולה
3 = חושב שלא יכולה
4 = בטוח שלא יכולה",,,,,,,,,,,,,,
שלום,$O$79,"יניב שפירא:
1 = סיכויים גבוהים
2 = סיכויים בינוניים
3 = סיכויים נמוכים
4 = סיכויים קלושים",,scale,"יניב שפירא:
1 = סיכויים גבוהים
2 = סיכויים בינוניים
3 = סיכויים נמוכים
4 = סיכויים קלושים",,unknown,,,scale,"1 = סיכויים גבוהים
2 = סיכויים בינוניים
3 = סיכויים נמוכים
4 = סיכויים קלושים",,,,,,,,,,,,,,
שלום,$O$80,"יניב שפירא:
1 = לסיפוח השטחים
2 = למדינה פלסטינית
3 = לאוטונומיה של הפלסטינים תחת שלטון ישראלי כפתרון קבע",,scale,"יניב שפירא:
1 = לסיפוח השטחים
2 = למדינה פלסטינית
3 = לאוטונומיה של הפלסטינים תחת שלטון ישראלי כפתרון קבע",,unknown,,,scale,"1 = לסיפוח השטחים
2 = למדינה פלסטינית
3 = לאוטונומיה של הפלסטינים תחת שלטון ישראלי כפתרון קבע",,,,,,,,,,,,,,
שלום,$O$81,"יניב שפירא:
1 = תומך בהחלט
2 = תומך
3 = מתנגד
4 = מתנגד בהחלט",,scale,"יניב שפירא:
1 = תומך בהחלט
2 = תומך
3 = מתנגד
4 = מתנגד בהחלט",,unknown,,,scale,"1 = תומך בהחלט
2 = תומך
3 = מתנגד
4 = מתנגד בהחלט",,,,,,,,,,,,,,
שלום,$O$82,"יניב שפירא:
1 = תומך בכל תנאי
2 = רק במקומות חשובים מסיבה בטחונית
3 = מתנגד בכל תנאי",,scale,"יניב שפירא:
1 = תומך בכל תנאי
2 = רק במקומות חשובים מסיבה בטחונית
3 = מתנגד בכל תנאי",,unknown,,,scale,"1 = תומך בכל תנאי
2 = רק במקומות חשובים מסיבה בטחונית
3 = מתנגד בכל תנאי",,,,,,,,,,,,,,
שלום,$O$83,"יניב שפירא:
1 = רבין
2 = שמיר",,scale,"יניב שפירא:
1 = רבין
2 = שמיר",,unknown,,,scale,"1 = רבין
2 = שמיר",,,,,,,,,,,,,,
שלום,$O$84,"יניב שפירא:
1 = סיכוי גבוה
2 = סיכוי נמוך",,scale,"יניב שפירא:
1 = סיכוי גבוה
2 = סיכוי נמוך",,unknown,,,scale,"1 = סיכוי גבוה
2 = סיכוי נמוך",,,,,,,,,,,,,,
שלום,$P$85,"יניב שפירא:
1-4
1 = הכי חשוב
4 = הכי פחות חשוב",,scale,"יניב שפירא:
1-4
1 = הכי חשוב
4 = הכי פחות חשוב",,unknown,,,scale,"1-4
1 = הכי חשוב
4 = הכי פחות חשוב",,,,,,,,,,,,,,
שלום,$P$89,"יניב שפירא:
1 = בהחלט כן
2 = חושב שכן
3 = חושב שלא
4 = בטוח שלא",,scale,"יניב שפירא:
1 = בהחלט כן
2 = חושב שכן
3 = חושב שלא
4 = בטוח שלא",,unknown,,,scale,"1 = בהחלט כן
2 = חושב שכן
3 = חושב שלא
4 = בטוח שלא",,,,,,,,,,,,,,
שלום,$P$90,"יניב שפירא:
1 = מחייב
2 = שולל",,scale,"יניב שפירא:
1 = מחייב
2 = שולל",,unknown,,,scale,"1 = מחייב
2 = שולל",,,,,,,,,,,,,,
שלום,$P$91,"יניב שפירא:
1 = בעד
2 = נגד",,scale,"יניב שפירא:
1 = בעד
2 = נגד",,unknown,,,scale,"1 = בעד
2 = נגד",,,,,,,,,,,,,,
שלום,$L$92,"יניב שפירא:
1 = כן
2 = לא
3 = לא שירתתי בצבא",,scale,"יניב שפירא:
1 = כן
2 = לא
3 = לא שירתתי בצבא",,unknown,,,scale,"1 = כן
2 = לא
3 = לא שירתתי בצבא",,,,,,,,,,,,,,
שלום,$P$92,"יניב שפירא:
1 = כן
2 = לא
3 = לא משרת במילואים",,scale,"יניב שפירא:
1 = כן
2 = לא
3 = לא משרת במילואים",,unknown,,,scale,"1 = כן
2 = לא
3 = לא משרת במילואים",,,,,,,,,,,,,,
שלום,$P$93,"יניב שפירא:
1 = לא
2 = כן, בכמה?",,scale,"יניב שפירא:
1 = לא
2 = כן, בכמה?",,unknown,,,scale,"1 = לא
2 = כן, בכמה?",,,,,,,,,,,,,,
שלום,$Q$94,"יניב שפירא:
1 = אין לותר על שום שטח מיו""ש
2 = יש לוותר על חלק קטן מיו""ש
3 = יש לוותר על חלק מיו""ש
4 = יש לוותר כמעט על כל יו""ש
5 = יש לוותר על כל יו""ש",,scale,"יניב שפירא:
1 = אין לותר על שום שטח מיו""ש
2 = יש לוותר על חלק קטן מיו""ש
3 = יש לוותר על חלק מיו""ש
4 = יש לוותר כמעט על כל יו""ש
5 = יש לוותר על כל יו""ש",,unknown,,,scale,"1 = אין לותר על שום שטח מיו""ש
2 = יש לוותר על חלק קטן מיו""ש
3 = יש לוותר על חלק מיו""ש
4 = יש לוותר כמעט על כל יו""ש
5 = יש לוותר על כל יו""ש",,,,,,,,,,,,,,
שלום,$W$94,"יניב שפירא:
1 = לוותר על כל יו""ש
2 = לוותר כמעט על כל יו""ש
3 = לוותר על חלק מיו""ש
4 = לוותר על חלק קטן מיו""ש
5 = לא לוותר על שום חלק",,scale,"יניב שפירא:
1 = לוותר על כל יו""ש
2 = לוותר כמעט על כל יו""ש
3 = לוותר על חלק מיו""ש
4 = לוותר על חלק קטן מיו""ש
5 = לא לוותר על שום חלק",,unknown,,,scale,"1 = לוותר על כל יו""ש
2 = לוותר כמעט על כל יו""ש
3 = לוותר על חלק מיו""ש
4 = לוותר על חלק קטן מיו""ש
5 = לא לוותר על שום חלק",,,,,,,,,,,,,,
שלום,$Q$95,"יניב שפירא:
1 = עמדתי לא השתנתה
2 = נעשיתי מוכן יותר לויתורים
3 = נעשיתי מוכן פחות לויתורים",,scale,"יניב שפירא:
1 = עמדתי לא השתנתה
2 = נעשיתי מוכן יותר לויתורים
3 = נעשיתי מוכן פחות לויתורים",,unknown,,,scale,"1 = עמדתי לא השתנתה
2 = נעשיתי מוכן יותר לויתורים
3 = נעשיתי מוכן פחות לויתורים",,,,,,,,,,,,,,
שלום,$Q$96,"יניב שפירא:
1 = כן
2 = לא",,scale,"יניב שפירא:
1 = כן
2 = לא",,unknown,,,scale,"1 = כן
2 = לא",,,,,,,,,,,,,,
שלום,$T$97,"יניב שפירא:
1 = חשוב מאד
2 = חשוב
3 = לא חשוב
4 = לגמרי לא חשוב",,scale,"יניב שפירא:
1 = חשוב מאד
2 = חשוב
3 = לא חשוב
4 = לגמרי לא חשוב",,unknown,,,scale,"1 = חשוב מאד
2 = חשוב
3 = לא חשוב
4 = לגמרי לא חשוב",,,,,,,,,,,,,,
שלום,$T$98,"יניב שפירא:
1 = מסכים בהחלט
2 = מסכים
3 = לא מסכים
4 = לגמרי לא מסכים",,scale,"יניב שפירא:
1 = מסכים בהחלט
2 = מסכים
3 = לא מסכים
4 = לגמרי לא מסכים",,unknown,,,scale,"1 = מסכים בהחלט
2 = מסכים
3 = לא מסכים
4 = לגמרי לא מסכים",,,,,,,,,,,,,,
שלום,$AD$98,"יניב שפירא:
1 = לדעתי, אין להחזיר כלום
2 = יש להחזיר חלק קטן
3 = יש להחזיר חלק גדול
4 = יש להחזיר הכל",,scale,"יניב שפירא:
1 = לדעתי, אין להחזיר כלום
2 = יש להחזיר חלק קטן
3 = יש להחזיר חלק גדול
4 = יש להחזיר הכל",,unknown,,,scale,"1 = לדעתי, אין להחזיר כלום
2 = יש להחזיר חלק קטן
3 = יש להחזיר חלק גדול
4 = יש להחזיר הכל",,,,,,,,,,,,,,
שלום,$AE$98,"יניב שפירא:
1 = יש להחזיר הכל
2 = יש להחזיר חלק גדול
3 = יש להחזיר חלק קטן
4 = אין להחזיר  כלום",,scale,"יניב שפירא:
1 = יש להחזיר הכל
2 = יש להחזיר חלק גדול
3 = יש להחזיר חלק קטן
4 = אין להחזיר  כלום",,unknown,,,scale,"1 = יש להחזיר הכל
2 = יש להחזיר חלק גדול
3 = יש להחזיר חלק קטן
4 = אין להחזיר  כלום",,,,,,,,,,,,,,
שלום,$T$99,"יניב שפירא:
1 = בעד ויתור על כל השטחים
2 = בעד ויתור על חלק גדול מהשטחים
3 = בעד ויתור על חלק קטן מהשטחים
4 = אין להחזיר שטחים כלל",,scale,"יניב שפירא:
1 = בעד ויתור על כל השטחים
2 = בעד ויתור על חלק גדול מהשטחים
3 = בעד ויתור על חלק קטן מהשטחים
4 = אין להחזיר שטחים כלל",,unknown,,,scale,"1 = בעד ויתור על כל השטחים
2 = בעד ויתור על חלק גדול מהשטחים
3 = בעד ויתור על חלק קטן מהשטחים
4 = אין להחזיר שטחים כלל",,,,,,,,,,,,,,
שלום,$K$100,"יניב שפירא:
סולם 1-10
1 = רחוק ביותר
10 = קרוב ביותר",,scale,"יניב שפירא:
סולם 1-10
1 = רחוק ביותר
10 = קרוב ביותר",,unknown,,,scale,"סולם 1-10
1 = רחוק ביותר
10 = קרוב ביותר",,,,,,,,,,,,,,
שלום,$M$103,"יניב שפירא:
סולם 1-10
1 = רחוק ביותר
10 = קרוב ביותר",,scale,"יניב שפירא:
סולם 1-10
1 = רחוק ביותר
10 = קרוב ביותר",,unknown,,,scale,"סולם 1-10
1 = רחוק ביותר
10 = קרוב ביותר",,,,,,,,,,,,,,
שלום,$U$108,"יניב שפירא:
1 = במידה רבה מאד
2 = במידה רבה
3 = במידה מסויימת
4 = במידה מועטה
5 = בכלל לא",,scale,"יניב שפירא:
1 = במידה רבה מאד
2 = במידה רבה
3 = במידה מסויימת
4 = במידה מועטה
5 = בכלל לא",,unknown,,,scale,"1 = במידה רבה מאד
2 = במידה רבה
3 = במידה מסויימת
4 = במידה מועטה
5 = בכלל לא",,,,,,,,,,,,,,
שלום,$V$109,"יניב שפירא:
1 = לא צריכה להיות מוכנה כלל
2 = צריכה להיות במידה מועטה
3 = צריכה במידה מסויימת
4 = צריכה להיות מוכנה במידה רבה",,scale,"יניב שפירא:
1 = לא צריכה להיות מוכנה כלל
2 = צריכה להיות במידה מועטה
3 = צריכה במידה מסויימת
4 = צריכה להיות מוכנה במידה רבה",,unknown,,,scale,"1 = לא צריכה להיות מוכנה כלל
2 = צריכה להיות במידה מועטה
3 = צריכה במידה מסויימת
4 = צריכה להיות מוכנה במידה רבה",,,,,,,,,,,,,,
שלום,$Z$109,"יניב שפירא:
1 = במידה רבה
2 = במידה מסויימת
3 = במידה מועטה
4 = כלל לא",,scale,"יניב שפירא:
1 = במידה רבה
2 = במידה מסויימת
3 = במידה מועטה
4 = כלל לא",,unknown,,,scale,"1 = במידה רבה
2 = במידה מסויימת
3 = במידה מועטה
4 = כלל לא",,,,,,,,,,,,,,
שלום,$W$110,"יניב שפירא:
1 = תקרב במידה רבה
2 = תקרב במידה מסוימת
3 = תרחיק במידה מסוימת
4 = תרחיק במידה רבה
5 = לא תחזק ולא תחליש",,scale,"יניב שפירא:
1 = תקרב במידה רבה
2 = תקרב במידה מסוימת
3 = תרחיק במידה מסוימת
4 = תרחיק במידה רבה
5 = לא תחזק ולא תחליש",,unknown,,,scale,"1 = תקרב במידה רבה
2 = תקרב במידה מסוימת
3 = תרחיק במידה מסוימת
4 = תרחיק במידה רבה
5 = לא תחזק ולא תחליש",,,,,,,,,,,,,,
שלום,$X$111,"יניב שפירא:
1 = בהחלט יש לקיים בחירות
2 = אני חושב שיש לקיים בחירות
3 = אני חושב שהממשלה מוסמכת להחליט
4 = אני בטוח שהממשלה מוסמכת להחליט",,scale,"יניב שפירא:
1 = בהחלט יש לקיים בחירות
2 = אני חושב שיש לקיים בחירות
3 = אני חושב שהממשלה מוסמכת להחליט
4 = אני בטוח שהממשלה מוסמכת להחליט",,unknown,,,scale,"1 = בהחלט יש לקיים בחירות
2 = אני חושב שיש לקיים בחירות
3 = אני חושב שהממשלה מוסמכת להחליט
4 = אני בטוח שהממשלה מוסמכת להחליט",,,,,,,,,,,,,,
שלום,$AA$112,"יניב שפירא:
1 = בטוח שאתמוך
2 = חושב שאתמוך
3 = חושב שאתנגד
4 = בטוח שאתנגד",,scale,"יניב שפירא:
1 = בטוח שאתמוך
2 = חושב שאתמוך
3 = חושב שאתנגד
4 = בטוח שאתנגד",,unknown,,,scale,"1 = בטוח שאתמוך
2 = חושב שאתמוך
3 = חושב שאתנגד
4 = בטוח שאתנגד",,,,,,,,,,,,,,
שלום,$AA$114,"יניב שפירא:
1 = בטוח שאתמוך
2 = חושב שאתמוך
3 = חושב שאתנגד
4 = בטוח שאתנגד",,scale,"יניב שפירא:
1 = בטוח שאתמוך
2 = חושב שאתמוך
3 = חושב שאתנגד
4 = בטוח שאתנגד",,unknown,,,scale,"1 = בטוח שאתמוך
2 = חושב שאתמוך
3 = חושב שאתנגד
4 = בטוח שאתנגד",,,,,,,,,,,,,,
שלום,$AA$116,"יניב שפירא:
1 = בהחלט מאמין
2 = מאמין
3 = לא כ""כ מאמין
4 = בכלל לא מאמין",,scale,"יניב שפירא:
1 = בהחלט מאמין
2 = מאמין
3 = לא כ""כ מאמין
4 = בכלל לא מאמין",,unknown,,,scale,"1 = בהחלט מאמין
2 = מאמין
3 = לא כ""כ מאמין
4 = בכלל לא מאמין",,,,,,,,,,,,,,
שלום,$AB$117,"יניב שפירא:
1 = מסכים בהחלט
2 = מסכים
3 = מתנגד
4 = מתנגד בהחלט",,scale,"יניב שפירא:
1 = מסכים בהחלט
2 = מסכים
3 = מתנגד
4 = מתנגד בהחלט",,unknown,,,scale,"1 = מסכים בהחלט
2 = מסכים
3 = מתנגד
4 = מתנגד בהחלט",,,,,,,,,,,,,,
שלום,$AB$118,"יניב שפירא:
1 = מסכים בהחלט
2 = מסכים
3 = מתנגד
4 = מתנגד בהחלט",,scale,"יניב שפירא:
1 = מסכים בהחלט
2 = מסכים
3 = מתנגד
4 = מתנגד בהחלט",,unknown,,,scale,"1 = מסכים בהחלט
2 = מסכים
3 = מתנגד
4 = מתנגד בהחלט",,,,,,,,,,,,,,
שלום,$AG$119,"יניב שפירא:
1 = כן, חשבתי הרבה
2 = כן, חשבתי קצת
3 = כמעט ולא חשבתי
4 = לא חשבתי כלל",,scale,"יניב שפירא:
1 = כן, חשבתי הרבה
2 = כן, חשבתי קצת
3 = כמעט ולא חשבתי
4 = לא חשבתי כלל",,unknown,,,scale,"1 = כן, חשבתי הרבה
2 = כן, חשבתי קצת
3 = כמעט ולא חשבתי
4 = לא חשבתי כלל",,,,,,,,,,,,,,
שלום,$AH$120,"יניב שפירא:
1 = בהחלט להכריז
2 = אולי כדאי להכריז
3 = אולי לא כדאי להכריז
4 = בהחלט לא להכריז
5 = אין דעה",,scale,"יניב שפירא:
1 = בהחלט להכריז
2 = אולי כדאי להכריז
3 = אולי לא כדאי להכריז
4 = בהחלט לא להכריז
5 = אין דעה",,unknown,,,scale,"1 = בהחלט להכריז
2 = אולי כדאי להכריז
3 = אולי לא כדאי להכריז
4 = בהחלט לא להכריז
5 = אין דעה",,,,,,,,,,,,,,
שלום,$AH$121,"יניב שפירא:
1 = בהחלט מוכן
2 = מוכן
3 = מסתייג
4 = לא מוכן
5 = בהחלט לא מוכן",,scale,"יניב שפירא:
1 = בהחלט מוכן
2 = מוכן
3 = מסתייג
4 = לא מוכן
5 = בהחלט לא מוכן",,unknown,,,scale,"1 = בהחלט מוכן
2 = מוכן
3 = מסתייג
4 = לא מוכן
5 = בהחלט לא מוכן",,,,,,,,,,,,,,
שלום,$AH$122,"יניב שפירא:
1 = בהחלט מוכן
2 = מוכן
3 = מסתייג
4 = לא מוכן
5 = בהחלט לא מוכן",,scale,"יניב שפירא:
1 = בהחלט מוכן
2 = מוכן
3 = מסתייג
4 = לא מוכן
5 = בהחלט לא מוכן",,unknown,,,scale,"1 = בהחלט מוכן
2 = מוכן
3 = מסתייג
4 = לא מוכן
5 = בהחלט לא מוכן",,,,,,,,,,,,,,
שלום,$AH$123,"יניב שפירא:
1 = בהחלט מסכים
2 = מסכים
3 = מסתייג
4 = לא מסכים
5 = בהחלט לא מסכים",,scale,"יניב שפירא:
1 = בהחלט מסכים
2 = מסכים
3 = מסתייג
4 = לא מסכים
5 = בהחלט לא מסכים",,unknown,,,scale,"1 = בהחלט מסכים
2 = מסכים
3 = מסתייג
4 = לא מסכים
5 = בהחלט לא מסכים",,,,,,,,,,,,,,
שלום,$AH$124,"יניב שפירא:
1 = כל ערביי ישראל עוינים את היהודים
2 = רוב ערביי ישראל עוינים את היהודים
3 = חלק מערביי ישראל עוינים את היהודים
4 = אף אחד מערביי ישראל אינו עוין את היהודים",,scale,"יניב שפירא:
1 = כל ערביי ישראל עוינים את היהודים
2 = רוב ערביי ישראל עוינים את היהודים
3 = חלק מערביי ישראל עוינים את היהודים
4 = אף אחד מערביי ישראל אינו עוין את היהודים",,unknown,,,scale,"1 = כל ערביי ישראל עוינים את היהודים
2 = רוב ערביי ישראל עוינים את היהודים
3 = חלק מערביי ישראל עוינים את היהודים
4 = אף אחד מערביי ישראל אינו עוין את היהודים",,,,,,,,,,,,,,
שלום,$AH$125,"יניב שפירא:
1 = כל ערביי ישראל עוינים את מדינת ישראל
2 = רוב ערביי ישראל עוינים את מדינת ישראל
3 = חלק מערביי ישראל עוינים את מדינת ישראל
4 = אף אחד מערביי ישראל אינו עוין את מדינת ישראל",,scale,"יניב שפירא:
1 = כל ערביי ישראל עוינים את מדינת ישראל
2 = רוב ערביי ישראל עוינים את מדינת ישראל
3 = חלק מערביי ישראל עוינים את מדינת ישראל
4 = אף אחד מערביי ישראל אינו עוין את מדינת ישראל",,unknown,,,scale,"1 = כל ערביי ישראל עוינים את מדינת ישראל
2 = רוב ערביי ישראל עוינים את מדינת ישראל
3 = חלק מערביי ישראל עוינים את מדינת ישראל
4 = אף אחד מערביי ישראל אינו עוין את מדינת ישראל",,,,,,,,,,,,,,
שלום,$AH$126,"יניב שפירא:
1 = לדעתי אין להחזיר כלום
2 = להחזיר חלק קטן
3 = להחזיר את רוב השטחים
4 = להחזיר את כל השטחים",,scale,"יניב שפירא:
1 = לדעתי אין להחזיר כלום
2 = להחזיר חלק קטן
3 = להחזיר את רוב השטחים
4 = להחזיר את כל השטחים",,unknown,,,scale,"1 = לדעתי אין להחזיר כלום
2 = להחזיר חלק קטן
3 = להחזיר את רוב השטחים
4 = להחזיר את כל השטחים",,,,,,,,,,,,,,
שלום,$B$127,"adi:
1 = שתי מדינות
2 = מדינה אחת מהירדן לים עם שוויון זכויות מלא לפלסטינים
3 = מדינה אחת מהירדן לים בשלטון ישראל ללא זכויות פוליטיות לפלסטינים
4 = אחר (פרט):_______",,scale,"adi:
1 = שתי מדינות
2 = מדינה אחת מהירדן לים עם שוויון זכויות מלא לפלסטינים
3 = מדינה אחת מהירדן לים בשלטון ישראל ללא זכויות פוליטיות לפלסטינים
4 = אחר (פרט):_______",,unknown,,,scale,"1 = שתי מדינות
2 = מדינה אחת מהירדן לים עם שוויון זכויות מלא לפלסטינים
3 = מדינה אחת מהירדן לים בשלטון ישראל ללא זכויות פוליטיות לפלסטינים
4 = אחר (פרט):_______",,,,,,,,,,,,,,
דמוקרטיה,$D$2,"יניב שפירא:
1-10
1 = כלל לא דמוקרטית
10 = דמוקרטית לגמרי",,scale,"יניב שפירא:
1-10
1 = כלל לא דמוקרטית
10 = דמוקרטית לגמרי",,unknown,,,scale,"1-10
1 = כלל לא דמוקרטית
10 = דמוקרטית לגמרי",,,,,,,,,,,,,,
דמוקרטיה,$A$3,"יניב שפירא:
שאלות 119-128
לא מקודדות אצלי בstata
גם ב2020 וגם ב2019
* ב2019 השאלה בכחול
* גם ב2021",,scale,"יניב שפירא:
שאלות 119-128
לא מקודדות אצלי בstata
גם ב2020 וגם ב2019
* ב2019 השאלה בכחול
* גם ב2021",,unknown,,,scale,"שאלות 119-128
לא מקודדות אצלי בstata
גם ב2020 וגם ב2019
* ב2019 השאלה בכחול
* גם ב2021",,,,,,,,,,,,,,
דמוקרטיה,$D$3,"יניב שפירא:
1 = כלל לא מסכים
2 = לא כ""כ מסכים
3 = די מסכים
4 = מאד מסכים",,scale,"יניב שפירא:
1 = כלל לא מסכים
2 = לא כ""כ מסכים
3 = די מסכים
4 = מאד מסכים",,unknown,,,scale,"1 = כלל לא מסכים
2 = לא כ""כ מסכים
3 = די מסכים
4 = מאד מסכים",,,,,,,,,,,,,,
דמוקרטיה,$G$7,"יניב שפירא:
1 = כלל לא מסכים
2 = לא מסכים
3 = מסכים
4 = מסכים מאד",,scale,"יניב שפירא:
1 = כלל לא מסכים
2 = לא מסכים
3 = מסכים
4 = מסכים מאד",,unknown,,,scale,"1 = כלל לא מסכים
2 = לא מסכים
3 = מסכים
4 = מסכים מאד",,,,,,,,,,,,,,
דמוקרטיה,$D$9,"יניב שפירא:
1 = כלל אין אמון
2 = אמון מועט
3 = אמון רב
4 = אמון רב מאד",,scale,"יניב שפירא:
1 = כלל אין אמון
2 = אמון מועט
3 = אמון רב
4 = אמון רב מאד",,unknown,,,scale,"1 = כלל אין אמון
2 = אמון מועט
3 = אמון רב
4 = אמון רב מאד",,,,,,,,,,,,,,
דמוקרטיה,$M$11,"יניב שפירא:
1 = כלל אין לי אמון
2 = במידה מועטה
3 = במידה מסוימת
4 = במידה רבה",,scale,"יניב שפירא:
1 = כלל אין לי אמון
2 = במידה מועטה
3 = במידה מסוימת
4 = במידה רבה",,unknown,,,scale,"1 = כלל אין לי אמון
2 = במידה מועטה
3 = במידה מסוימת
4 = במידה רבה",,,,,,,,,,,,,,
דמוקרטיה,$M$18,"יניב שפירא:
1 = בכלל לא
2 = במידה מועטה
3 = במידה מסוימת
4 = במידה רבה",,scale,"יניב שפירא:
1 = בכלל לא
2 = במידה מועטה
3 = במידה מסוימת
4 = במידה רבה",,unknown,,,scale,"1 = בכלל לא
2 = במידה מועטה
3 = במידה מסוימת
4 = במידה רבה",,,,,,,,,,,,,,
דמוקרטיה,$D$23,"יניב שפירא:
1 = מודל קלאסי - שלטון העם (11-16)
2 = דמוקרטיה כשוויון (20-26)
3 = דמוקרטיה ליברלית - חופש (31-49)
4 = דמוקרטיה ליברלית - מוסדות ופרוצדורות (51-62)
5 = תחרות פוליטית ואפשרות בחירה (71-72)
6 = תנאים חברתיים (80-89)
7 = מגבלות על הדמוקרטיה/תפיסות לא דמוקרטיות (90-97)
8 = אחר (0-9)",,scale,"יניב שפירא:
1 = מודל קלאסי - שלטון העם (11-16)
2 = דמוקרטיה כשוויון (20-26)
3 = דמוקרטיה ליברלית - חופש (31-49)
4 = דמוקרטיה ליברלית - מוסדות ופרוצדורות (51-62)
5 = תחרות פוליטית ואפשרות בחירה (71-72)
6 = תנאים חברתיים (80-89)
7 = מגבלות על הדמוקרטיה/תפיסות לא דמוקרטיות (90-97)
8 = אחר (0-9)",,unknown,,,scale,"1 = מודל קלאסי - שלטון העם (11-16)
2 = דמוקרטיה כשוויון (20-26)
3 = דמוקרטיה ליברלית - חופש (31-49)
4 = דמוקרטיה ליברלית - מוסדות ופרוצדורות (51-62)
5 = תחרות פוליטית ואפשרות בחירה (71-72)
6 = תנאים חברתיים (80-89)
7 = מגבלות על הדמוקרטיה/תפיסות לא דמוקרטיות (90-97)
8 = אחר (0-9)",,,,,,,,,,,,,,
דמוקרטיה,$D$24,"יניב שפירא:
1 = מאד לא מרוצה
2 = לא מרוצה
3 = מרוצה
4 = מרוצה מאד
8 = לא יודע
9 = מסרב",,scale,"יניב שפירא:
1 = מאד לא מרוצה
2 = לא מרוצה
3 = מרוצה
4 = מרוצה מאד
8 = לא יודע
9 = מסרב",,unknown,,,scale,"1 = מאד לא מרוצה
2 = לא מרוצה
3 = מרוצה
4 = מרוצה מאד
8 = לא יודע
9 = מסרב",,,,,,,,,,,,,,
דמוקרטיה,$M$24,"יניב שפירא:
1 = מאד מרוצה
2 = מרוצה
3 = לא מרוצה
4 = מאד לא מרוצה",,scale,"יניב שפירא:
1 = מאד מרוצה
2 = מרוצה
3 = לא מרוצה
4 = מאד לא מרוצה",,unknown,,,scale,"1 = מאד מרוצה
2 = מרוצה
3 = לא מרוצה
4 = מאד לא מרוצה",,,,,,,,,,,,,,
דמוקרטיה,$M$25,"יניב שפירא:
1 = מאד לא מרוצה
2 = לא מרוצה
3 = מרוצה
4 = מרוצה מאד",,scale,"יניב שפירא:
1 = מאד לא מרוצה
2 = לא מרוצה
3 = מרוצה
4 = מרוצה מאד",,unknown,,,scale,"1 = מאד לא מרוצה
2 = לא מרוצה
3 = מרוצה
4 = מרוצה מאד",,,,,,,,,,,,,,
דמוקרטיה,$F$26,"יניב שפירא:
1-10
1 = כלל לא חשוב
1 = חשוב לחלוטין",,scale,"יניב שפירא:
1-10
1 = כלל לא חשוב
1 = חשוב לחלוטין",,unknown,,,scale,"1-10
1 = כלל לא חשוב
1 = חשוב לחלוטין",,,,,,,,,,,,,,
דמוקרטיה,$O$27,"יניב שפירא:
1 = במידה רבה
2 = במידה מסוימת
3 = במידה מועטה
4 = כלל לא",,scale,"יניב שפירא:
1 = במידה רבה
2 = במידה מסוימת
3 = במידה מועטה
4 = כלל לא",,unknown,,,scale,"1 = במידה רבה
2 = במידה מסוימת
3 = במידה מועטה
4 = כלל לא",,,,,,,,,,,,,,
דמוקרטיה,$O$28,"יניב שפירא:
1 = סיכוי גבוה
2 = סיכוי נמוך",,scale,"יניב שפירא:
1 = סיכוי גבוה
2 = סיכוי נמוך",,unknown,,,scale,"1 = סיכוי גבוה
2 = סיכוי נמוך",,,,,,,,,,,,,,
דמוקרטיה,$I$29,"יניב שפירא:
1 = בהחלט לא מסכים
2 = לא מסכים
3 = מסכים
4 = מסכים בהחלט",,scale,"יניב שפירא:
1 = בהחלט לא מסכים
2 = לא מסכים
3 = מסכים
4 = מסכים בהחלט",,unknown,,,scale,"1 = בהחלט לא מסכים
2 = לא מסכים
3 = מסכים
4 = מסכים בהחלט",,,,,,,,,,,,,,
דמוקרטיה,$Q$29,"יניב שפירא:
1 = מסכים בהחלט
2 = מסכים
3 = לא בטוח
4 = לא מסכים
5 = כלל לא מסכים",,scale,"יניב שפירא:
1 = מסכים בהחלט
2 = מסכים
3 = לא בטוח
4 = לא מסכים
5 = כלל לא מסכים",,unknown,,,scale,"1 = מסכים בהחלט
2 = מסכים
3 = לא בטוח
4 = לא מסכים
5 = כלל לא מסכים",,,,,,,,,,,,,,
דמוקרטיה,$U$29,"יניב שפירא:
1 = מסכים בהחלט
2 = מסכים
3 = לא בטוח
4 = לא מסכים
5 = בהחלט לא מסכים",,scale,"יניב שפירא:
1 = מסכים בהחלט
2 = מסכים
3 = לא בטוח
4 = לא מסכים
5 = בהחלט לא מסכים",,unknown,,,scale,"1 = מסכים בהחלט
2 = מסכים
3 = לא בטוח
4 = לא מסכים
5 = בהחלט לא מסכים",,,,,,,,,,,,,,
דמוקרטיה,$I$30,"יניב שפירא:
1 = בהחלט לא מסכים
2 = לא מסכים
3 = מסכים
4 = מסכים בהחלט",,scale,"יניב שפירא:
1 = בהחלט לא מסכים
2 = לא מסכים
3 = מסכים
4 = מסכים בהחלט",,unknown,,,scale,"1 = בהחלט לא מסכים
2 = לא מסכים
3 = מסכים
4 = מסכים בהחלט",,,,,,,,,,,,,,
דמוקרטיה,$A$31,"יניב שפירא:
יהודים בלבד",יניב שפירא,unknown,יהודים בלבד,sector,unknown,,,sector,יהודים בלבד,,,,,,,,,,,,,,
דמוקרטיה,$L$31,"יניב שפירא:
1 = בטוח שרק יהודים
2 = חושב שרק יהודים
3 = חושב שגם ערבים
4 = בטוח שגם ערבים",,scale,"יניב שפירא:
1 = בטוח שרק יהודים
2 = חושב שרק יהודים
3 = חושב שגם ערבים
4 = בטוח שגם ערבים",,unknown,,,scale,"1 = בטוח שרק יהודים
2 = חושב שרק יהודים
3 = חושב שגם ערבים
4 = בטוח שגם ערבים",,,,,,,,,,,,,,
דמוקרטיה,$M$32,"יניב שפירא:
1 = מאד מרוצה
2 = מרוצה
3 = לא מרוצה
4 = מאד לא מרוצה",,scale,"יניב שפירא:
1 = מאד מרוצה
2 = מרוצה
3 = לא מרוצה
4 = מאד לא מרוצה",,unknown,,,scale,"1 = מאד מרוצה
2 = מרוצה
3 = לא מרוצה
4 = מאד לא מרוצה",,,,,,,,,,,,,,
דמוקרטיה,$N$33,"יניב שפירא:
1 = מסכים בהחלט
2 = די מסכים
3 = די מתנגד
4 = מתנגד בהחלט",,scale,"יניב שפירא:
1 = מסכים בהחלט
2 = די מסכים
3 = די מתנגד
4 = מתנגד בהחלט",,unknown,,,scale,"1 = מסכים בהחלט
2 = די מסכים
3 = די מתנגד
4 = מתנגד בהחלט",,,,,,,,,,,,,,
דמוקרטיה,$S$34,"יניב שפירא:
1 = הגדלת זכויות אזרח, כולל מתן זכות הצבעה לכנסת
2 = הגדלת זכויות אזרח, אך בלי להצביע בכנסת
3 = השארת המצב כמו שהוא
4 = הפחתת זכויות אזרח",,scale,"יניב שפירא:
1 = הגדלת זכויות אזרח, כולל מתן זכות הצבעה לכנסת
2 = הגדלת זכויות אזרח, אך בלי להצביע בכנסת
3 = השארת המצב כמו שהוא
4 = הפחתת זכויות אזרח",,unknown,,,scale,"1 = הגדלת זכויות אזרח, כולל מתן זכות הצבעה לכנסת
2 = הגדלת זכויות אזרח, אך בלי להצביע בכנסת
3 = השארת המצב כמו שהוא
4 = הפחתת זכויות אזרח",,,,,,,,,,,,,,
דמוקרטיה,$O$35,"יניב שפירא:
1 = זכויות אזרח מלאות כולל זכות הצבעה
2 = זכויות אזרח ללא זכות הצבעה
3 = השארת המצב כמו שהוא
4 = הפחתת הזכויות הניתנות כיום",,scale,"יניב שפירא:
1 = זכויות אזרח מלאות כולל זכות הצבעה
2 = זכויות אזרח ללא זכות הצבעה
3 = השארת המצב כמו שהוא
4 = הפחתת הזכויות הניתנות כיום",,unknown,,,scale,"1 = זכויות אזרח מלאות כולל זכות הצבעה
2 = זכויות אזרח ללא זכות הצבעה
3 = השארת המצב כמו שהוא
4 = הפחתת הזכויות הניתנות כיום",,,,,,,,,,,,,,
דמוקרטיה,$I$36,"יניב שפירא:
1 = תומך בפסילת שתי המפלגות
2 = תומך רק בפסילת בל""ד
3 = תומך רק בפסילת רע""ם-תע""ל
4 = מתנגד לפסילת שתי המפלגות",,scale,"יניב שפירא:
1 = תומך בפסילת שתי המפלגות
2 = תומך רק בפסילת בל""ד
3 = תומך רק בפסילת רע""ם-תע""ל
4 = מתנגד לפסילת שתי המפלגות",,unknown,,,scale,"1 = תומך בפסילת שתי המפלגות
2 = תומך רק בפסילת בל""ד
3 = תומך רק בפסילת רע""ם-תע""ל
4 = מתנגד לפסילת שתי המפלגות",,,,,,,,,,,,,,
דמוקרטיה,$P$37,"יניב שפירא:
1 = בעד
2 = נגד",,scale,"יניב שפירא:
1 = בעד
2 = נגד",,unknown,,,scale,"1 = בעד
2 = נגד",,,,,,,,,,,,,,
דמוקרטיה,$P$38,"יניב שפירא:
1 = יותר מדי פיקוח
2 = מידה מתאימה
3 = פחות מדי פיקוח",,scale,"יניב שפירא:
1 = יותר מדי פיקוח
2 = מידה מתאימה
3 = פחות מדי פיקוח",,unknown,,,scale,"1 = יותר מדי פיקוח
2 = מידה מתאימה
3 = פחות מדי פיקוח",,,,,,,,,,,,,,
דמוקרטיה,$Q$39,"יניב שפירא:
1 = מסכים בהחלט
2 = מסכים
3 = לא בטוח
4 = לא מסכים
5 = בהחלט לא מסכים",,scale,"יניב שפירא:
1 = מסכים בהחלט
2 = מסכים
3 = לא בטוח
4 = לא מסכים
5 = בהחלט לא מסכים",,unknown,,,scale,"1 = מסכים בהחלט
2 = מסכים
3 = לא בטוח
4 = לא מסכים
5 = בהחלט לא מסכים",,,,,,,,,,,,,,
דמוקרטיה,$Q$44,"יניב שפירא:
1 = בהחלט בעד הוצאתה
2 = בעד הוצאתה
3 = לא בטוח
4 = נגד הוצאתה
5 = בהחלט נגד הוצאתה",,scale,"יניב שפירא:
1 = בהחלט בעד הוצאתה
2 = בעד הוצאתה
3 = לא בטוח
4 = נגד הוצאתה
5 = בהחלט נגד הוצאתה",,unknown,,,scale,"1 = בהחלט בעד הוצאתה
2 = בעד הוצאתה
3 = לא בטוח
4 = נגד הוצאתה
5 = בהחלט נגד הוצאתה",,,,,,,,,,,,,,
דמוקרטיה,$Q$49,"יניב שפירא:
1 = בהחלט מסכים
2 = מסכים
3 = לא בטוח
4 = לא מסכים
5 = בהחלט לא מסכים",,scale,"יניב שפירא:
1 = בהחלט מסכים
2 = מסכים
3 = לא בטוח
4 = לא מסכים
5 = בהחלט לא מסכים",,unknown,,,scale,"1 = בהחלט מסכים
2 = מסכים
3 = לא בטוח
4 = לא מסכים
5 = בהחלט לא מסכים",,,,,,,,,,,,,,
דמוקרטיה,$Q$54,"יניב שפירא:
1 = מסכים בהחלט
2 = מסכים
3 = לא בטוח
4 = לא מסכים
5 = כלל לא מסכים",,scale,"יניב שפירא:
1 = מסכים בהחלט
2 = מסכים
3 = לא בטוח
4 = לא מסכים
5 = כלל לא מסכים",,unknown,,,scale,"1 = מסכים בהחלט
2 = מסכים
3 = לא בטוח
4 = לא מסכים
5 = כלל לא מסכים",,,,,,,,,,,,,,
דמוקרטיה,$V$55,"יניב שפירא:
1 = מסכים בהחלט
2 = מסכים
3 = מתנגד
4 = מתנגד בהחלט",,scale,"יניב שפירא:
1 = מסכים בהחלט
2 = מסכים
3 = מתנגד
4 = מתנגד בהחלט",,unknown,,,scale,"1 = מסכים בהחלט
2 = מסכים
3 = מתנגד
4 = מתנגד בהחלט",,,,,,,,,,,,,,
דמוקרטיה,$S$62,"יניב שפירא:
1 = קולותיהם של הבוחרים יכולים במידה רבה לשנות את המדיניות
2 = יכולים לשנות במידה מסוימת
3 = במידה מועטה
4 = בכלל לא יכולים לשנות",,scale,"יניב שפירא:
1 = קולותיהם של הבוחרים יכולים במידה רבה לשנות את המדיניות
2 = יכולים לשנות במידה מסוימת
3 = במידה מועטה
4 = בכלל לא יכולים לשנות",,unknown,,,scale,"1 = קולותיהם של הבוחרים יכולים במידה רבה לשנות את המדיניות
2 = יכולים לשנות במידה מסוימת
3 = במידה מועטה
4 = בכלל לא יכולים לשנות",,,,,,,,,,,,,,
דמוקרטיה,$AF$62,"יניב שפירא:
1 = מאוד מסכים עם הטענה
2 = מסכים עם הטענה
3 = מסתייג מהטענה
4 = מתנגד בהחלט לטענה",,scale,"יניב שפירא:
1 = מאוד מסכים עם הטענה
2 = מסכים עם הטענה
3 = מסתייג מהטענה
4 = מתנגד בהחלט לטענה",,unknown,,,scale,"1 = מאוד מסכים עם הטענה
2 = מסכים עם הטענה
3 = מסתייג מהטענה
4 = מתנגד בהחלט לטענה",,,,,,,,,,,,,,
דמוקרטיה,$V$63,"יניב שפירא:
1 = אני בטוח שאנו זקוקים למפלגה שקיבלה רוב מוחלט
2 = ייתכן שאנו זקוקים למפלגה שקיבלה רוב מוחלט
3 = ייתכן שמפלגה הקיבלה רוב מוחלט מסכנת את הדמוקרטיה
4 = אני בטוח שמפלגה שקיבלה רוב מוחלט מסכנת את הדמוקרטיה",,scale,"יניב שפירא:
1 = אני בטוח שאנו זקוקים למפלגה שקיבלה רוב מוחלט
2 = ייתכן שאנו זקוקים למפלגה שקיבלה רוב מוחלט
3 = ייתכן שמפלגה הקיבלה רוב מוחלט מסכנת את הדמוקרטיה
4 = אני בטוח שמפלגה שקיבלה רוב מוחלט מסכנת את הדמוקרטיה",,unknown,,,scale,"1 = אני בטוח שאנו זקוקים למפלגה שקיבלה רוב מוחלט
2 = ייתכן שאנו זקוקים למפלגה שקיבלה רוב מוחלט
3 = ייתכן שמפלגה הקיבלה רוב מוחלט מסכנת את הדמוקרטיה
4 = אני בטוח שמפלגה שקיבלה רוב מוחלט מסכנת את הדמוקרטיה",,,,,,,,,,,,,,
דמוקרטיה,$AB$64,"יניב שפירא:
1 = במידה רבה
2 = במידה מסוימת
3 = במידה מועטה
4 = כלל לא",,scale,"יניב שפירא:
1 = במידה רבה
2 = במידה מסוימת
3 = במידה מועטה
4 = כלל לא",,unknown,,,scale,"1 = במידה רבה
2 = במידה מסוימת
3 = במידה מועטה
4 = כלל לא",,,,,,,,,,,,,,
דמוקרטיה,$AD$64,"יניב שפירא:
1 = במידה רבה
2 = במידה מסוימת
3 = במידה מועטה
4 = כלל לא",,scale,"יניב שפירא:
1 = במידה רבה
2 = במידה מסוימת
3 = במידה מועטה
4 = כלל לא",,unknown,,,scale,"1 = במידה רבה
2 = במידה מסוימת
3 = במידה מועטה
4 = כלל לא",,,,,,,,,,,,,,
דמוקרטיה,$AD$65,"יניב שפירא:
1 = במידה רבה
2 = במידה מסוימת
3 = במידה מועטה
4 = כלל לא",,scale,"יניב שפירא:
1 = במידה רבה
2 = במידה מסוימת
3 = במידה מועטה
4 = כלל לא",,unknown,,,scale,"1 = במידה רבה
2 = במידה מסוימת
3 = במידה מועטה
4 = כלל לא",,,,,,,,,,,,,,
דמוקרטיה,$AB$66,"יניב שפירא:
1 = במידה רבה
2 = במידה מסוימת
3 = במידה מועטה
4 = כלל לא",,scale,"יניב שפירא:
1 = במידה רבה
2 = במידה מסוימת
3 = במידה מועטה
4 = כלל לא",,unknown,,,scale,"1 = במידה רבה
2 = במידה מסוימת
3 = במידה מועטה
4 = כלל לא",,,,,,,,,,,,,,
דמוקרטיה,$AD$66,"יניב שפירא:
1 = במידה רבה
2 = במידה מסוימת
3 = במידה מועטה
4 = כלל לא",,scale,"יניב שפירא:
1 = במידה רבה
2 = במידה מסוימת
3 = במידה מועטה
4 = כלל לא",,unknown,,,scale,"1 = במידה רבה
2 = במידה מסוימת
3 = במידה מועטה
4 = כלל לא",,,,,,,,,,,,,,
דמוקרטיה,$AD$67,"יניב שפירא:
1 = במידה רבה
2 = במידה מסוימת
3 = במידה מועטה
4 = כלל לא",,scale,"יניב שפירא:
1 = במידה רבה
2 = במידה מסוימת
3 = במידה מועטה
4 = כלל לא",,unknown,,,scale,"1 = במידה רבה
2 = במידה מסוימת
3 = במידה מועטה
4 = כלל לא",,,,,,,,,,,,,,
דמוקרטיה,$AC$68,"יניב שפירא:
1 = במידה רבה
2 = במידה מסוימת
3 = במידה מועטה
4 = כלל לא",,scale,"יניב שפירא:
1 = במידה רבה
2 = במידה מסוימת
3 = במידה מועטה
4 = כלל לא",,unknown,,,scale,"1 = במידה רבה
2 = במידה מסוימת
3 = במידה מועטה
4 = כלל לא",,,,,,,,,,,,,,
דמוקרטיה,$AC$69,"יניב שפירא:
1 = בהחלט צריך להצביע
2 = יתכן שצריך
3 = יתכן שלא צריך
4 = בהחלט לא צריך",,scale,"יניב שפירא:
1 = בהחלט צריך להצביע
2 = יתכן שצריך
3 = יתכן שלא צריך
4 = בהחלט לא צריך",,unknown,,,scale,"1 = בהחלט צריך להצביע
2 = יתכן שצריך
3 = יתכן שלא צריך
4 = בהחלט לא צריך",,,,,,,,,,,,,,
דמוקרטיה,$AB$70,"יניב שפירא:
1 = מסכים בהחלט
2 = מסכים
3 = לא כ""כ מסכים
4 = לא מסכים כלל",,scale,"יניב שפירא:
1 = מסכים בהחלט
2 = מסכים
3 = לא כ""כ מסכים
4 = לא מסכים כלל",,unknown,,,scale,"1 = מסכים בהחלט
2 = מסכים
3 = לא כ""כ מסכים
4 = לא מסכים כלל",,,,,,,,,,,,,,
דמוקרטיה,$AD$71,"יניב שפירא:
1 = בהחלט מסכים
2 = מסכים
3 = לא כ""כ מסכים
4 = בכלל לא מסכים",,scale,"יניב שפירא:
1 = בהחלט מסכים
2 = מסכים
3 = לא כ""כ מסכים
4 = בכלל לא מסכים",,unknown,,,scale,"1 = בהחלט מסכים
2 = מסכים
3 = לא כ""כ מסכים
4 = בכלל לא מסכים",,,,,,,,,,,,,,
דמוקרטיה,$AD$72,"יניב שפירא:
1 = בהחלט כן
2 = אולי כן
3 = אולי לא
4 = בהחלט לא",,scale,"יניב שפירא:
1 = בהחלט כן
2 = אולי כן
3 = אולי לא
4 = בהחלט לא",,unknown,,,scale,"1 = בהחלט כן
2 = אולי כן
3 = אולי לא
4 = בהחלט לא",,,,,,,,,,,,,,
דמוקרטיה,$AD$73,"יניב שפירא:
1 = בהחלט מסכים
2 = מסכים
3 = לא כ""כ מסכים
4 = בהחלט לא מסכים",,scale,"יניב שפירא:
1 = בהחלט מסכים
2 = מסכים
3 = לא כ""כ מסכים
4 = בהחלט לא מסכים",,unknown,,,scale,"1 = בהחלט מסכים
2 = מסכים
3 = לא כ""כ מסכים
4 = בהחלט לא מסכים",,,,,,,,,,,,,,
דמוקרטיה,$AD$74,"יניב שפירא:
1 = מאוד חשוב
2 = חשוב
3 = לא כ""כ חשוב
4 = לא חשוב כלל",,scale,"יניב שפירא:
1 = מאוד חשוב
2 = חשוב
3 = לא כ""כ חשוב
4 = לא חשוב כלל",,unknown,,,scale,"1 = מאוד חשוב
2 = חשוב
3 = לא כ""כ חשוב
4 = לא חשוב כלל",,,,,,,,,,,,,,
דמוקרטיה,$AD$75,"יניב שפירא:
1 = מוטב מפלגה אחת
2 = מוטב מס' מפלגות
3 = הבחירות אינן פוגעות בליכוד העם",,scale,"יניב שפירא:
1 = מוטב מפלגה אחת
2 = מוטב מס' מפלגות
3 = הבחירות אינן פוגעות בליכוד העם",,unknown,,,scale,"1 = מוטב מפלגה אחת
2 = מוטב מס' מפלגות
3 = הבחירות אינן פוגעות בליכוד העם",,,,,,,,,,,,,,
דמוקרטיה,$AE$76,"יניב שפירא:
1 = בהחלט כן
2 = אולי כן
3 = אולי לא
4 = בהחלט לא",,scale,"יניב שפירא:
1 = בהחלט כן
2 = אולי כן
3 = אולי לא
4 = בהחלט לא",,unknown,,,scale,"1 = בהחלט כן
2 = אולי כן
3 = אולי לא
4 = בהחלט לא",,,,,,,,,,,,,,
דמוקרטיה,$AD$77,"יניב שפירא:
1 = במידה רבה
2 = במידה מסוימת
3 = במידה מועטה
4 = כלל לא",,scale,"יניב שפירא:
1 = במידה רבה
2 = במידה מסוימת
3 = במידה מועטה
4 = כלל לא",,unknown,,,scale,"1 = במידה רבה
2 = במידה מסוימת
3 = במידה מועטה
4 = כלל לא",,,,,,,,,,,,,,
דמוקרטיה,$AD$78,"יניב שפירא:
1 = במידה רבה
2 = במידה מסוימת
3 = במידה מועטה
4 = כלל לא",,scale,"יניב שפירא:
1 = במידה רבה
2 = במידה מסוימת
3 = במידה מועטה
4 = כלל לא",,unknown,,,scale,"1 = במידה רבה
2 = במידה מסוימת
3 = במידה מועטה
4 = כלל לא",,,,,,,,,,,,,,
דמוקרטיה,$AG$79,"יניב שפירא:
1 = כלל לא ברור לי
2 = לא כ""כ ברור
3 = ברור לי
4 = ברור בהחלט",,scale,"יניב שפירא:
1 = כלל לא ברור לי
2 = לא כ""כ ברור
3 = ברור לי
4 = ברור בהחלט",,unknown,,,scale,"1 = כלל לא ברור לי
2 = לא כ""כ ברור
3 = ברור לי
4 = ברור בהחלט",,,,,,,,,,,,,,
דמוקרטיה,$C$80,"יניב שפירא:
1 = יציבה מאוד
2 = יציבה
3 = כמו אחרות
4 = לא יציבה
5 = מאד לא יציבה",,scale,"יניב שפירא:
1 = יציבה מאוד
2 = יציבה
3 = כמו אחרות
4 = לא יציבה
5 = מאד לא יציבה",,unknown,,,scale,"1 = יציבה מאוד
2 = יציבה
3 = כמו אחרות
4 = לא יציבה
5 = מאד לא יציבה",,,,,,,,,,,,,,
דמוקרטיה,$Z$81,"יניב שפירא:
1 = במידה רבה
2 = במידה מסוימת
3 = במידה מועטה
4 = כלל לא",,scale,"יניב שפירא:
1 = במידה רבה
2 = במידה מסוימת
3 = במידה מועטה
4 = כלל לא",,unknown,,,scale,"1 = במידה רבה
2 = במידה מסוימת
3 = במידה מועטה
4 = כלל לא",,,,,,,,,,,,,,
דמוקרטיה,$AB$81,"יניב שפירא:
1 = רוצה להשפיע
2 = בהחלט רוצה להשפיע
3 = לא כ""כ רוצה
3 = בכלל לא רוצה",,scale,"יניב שפירא:
1 = רוצה להשפיע
2 = בהחלט רוצה להשפיע
3 = לא כ""כ רוצה
3 = בכלל לא רוצה",,unknown,,,scale,"1 = רוצה להשפיע
2 = בהחלט רוצה להשפיע
3 = לא כ""כ רוצה
3 = בכלל לא רוצה",,,,,,,,,,,,,,
דמוקרטיה,$V$82,"יניב שפירא:
1 = במידה רבה
2 = במידה מסויימת
3 = במידה מועטה
4 = כלל לא",,scale,"יניב שפירא:
1 = במידה רבה
2 = במידה מסויימת
3 = במידה מועטה
4 = כלל לא",,unknown,,,scale,"1 = במידה רבה
2 = במידה מסויימת
3 = במידה מועטה
4 = כלל לא",,,,,,,,,,,,,,
דמוקרטיה,$G$83,"יניב שפירא:
1 = בהחלט צריכה לשנות
2 = חשוב שצריכה לשנות
3 = חושב שלא צריכה לשנות
4 = בהחלט לא צריכה לשנות",,scale,"יניב שפירא:
1 = בהחלט צריכה לשנות
2 = חשוב שצריכה לשנות
3 = חושב שלא צריכה לשנות
4 = בהחלט לא צריכה לשנות",,unknown,,,scale,"1 = בהחלט צריכה לשנות
2 = חשוב שצריכה לשנות
3 = חושב שלא צריכה לשנות
4 = בהחלט לא צריכה לשנות",,,,,,,,,,,,,,
דמוקרטיה,$Z$85,"יניב שפירא:
1 = בהחלט להמשיך בשיטה הקיימת
2 = חושב להמשיך
3 = חושב שצריך לשנות
4 = בטוח שצריך לשנות
5 = אין לי דעה
6 = שתי השיטות לא טובות, צריך בכלל לעבור לשיטה אזורית",,scale,"יניב שפירא:
1 = בהחלט להמשיך בשיטה הקיימת
2 = חושב להמשיך
3 = חושב שצריך לשנות
4 = בטוח שצריך לשנות
5 = אין לי דעה
6 = שתי השיטות לא טובות, צריך בכלל לעבור לשיטה אזורית",,unknown,,,scale,"1 = בהחלט להמשיך בשיטה הקיימת
2 = חושב להמשיך
3 = חושב שצריך לשנות
4 = בטוח שצריך לשנות
5 = אין לי דעה
6 = שתי השיטות לא טובות, צריך בכלל לעבור לשיטה אזורית",,,,,,,,,,,,,,
דמוקרטיה,$AH$86,"יניב שפירא:
1 = בהחלט עדיף בחירות אישיות
2 = עדיף בחירות אישיות
3 = עדיף רשימה מפלגתית
4 = בהחלט עדיף רשימה מפלגתית
5 = אין דעה",,scale,"יניב שפירא:
1 = בהחלט עדיף בחירות אישיות
2 = עדיף בחירות אישיות
3 = עדיף רשימה מפלגתית
4 = בהחלט עדיף רשימה מפלגתית
5 = אין דעה",,unknown,,,scale,"1 = בהחלט עדיף בחירות אישיות
2 = עדיף בחירות אישיות
3 = עדיף רשימה מפלגתית
4 = בהחלט עדיף רשימה מפלגתית
5 = אין דעה",,,,,,,,,,,,,,
דמוקרטיה,$Z$87,"יניב שפירא:
1 = תגביר במידה רבה
2 = תגביר במידה מסוימת
3 = תגביר במידה מועטה
4 = תקטין במידה מועטה
5 = תקטין במידה מסוימת
6 = תקטין במידה רבה
7 = לא תשנה
8 = לא יודע",,scale,"יניב שפירא:
1 = תגביר במידה רבה
2 = תגביר במידה מסוימת
3 = תגביר במידה מועטה
4 = תקטין במידה מועטה
5 = תקטין במידה מסוימת
6 = תקטין במידה רבה
7 = לא תשנה
8 = לא יודע",,unknown,,,scale,"1 = תגביר במידה רבה
2 = תגביר במידה מסוימת
3 = תגביר במידה מועטה
4 = תקטין במידה מועטה
5 = תקטין במידה מסוימת
6 = תקטין במידה רבה
7 = לא תשנה
8 = לא יודע",,,,,,,,,,,,,,
דמוקרטיה,$C$88,"יניב שפירא:
1 = זמן ארוך מאד
2 = זמן ארוך
3 = דומה למדינות אחרות
4 = זמן קצר
5 = זמן קצר מאוד",,scale,"יניב שפירא:
1 = זמן ארוך מאד
2 = זמן ארוך
3 = דומה למדינות אחרות
4 = זמן קצר
5 = זמן קצר מאוד",,unknown,,,scale,"1 = זמן ארוך מאד
2 = זמן ארוך
3 = דומה למדינות אחרות
4 = זמן קצר
5 = זמן קצר מאוד",,,,,,,,,,,,,,
דמוקרטיה,$C$89,"יניב שפירא:
1 = מצליחות מאד
2 = מצליחות
3 = כמו אחרות
4 = לא מצליחות
5 = לא מצליחות כלל",,scale,"יניב שפירא:
1 = מצליחות מאד
2 = מצליחות
3 = כמו אחרות
4 = לא מצליחות
5 = לא מצליחות כלל",,unknown,,,scale,"1 = מצליחות מאד
2 = מצליחות
3 = כמו אחרות
4 = לא מצליחות
5 = לא מצליחות כלל",,,,,,,,,,,,,,
תקשורת,$C$2,"יניב שפירא:
1 = אף פעם
2 = פעם בשבוע
3 = פעמים-שלוש בשבוע
4 = כמעט כל יום
5 = יותר מפעם ביום",,scale,"יניב שפירא:
1 = אף פעם
2 = פעם בשבוע
3 = פעמים-שלוש בשבוע
4 = כמעט כל יום
5 = יותר מפעם ביום",,unknown,,,scale,"1 = אף פעם
2 = פעם בשבוע
3 = פעמים-שלוש בשבוע
4 = כמעט כל יום
5 = יותר מפעם ביום",,,,,,,,,,,,,,
תקשורת,$D$2,"יניב שפירא:
1 = כמעט אף פעם לא
2 = לעיתים רחוקות בלבד
3 = פעם בשבוע בערך
4 = פעמיים-שלוש בשבוע
5 = כמעט כל יום
6 = יותר מפעם ביום",,scale,"יניב שפירא:
1 = כמעט אף פעם לא
2 = לעיתים רחוקות בלבד
3 = פעם בשבוע בערך
4 = פעמיים-שלוש בשבוע
5 = כמעט כל יום
6 = יותר מפעם ביום",,unknown,,,scale,"1 = כמעט אף פעם לא
2 = לעיתים רחוקות בלבד
3 = פעם בשבוע בערך
4 = פעמיים-שלוש בשבוע
5 = כמעט כל יום
6 = יותר מפעם ביום",,,,,,,,,,,,,,
תקשורת,$D$3,"יניב שפירא:
0 = לא משתמש ברשתות חברתיות
1 = אף פעם
2 = פעם אחת בשבוע
3 = פעמיים-שלוש בשבוע
4 = כמעט כל יום
5 = יותר מפעם ביום",,scale,"יניב שפירא:
0 = לא משתמש ברשתות חברתיות
1 = אף פעם
2 = פעם אחת בשבוע
3 = פעמיים-שלוש בשבוע
4 = כמעט כל יום
5 = יותר מפעם ביום",,unknown,,,scale,"0 = לא משתמש ברשתות חברתיות
1 = אף פעם
2 = פעם אחת בשבוע
3 = פעמיים-שלוש בשבוע
4 = כמעט כל יום
5 = יותר מפעם ביום",,,,,,,,,,,,,,
תקשורת,$A$4,"יניב שפירא:
שאלה 92 לא מקודדת בstata
(ב2019, אין אותה ב2020)",,scale,"יניב שפירא:
שאלה 92 לא מקודדת בstata
(ב2019, אין אותה ב2020)",,unknown,,,scale,"שאלה 92 לא מקודדת בstata
(ב2019, אין אותה ב2020)",,,,,,,,,,,,,,
תקשורת,$F$4,"יניב שפירא:
1 = לא
2 = כן",,scale,"יניב שפירא:
1 = לא
2 = כן",,unknown,,,scale,"1 = לא
2 = כן",,,,,,,,,,,,,,
תקשורת,$F$5,"יניב שפירא:
1 = כלל לא
2 = לעתים רחוקות
3 = מדי פעם
4 = לעתים קרובות
5 = בקביעות",,scale,"יניב שפירא:
1 = כלל לא
2 = לעתים רחוקות
3 = מדי פעם
4 = לעתים קרובות
5 = בקביעות",,unknown,,,scale,"1 = כלל לא
2 = לעתים רחוקות
3 = מדי פעם
4 = לעתים קרובות
5 = בקביעות",,,,,,,,,,,,,,
תקשורת,$H$6,"יניב שפירא:
1 = כמעט אף פעם לא
2 = לעיתים רחוקות בלבד
3 = פעם בשבוע בערך
4 = פעמיים-שלוש בשבוע
5 = קורא עיתון יומי אחד כמעט כל יום
6 = קורא יותר מעיתון יומי אחד כמעט כל יום",,scale,"יניב שפירא:
1 = כמעט אף פעם לא
2 = לעיתים רחוקות בלבד
3 = פעם בשבוע בערך
4 = פעמיים-שלוש בשבוע
5 = קורא עיתון יומי אחד כמעט כל יום
6 = קורא יותר מעיתון יומי אחד כמעט כל יום",,unknown,,,scale,"1 = כמעט אף פעם לא
2 = לעיתים רחוקות בלבד
3 = פעם בשבוע בערך
4 = פעמיים-שלוש בשבוע
5 = קורא עיתון יומי אחד כמעט כל יום
6 = קורא יותר מעיתון יומי אחד כמעט כל יום",,,,,,,,,,,,,,
תקשורת,$J$7,"יניב שפירא:
1 = ידיעות אחרונות
2 = מעריב
3 = הארץ
4 = וסטי
5 = נובוסטי נדלי
6 = כל אל-ערב
7 = אל-סינארה
8 = אל-אתחאד
9 = פנורמה
10 = אחר",,scale,"יניב שפירא:
1 = ידיעות אחרונות
2 = מעריב
3 = הארץ
4 = וסטי
5 = נובוסטי נדלי
6 = כל אל-ערב
7 = אל-סינארה
8 = אל-אתחאד
9 = פנורמה
10 = אחר",,unknown,,,scale,"1 = ידיעות אחרונות
2 = מעריב
3 = הארץ
4 = וסטי
5 = נובוסטי נדלי
6 = כל אל-ערב
7 = אל-סינארה
8 = אל-אתחאד
9 = פנורמה
10 = אחר",,,,,,,,,,,,,,
תקשורת,$L$7,"יניב שפירא:
רק ערבים",יניב שפירא,sector,רק ערבים,,unknown,,,sector,רק ערבים,,,,,,,,,,,,,,
תקשורת,$T$7,"יניב שפירא:
כולל b153 וb154
1 = מעריב
2 = ידיעות אחרונות
3 = הארץ
4 = דבר
5 = עיתון עברי אחר
6 = עיתון לועזי
7 = לא קורא עיתונים",,scale,"יניב שפירא:
כולל b153 וb154
1 = מעריב
2 = ידיעות אחרונות
3 = הארץ
4 = דבר
5 = עיתון עברי אחר
6 = עיתון לועזי
7 = לא קורא עיתונים",,unknown,,,scale,"כולל b153 וb154
1 = מעריב
2 = ידיעות אחרונות
3 = הארץ
4 = דבר
5 = עיתון עברי אחר
6 = עיתון לועזי
7 = לא קורא עיתונים",,,,,,,,,,,,,,
תקשורת,$V$7,"יניב שפירא:
גם
v147
v148",,scale,"יניב שפירא:
גם
v147
v148",,unknown,,,scale,"גם
v147
v148",,,,,,,,,,,,,,
תקשורת,$H$8,"יניב שפירא:
1 = כמעט אף פעם לא
2 = לעיתים רחוקות בלבד
3 = פעם בשבוע בערך
4 = פעמיים-שלוש בשבוע
5 = כמעט כל יום
6 = יותר מפעם ביום",,scale,"יניב שפירא:
1 = כמעט אף פעם לא
2 = לעיתים רחוקות בלבד
3 = פעם בשבוע בערך
4 = פעמיים-שלוש בשבוע
5 = כמעט כל יום
6 = יותר מפעם ביום",,unknown,,,scale,"1 = כמעט אף פעם לא
2 = לעיתים רחוקות בלבד
3 = פעם בשבוע בערך
4 = פעמיים-שלוש בשבוע
5 = כמעט כל יום
6 = יותר מפעם ביום",,,,,,,,,,,,,,
תקשורת,$H$9,"יניב שפירא:
1 = כמעט אף פעם לא
2 = לעיתים רחוקות בלבד
3 = פעם בשבוע בערך
4 = פעמיים-שלוש בשבוע
5 = אני צופה בחדשות לפחות פעם ביום
6 = אני צופה בחדשות יותר מפעם ביום",,scale,"יניב שפירא:
1 = כמעט אף פעם לא
2 = לעיתים רחוקות בלבד
3 = פעם בשבוע בערך
4 = פעמיים-שלוש בשבוע
5 = אני צופה בחדשות לפחות פעם ביום
6 = אני צופה בחדשות יותר מפעם ביום",,unknown,,,scale,"1 = כמעט אף פעם לא
2 = לעיתים רחוקות בלבד
3 = פעם בשבוע בערך
4 = פעמיים-שלוש בשבוע
5 = אני צופה בחדשות לפחות פעם ביום
6 = אני צופה בחדשות יותר מפעם ביום",,,,,,,,,,,,,,
תקשורת,$J$10,"יניב שפירא:
1 = ערוץ 1
2 = ערוץ 2
3 = ערוץ 9
4 = ערוץ 10
5 = RTVi
6 = אל-ג'זירה
7 = MBC דובאי
8 = אחר",,scale,"יניב שפירא:
1 = ערוץ 1
2 = ערוץ 2
3 = ערוץ 9
4 = ערוץ 10
5 = RTVi
6 = אל-ג'זירה
7 = MBC דובאי
8 = אחר",,unknown,,,scale,"1 = ערוץ 1
2 = ערוץ 2
3 = ערוץ 9
4 = ערוץ 10
5 = RTVi
6 = אל-ג'זירה
7 = MBC דובאי
8 = אחר",,,,,,,,,,,,,,
תקשורת,$L$10,"יניב שפירא:
רק ערבים",יניב שפירא,sector,רק ערבים,,unknown,,,sector,רק ערבים,,,,,,,,,,,,,,
תקשורת,$A$12,"יניב שפירא:
שאלות 96-103 לא מקודדת בstata
(ב2019, אין אותה ב2020)",,scale,"יניב שפירא:
שאלות 96-103 לא מקודדת בstata
(ב2019, אין אותה ב2020)",,unknown,,,scale,"שאלות 96-103 לא מקודדת בstata
(ב2019, אין אותה ב2020)",,,,,,,,,,,,,,
תקשורת,$F$13,"יניב שפירא:
1 = אף פעם
2 = פעם אחת בשבוע
3 = פעמיים-שלוש בשבוע
4 = כמעט כל יום
5 = כמה פעמים ביום",,scale,"יניב שפירא:
1 = אף פעם
2 = פעם אחת בשבוע
3 = פעמיים-שלוש בשבוע
4 = כמעט כל יום
5 = כמה פעמים ביום",,unknown,,,scale,"1 = אף פעם
2 = פעם אחת בשבוע
3 = פעמיים-שלוש בשבוע
4 = כמעט כל יום
5 = כמה פעמים ביום",,,,,,,,,,,,,,
תקשורת,$C$20,"יניב שפירא:
0 = לא משתמש כלל
1 = עקבת אחר מפלגת/מועמד ברשתות חברתיות
2 = כתבת בנושא הבחירות או שיתפת תוכן
3 = גם עקבת וגם כתבת
4 = משתמש באינטרהט אך לא עשיתי את הפעולות הללו",,scale,"יניב שפירא:
0 = לא משתמש כלל
1 = עקבת אחר מפלגת/מועמד ברשתות חברתיות
2 = כתבת בנושא הבחירות או שיתפת תוכן
3 = גם עקבת וגם כתבת
4 = משתמש באינטרהט אך לא עשיתי את הפעולות הללו",,unknown,,,scale,"0 = לא משתמש כלל
1 = עקבת אחר מפלגת/מועמד ברשתות חברתיות
2 = כתבת בנושא הבחירות או שיתפת תוכן
3 = גם עקבת וגם כתבת
4 = משתמש באינטרהט אך לא עשיתי את הפעולות הללו",,,,,,,,,,,,,,
תקשורת,$G$20,"יניב שפירא:
1 = עקבת אחר מפלגת או מועמד ברשתות חברתיות או באתרים
2 = כתבת בנושא הבחירות או שיתפת בתוכן ברשת חברתית או באתר חדשות
3 = גם עקבת וגם כתבת
4 = משתמש באינטרנט אבל לא עשית אף אחת מהפעולות הללו
5 = לא משתמש באינטרנט כלל",,scale,"יניב שפירא:
1 = עקבת אחר מפלגת או מועמד ברשתות חברתיות או באתרים
2 = כתבת בנושא הבחירות או שיתפת בתוכן ברשת חברתית או באתר חדשות
3 = גם עקבת וגם כתבת
4 = משתמש באינטרנט אבל לא עשית אף אחת מהפעולות הללו
5 = לא משתמש באינטרנט כלל",,unknown,,,scale,"1 = עקבת אחר מפלגת או מועמד ברשתות חברתיות או באתרים
2 = כתבת בנושא הבחירות או שיתפת בתוכן ברשת חברתית או באתר חדשות
3 = גם עקבת וגם כתבת
4 = משתמש באינטרנט אבל לא עשית אף אחת מהפעולות הללו
5 = לא משתמש באינטרנט כלל",,,,,,,,,,,,,,
תקשורת,$I$21,"יניב שפירא:
1 = כל יום
2 = לעיתים קרובות
3 = לפעמים
4 = לעיתים רחוקות
5 = בכלל לא",,scale,"יניב שפירא:
1 = כל יום
2 = לעיתים קרובות
3 = לפעמים
4 = לעיתים רחוקות
5 = בכלל לא",,unknown,,,scale,"1 = כל יום
2 = לעיתים קרובות
3 = לפעמים
4 = לעיתים רחוקות
5 = בכלל לא",,,,,,,,,,,,,,
תקשורת,$X$21,"יניב שפירא:
1 = אני בדר""כ רואה את רב השידורים
2 = אני רואה בעיקר את השידורים של הליכוד
3 = אני רואה בעיקר את השידורים של המערך
4 = בעיקר של מפד""ל
5 = בעיקר של ד""ש
6 = בעיקר של מפלגות אחרות
7 = אני רואה רק קצת מהשידורים
8 = אני בכלל לא מסתכל בשידורי בחירות
9 = אין טלוויזיה/לא צופה",,scale,"יניב שפירא:
1 = אני בדר""כ רואה את רב השידורים
2 = אני רואה בעיקר את השידורים של הליכוד
3 = אני רואה בעיקר את השידורים של המערך
4 = בעיקר של מפד""ל
5 = בעיקר של ד""ש
6 = בעיקר של מפלגות אחרות
7 = אני רואה רק קצת מהשידורים
8 = אני בכלל לא מסתכל בשידורי בחירות
9 = אין טלוויזיה/לא צופה",,unknown,,,scale,"1 = אני בדר""כ רואה את רב השידורים
2 = אני רואה בעיקר את השידורים של הליכוד
3 = אני רואה בעיקר את השידורים של המערך
4 = בעיקר של מפד""ל
5 = בעיקר של ד""ש
6 = בעיקר של מפלגות אחרות
7 = אני רואה רק קצת מהשידורים
8 = אני בכלל לא מסתכל בשידורי בחירות
9 = אין טלוויזיה/לא צופה",,,,,,,,,,,,,,
תקשורת,$AD$21,"יניב שפירא:
1 = כן
2 = לא",,scale,"יניב שפירא:
1 = כן
2 = לא",,unknown,,,scale,"1 = כן
2 = לא",,,,,,,,,,,,,,
תקשורת,$AF$21,"יניב שפירא:
1 = כן, של כל המפלגות
2 = כן, של חלק מהמפלגות
3 = כן, רק של המפלגה שאני תומך בה
4 = לא, למרות שיש לי מקלט
5 = לא, אין לי מקלט",,scale,"יניב שפירא:
1 = כן, של כל המפלגות
2 = כן, של חלק מהמפלגות
3 = כן, רק של המפלגה שאני תומך בה
4 = לא, למרות שיש לי מקלט
5 = לא, אין לי מקלט",,unknown,,,scale,"1 = כן, של כל המפלגות
2 = כן, של חלק מהמפלגות
3 = כן, רק של המפלגה שאני תומך בה
4 = לא, למרות שיש לי מקלט
5 = לא, אין לי מקלט",,,,,,,,,,,,,,
תקשורת,$AF$23,"יניב שפירא:
1 = יותר
2 = כמו עכשיו
3 = פחות
4 = בכלל לא רוצה לראות
5 = לא ראיתי אבל רוצה לראות",,scale,"יניב שפירא:
1 = יותר
2 = כמו עכשיו
3 = פחות
4 = בכלל לא רוצה לראות
5 = לא ראיתי אבל רוצה לראות",,unknown,,,scale,"1 = יותר
2 = כמו עכשיו
3 = פחות
4 = בכלל לא רוצה לראות
5 = לא ראיתי אבל רוצה לראות",,,,,,,,,,,,,,
תקשורת,$I$24,"יניב שפירא:
1 = כן
2 = משתמש באינטרנט אבל לא בהקשר לבחירות
3 = לא משתמש באינטרנט כלל",,scale,"יניב שפירא:
1 = כן
2 = משתמש באינטרנט אבל לא בהקשר לבחירות
3 = לא משתמש באינטרנט כלל",,unknown,,,scale,"1 = כן
2 = משתמש באינטרנט אבל לא בהקשר לבחירות
3 = לא משתמש באינטרנט כלל",,,,,,,,,,,,,,
תקשורת,$A$25,"יניב שפירא:
רק מי שענה 1 בשאלה הקודמת",יניב שפירא,sector,רק מי שענה 1 בשאלה הקודמת,,unknown,,,sector,רק מי שענה 1 בשאלה הקודמת,,,,,,,,,,,,,,
תקשורת,$I$25,"יניב שפירא:
1 = לא משתמש
2 = מקבל מידע באמצעותו
3 = מפיץ מידע באמצעותו
4 = גם מקבל וגם מפיץ",,scale,"יניב שפירא:
1 = לא משתמש
2 = מקבל מידע באמצעותו
3 = מפיץ מידע באמצעותו
4 = גם מקבל וגם מפיץ",,unknown,,,scale,"1 = לא משתמש
2 = מקבל מידע באמצעותו
3 = מפיץ מידע באמצעותו
4 = גם מקבל וגם מפיץ",,,,,,,,,,,,,,
תקשורת,$I$34,"יניב שפירא:
1 = כן
2 = לא",,scale,"יניב שפירא:
1 = כן
2 = לא",,unknown,,,scale,"1 = כן
2 = לא",,,,,,,,,,,,,,
תקשורת,$I$35,"יניב שפירא:
1 = כל ערב
2 = כמעט כל ערב
3 = מספר פעמים
4 = פעם אחת
5 = אף פעם",,scale,"יניב שפירא:
1 = כל ערב
2 = כמעט כל ערב
3 = מספר פעמים
4 = פעם אחת
5 = אף פעם",,unknown,,,scale,"1 = כל ערב
2 = כמעט כל ערב
3 = מספר פעמים
4 = פעם אחת
5 = אף פעם",,,,,,,,,,,,,,
תקשורת,$AB$35,"יניב שפירא:
1 = כן, כל ערב
2 = לעיתים קרובות
3 = לעיתים רחוקות
4 = כלל לא",,scale,"יניב שפירא:
1 = כן, כל ערב
2 = לעיתים קרובות
3 = לעיתים רחוקות
4 = כלל לא",,unknown,,,scale,"1 = כן, כל ערב
2 = לעיתים קרובות
3 = לעיתים רחוקות
4 = כלל לא",,,,,,,,,,,,,,
תקשורת,$J$37,"יניב שפירא:
1 = לא גולש באינטרנט כלל
2 = כו, לעיתים רחוקות
3 = גולש, אבל לא באתרים של מפלגות
4 = כן, לעיתים קרובות",,scale,"יניב שפירא:
1 = לא גולש באינטרנט כלל
2 = כו, לעיתים רחוקות
3 = גולש, אבל לא באתרים של מפלגות
4 = כן, לעיתים קרובות",,unknown,,,scale,"1 = לא גולש באינטרנט כלל
2 = כו, לעיתים רחוקות
3 = גולש, אבל לא באתרים של מפלגות
4 = כן, לעיתים קרובות",,,,,,,,,,,,,,
תקשורת,$A$38,"יניב שפירא:
רק מי שענה 3 או 4 
בשאלה קודמת",,scale,"יניב שפירא:
רק מי שענה 3 או 4 
בשאלה קודמת",,unknown,,,scale,"רק מי שענה 3 או 4 
בשאלה קודמת",,,,,,,,,,,,,,
תקשורת,$J$38,"יניב שפירא:
1 = רק מפלגות שאני אוהד
2 = רק מפלגות שאני סולד מהן
3 = כל המפלגות",,scale,"יניב שפירא:
1 = רק מפלגות שאני אוהד
2 = רק מפלגות שאני סולד מהן
3 = כל המפלגות",,unknown,,,scale,"1 = רק מפלגות שאני אוהד
2 = רק מפלגות שאני סולד מהן
3 = כל המפלגות",,,,,,,,,,,,,,
תקשורת,$L$39,"יניב שפירא:
1 = בהחלט לא
2 = לא
3 = לא בטוח
4 = כן
5 = בהחלט כן",,scale,"יניב שפירא:
1 = בהחלט לא
2 = לא
3 = לא בטוח
4 = כן
5 = בהחלט כן",,unknown,,,scale,"1 = בהחלט לא
2 = לא
3 = לא בטוח
4 = כן
5 = בהחלט כן",,,,,,,,,,,,,,
תקשורת,$N$39,"יניב שפירא:
1 = בהחלט כן
2 = כן
3 = לא בטוח
4 = לא
5 = בהחלט לא",,scale,"יניב שפירא:
1 = בהחלט כן
2 = כן
3 = לא בטוח
4 = לא
5 = בהחלט לא",,unknown,,,scale,"1 = בהחלט כן
2 = כן
3 = לא בטוח
4 = לא
5 = בהחלט לא",,,,,,,,,,,,,,
תקשורת,$L$40,"יניב שפירא:
1 = בכלל לא
2 = במידה מועטה
3 = במידה מסוימת
4 = במידה רבה",,scale,"יניב שפירא:
1 = בכלל לא
2 = במידה מועטה
3 = במידה מסוימת
4 = במידה רבה",,unknown,,,scale,"1 = בכלל לא
2 = במידה מועטה
3 = במידה מסוימת
4 = במידה רבה",,,,,,,,,,,,,,
תקשורת,$M$40,"יניב שפירא:
1 = במידה רבה
2 = במידה מסוימת
3 = במידה מועטה
4 = בכלל לא",,scale,"יניב שפירא:
1 = במידה רבה
2 = במידה מסוימת
3 = במידה מועטה
4 = בכלל לא",,unknown,,,scale,"1 = במידה רבה
2 = במידה מסוימת
3 = במידה מועטה
4 = בכלל לא",,,,,,,,,,,,,,
תקשורת,$T$40,"יניב שפירא:
1 = לעיתים קרובות
2 = לעיתים רחוקות
3 = אף פעם
4 = לא יודע על קיום סקרים",,scale,"יניב שפירא:
1 = לעיתים קרובות
2 = לעיתים רחוקות
3 = אף פעם
4 = לא יודע על קיום סקרים",,unknown,,,scale,"1 = לעיתים קרובות
2 = לעיתים רחוקות
3 = אף פעם
4 = לא יודע על קיום סקרים",,,,,,,,,,,,,,
תקשורת,$AA$40,"יניב שפירא:
1 = במידה רבה
2 = במידה מסוימת
3 = במידה מועטה
4 = כלל לא",,scale,"יניב שפירא:
1 = במידה רבה
2 = במידה מסוימת
3 = במידה מועטה
4 = כלל לא",,unknown,,,scale,"1 = במידה רבה
2 = במידה מסוימת
3 = במידה מועטה
4 = כלל לא",,,,,,,,,,,,,,
תקשורת,$AF$40,"יניב שפירא:
1 = לעיתים קרובות
2 = לעיתים רחוקות
3 = אף פעם לא
4 = לא יודע על קיומם",,scale,"יניב שפירא:
1 = לעיתים קרובות
2 = לעיתים רחוקות
3 = אף פעם לא
4 = לא יודע על קיומם",,unknown,,,scale,"1 = לעיתים קרובות
2 = לעיתים רחוקות
3 = אף פעם לא
4 = לא יודע על קיומם",,,,,,,,,,,,,,
תקשורת,$L$41,"יניב שפירא:
1 = בכלל לא
2 = במידה מועטה
3 = במידה מסוימת
4 = במידה רבה",,scale,"יניב שפירא:
1 = בכלל לא
2 = במידה מועטה
3 = במידה מסוימת
4 = במידה רבה",,unknown,,,scale,"1 = בכלל לא
2 = במידה מועטה
3 = במידה מסוימת
4 = במידה רבה",,,,,,,,,,,,,,
תקשורת,$M$41,"יניב שפירא:
1 = במידה רבה
2 = במידה מסוימת
3 = במידה מועטה
4 = בכלל לא",,scale,"יניב שפירא:
1 = במידה רבה
2 = במידה מסוימת
3 = במידה מועטה
4 = בכלל לא",,unknown,,,scale,"1 = במידה רבה
2 = במידה מסוימת
3 = במידה מועטה
4 = בכלל לא",,,,,,,,,,,,,,
תקשורת,$T$41,"יניב שפירא:
1 = כן תמיד
2 = כן בדר""כ
3 = לא בדר""כ
4 = אף פעם לא
5 = לא יודע על קיום סקרים",,scale,"יניב שפירא:
1 = כן תמיד
2 = כן בדר""כ
3 = לא בדר""כ
4 = אף פעם לא
5 = לא יודע על קיום סקרים",,unknown,,,scale,"1 = כן תמיד
2 = כן בדר""כ
3 = לא בדר""כ
4 = אף פעם לא
5 = לא יודע על קיום סקרים",,,,,,,,,,,,,,
תקשורת,$AF$41,"יניב שפירא:
1 = כן, תמיד
2 = בדר""כ כן
3 = בדר""כ לא
4 = אף פעם לא",,scale,"יניב שפירא:
1 = כן, תמיד
2 = בדר""כ כן
3 = בדר""כ לא
4 = אף פעם לא",,unknown,,,scale,"1 = כן, תמיד
2 = בדר""כ כן
3 = בדר""כ לא
4 = אף פעם לא",,,,,,,,,,,,,,
תקשורת,$T$42,"יניב שפירא:
1 = השפעה גדולה
2 = השפעה מסויימת
3 = השפעה מועטה
4 = כלל לא
5 = לא יודע על קיום סקרים",,scale,"יניב שפירא:
1 = השפעה גדולה
2 = השפעה מסויימת
3 = השפעה מועטה
4 = כלל לא
5 = לא יודע על קיום סקרים",,unknown,,,scale,"1 = השפעה גדולה
2 = השפעה מסויימת
3 = השפעה מועטה
4 = כלל לא
5 = לא יודע על קיום סקרים",,,,,,,,,,,,,,
תקשורת,$AF$42,"יניב שפירא:
1 = השפעה רבה
2 = השפעה בינונית
3 = השפעה מועטה
4 = אין השפעה
5 = לא יודע על קיומם",,scale,"יניב שפירא:
1 = השפעה רבה
2 = השפעה בינונית
3 = השפעה מועטה
4 = אין השפעה
5 = לא יודע על קיומם",,unknown,,,scale,"1 = השפעה רבה
2 = השפעה בינונית
3 = השפעה מועטה
4 = אין השפעה
5 = לא יודע על קיומם",,,,,,,,,,,,,,
תקשורת,$AF$43,"יניב שפירא:
1 = השפעה רבה
2 = השפעה בינונית
3 = השפעה מועטה
4 = אין השפעה
5 = לא יודע על קיומם",,scale,"יניב שפירא:
1 = השפעה רבה
2 = השפעה בינונית
3 = השפעה מועטה
4 = אין השפעה
5 = לא יודע על קיומם",,unknown,,,scale,"1 = השפעה רבה
2 = השפעה בינונית
3 = השפעה מועטה
4 = אין השפעה
5 = לא יודע על קיומם",,,,,,,,,,,,,,
תקשורת,$N$44,"יניב שפירא:
1 = בהחלט לאסור
2 = נוטה לאסור
3 = נוטה להתיר
4 = בהחלט להתיר",,scale,"יניב שפירא:
1 = בהחלט לאסור
2 = נוטה לאסור
3 = נוטה להתיר
4 = בהחלט להתיר",,unknown,,,scale,"1 = בהחלט לאסור
2 = נוטה לאסור
3 = נוטה להתיר
4 = בהחלט להתיר",,,,,,,,,,,,,,
תקשורת,$AH$45,"יניב שפירא:
1 = כן
2 = לא",,scale,"יניב שפירא:
1 = כן
2 = לא",,unknown,,,scale,"1 = כן
2 = לא",,,,,,,,,,,,,,
תקשורת,$O$46,"יניב שפירא:
1 = כן
2 = לא
3 = אין לנו טלוויזיה",,scale,"יניב שפירא:
1 = כן
2 = לא
3 = אין לנו טלוויזיה",,unknown,,,scale,"1 = כן
2 = לא
3 = אין לנו טלוויזיה",,,,,,,,,,,,,,
תקשורת,$T$49,"יניב שפירא:
1 = קורא לעיתים קרובות
2 = קורא לעיתים רחוקות
3 = לא קורא כלל",,scale,"יניב שפירא:
1 = קורא לעיתים קרובות
2 = קורא לעיתים רחוקות
3 = לא קורא כלל",,unknown,,,scale,"1 = קורא לעיתים קרובות
2 = קורא לעיתים רחוקות
3 = לא קורא כלל",,,,,,,,,,,,,,
תקשורת,$AH$50,"יניב שפירא:
1 = כן, 8 שעות +
2 = כן, 5-8 שעות
3 = 3-5 שעות
4 = 1-5 שעות
5 = פחות משעה ביום
6 = לא מאזין כל יום",,scale,"יניב שפירא:
1 = כן, 8 שעות +
2 = כן, 5-8 שעות
3 = 3-5 שעות
4 = 1-5 שעות
5 = פחות משעה ביום
6 = לא מאזין כל יום",,unknown,,,scale,"1 = כן, 8 שעות +
2 = כן, 5-8 שעות
3 = 3-5 שעות
4 = 1-5 שעות
5 = פחות משעה ביום
6 = לא מאזין כל יום",,,,,,,,,,,,,,
תקשורת,$T$51,"יניב שפירא:
1 = הגל הקל
2 = גל ג'
3 = גלי צה""ל
4 = גל א'
5 = קול העם
6 = לא מאזין לרדיו",,scale,"יניב שפירא:
1 = הגל הקל
2 = גל ג'
3 = גלי צה""ל
4 = גל א'
5 = קול העם
6 = לא מאזין לרדיו",,unknown,,,scale,"1 = הגל הקל
2 = גל ג'
3 = גלי צה""ל
4 = גל א'
5 = קול העם
6 = לא מאזין לרדיו",,,,,,,,,,,,,,
תקשורת,$AH$52,"יניב שפירא:
1 = בידור, תרבות, ידיעות
2 = בידור, ידיעות, תרבות
3 = תרבות, ידיעות, בידור
4 = תרבות, בידור, ידיעות
5 = ידיעות, בידור, תרבות
6 = ידיעות, תרבות, בידור",,scale,"יניב שפירא:
1 = בידור, תרבות, ידיעות
2 = בידור, ידיעות, תרבות
3 = תרבות, ידיעות, בידור
4 = תרבות, בידור, ידיעות
5 = ידיעות, בידור, תרבות
6 = ידיעות, תרבות, בידור",,unknown,,,scale,"1 = בידור, תרבות, ידיעות
2 = בידור, ידיעות, תרבות
3 = תרבות, ידיעות, בידור
4 = תרבות, בידור, ידיעות
5 = ידיעות, בידור, תרבות
6 = ידיעות, תרבות, בידור",,,,,,,,,,,,,,
תקשורת,$V$53,"יניב שפירא:
1 = לשמוע נימוקים ע""מ שישמשו לי נשק בויכוח פוליטי
2 = ע""מ להכיר את המנהיגים
3 = ע""מ להכיר את התכנית הפוליטית של המפלגות
4 = ע""מ להבהיר לעצמי במי לבחור
5 = ע""מ לעמוד מחדש על עמדת המפלגה שאני חבר בה או אוהד אותה
6 = ע""מ לעזור לי להעריך את סיכויי ההצלחה של המפלגות
7 = ע""מ להיות מעודכן במצב הפוליטי הכללי
8 = אני נהנה מהמאבק והויכוח הפוליטי
9 = כי זה השידור היחיד שאני יכול לקלוט בטלוויזיה באותו זמן
0 = אחר
",,scale,"יניב שפירא:
1 = לשמוע נימוקים ע""מ שישמשו לי נשק בויכוח פוליטי
2 = ע""מ להכיר את המנהיגים
3 = ע""מ להכיר את התכנית הפוליטית של המפלגות
4 = ע""מ להבהיר לעצמי במי לבחור
5 = ע""מ לעמוד מחדש על עמדת המפלגה שאני חבר בה או אוהד אותה
6 = ע""מ לעזור לי להעריך את סיכויי ההצלחה של המפלגות
7 = ע""מ להיות מעודכן במצב הפוליטי הכללי
8 = אני נהנה מהמאבק והויכוח הפוליטי
9 = כי זה השידור היחיד שאני יכול לקלוט בטלוויזיה באותו זמן
0 = אחר
",,unknown,,,scale,"1 = לשמוע נימוקים ע""מ שישמשו לי נשק בויכוח פוליטי
2 = ע""מ להכיר את המנהיגים
3 = ע""מ להכיר את התכנית הפוליטית של המפלגות
4 = ע""מ להבהיר לעצמי במי לבחור
5 = ע""מ לעמוד מחדש על עמדת המפלגה שאני חבר בה או אוהד אותה
6 = ע""מ לעזור לי להעריך את סיכויי ההצלחה של המפלגות
7 = ע""מ להיות מעודכן במצב הפוליטי הכללי
8 = אני נהנה מהמאבק והויכוח הפוליטי
9 = כי זה השידור היחיד שאני יכול לקלוט בטלוויזיה באותו זמן
0 = אחר
",,,,,,,,,,,,,,
תקשורת,$V$54,"יניב שפירא:
1 = אינני מתעניין בפוליטיקה
2 = מעדיף בידור בטלוויזיה
3 = אינני מאמין לטענת המפלגות
4 = משום שחלק מהמועמדים אינם מתייחסים ברצינות לקהל
5 = כבר החלטתי במי לבחור ואין לי צורך להסתכל
6 = משום שלעיתים קרובות קשה לי להבין מה שהמועמדים רוצים להגיד
7 = אינני רוצה לפתוח את ביתי לתעמולה פוליטית
8 = משום שאין להם שום דבר חדש לומר לי
9 = כי אינני אוהב שהפוליטיקאים יסדרו אותי
0 = אחר",,scale,"יניב שפירא:
1 = אינני מתעניין בפוליטיקה
2 = מעדיף בידור בטלוויזיה
3 = אינני מאמין לטענת המפלגות
4 = משום שחלק מהמועמדים אינם מתייחסים ברצינות לקהל
5 = כבר החלטתי במי לבחור ואין לי צורך להסתכל
6 = משום שלעיתים קרובות קשה לי להבין מה שהמועמדים רוצים להגיד
7 = אינני רוצה לפתוח את ביתי לתעמולה פוליטית
8 = משום שאין להם שום דבר חדש לומר לי
9 = כי אינני אוהב שהפוליטיקאים יסדרו אותי
0 = אחר",,unknown,,,scale,"1 = אינני מתעניין בפוליטיקה
2 = מעדיף בידור בטלוויזיה
3 = אינני מאמין לטענת המפלגות
4 = משום שחלק מהמועמדים אינם מתייחסים ברצינות לקהל
5 = כבר החלטתי במי לבחור ואין לי צורך להסתכל
6 = משום שלעיתים קרובות קשה לי להבין מה שהמועמדים רוצים להגיד
7 = אינני רוצה לפתוח את ביתי לתעמולה פוליטית
8 = משום שאין להם שום דבר חדש לומר לי
9 = כי אינני אוהב שהפוליטיקאים יסדרו אותי
0 = אחר",,,,,,,,,,,,,,
תקשורת,$W$55,"יניב שפירא:
1 = מוצלחת מאד
2 = מוצלחת
3 = לא כ""כ מוצלחת
4 = בכלל לא מוצלחת",,scale,"יניב שפירא:
1 = מוצלחת מאד
2 = מוצלחת
3 = לא כ""כ מוצלחת
4 = בכלל לא מוצלחת",,unknown,,,scale,"1 = מוצלחת מאד
2 = מוצלחת
3 = לא כ""כ מוצלחת
4 = בכלל לא מוצלחת",,,,,,,,,,,,,,
תקשורת,$Y$57,"יניב שפירא:
1 = קורא את רוב/כל המודעות
2 = הרוב של הליכוד
3 = הרוב של המערך
4 = הרוב של ד""ש
5 = קורא מעט מכל המפלגות
6 = קורא רק ליכוד
7 = קורא רק מערך
8 = קורא רק ד""ש
9 = לא קורא כלל",,scale,"יניב שפירא:
1 = קורא את רוב/כל המודעות
2 = הרוב של הליכוד
3 = הרוב של המערך
4 = הרוב של ד""ש
5 = קורא מעט מכל המפלגות
6 = קורא רק ליכוד
7 = קורא רק מערך
8 = קורא רק ד""ש
9 = לא קורא כלל",,unknown,,,scale,"1 = קורא את רוב/כל המודעות
2 = הרוב של הליכוד
3 = הרוב של המערך
4 = הרוב של ד""ש
5 = קורא מעט מכל המפלגות
6 = קורא רק ליכוד
7 = קורא רק מערך
8 = קורא רק ד""ש
9 = לא קורא כלל",,,,,,,,,,,,,,
תקשורת,$AD$57,"יניב שפירא:
1 = לעיתים קרובות
2 = לעיתים
3 = לעיתים רחוקות
4 = כלל לא",,scale,"יניב שפירא:
1 = לעיתים קרובות
2 = לעיתים
3 = לעיתים רחוקות
4 = כלל לא",,unknown,,,scale,"1 = לעיתים קרובות
2 = לעיתים
3 = לעיתים רחוקות
4 = כלל לא",,,,,,,,,,,,,,
תקשורת,$AB$58,"יניב שפירא:
1 = כן במידה רבה
2 = במידה מסוימת
3 = במידה מועטה
4 = כלל לא",,scale,"יניב שפירא:
1 = כן במידה רבה
2 = במידה מסוימת
3 = במידה מועטה
4 = כלל לא",,unknown,,,scale,"1 = כן במידה רבה
2 = במידה מסוימת
3 = במידה מועטה
4 = כלל לא",,,,,,,,,,,,,,
תקשורת,$AA$59,"יניב שפירא:
1 = דרושה בהחלט
2 = דרושה
3 = לא כ""כ דרושה
4 = בהחלט לא דרושה",,scale,"יניב שפירא:
1 = דרושה בהחלט
2 = דרושה
3 = לא כ""כ דרושה
4 = בהחלט לא דרושה",,unknown,,,scale,"1 = דרושה בהחלט
2 = דרושה
3 = לא כ""כ דרושה
4 = בהחלט לא דרושה",,,,,,,,,,,,,,
תקשורת,$AB$60,"יניב שפירא:
1 = קורא הרבה יותר
2 = קורא יותר
3 = קורא פחות
4 = קורא הרבה פחות",,scale,"יניב שפירא:
1 = קורא הרבה יותר
2 = קורא יותר
3 = קורא פחות
4 = קורא הרבה פחות",,unknown,,,scale,"1 = קורא הרבה יותר
2 = קורא יותר
3 = קורא פחות
4 = קורא הרבה פחות",,,,,,,,,,,,,,
תקשורת,$AB$61,"יניב שפירא:
1 = כן, בכל יום
2 = לעיתים קרובות
3 = לעיתים רחוקות
4 = אף פעם לא",,scale,"יניב שפירא:
1 = כן, בכל יום
2 = לעיתים קרובות
3 = לעיתים רחוקות
4 = אף פעם לא",,unknown,,,scale,"1 = כן, בכל יום
2 = לעיתים קרובות
3 = לעיתים רחוקות
4 = אף פעם לא",,,,,,,,,,,,,,
תקשורת,$AB$62,"יניב שפירא:
1 = כן, בכל יום
2 = לעיתים קרובות
3 = לעיתים רחוקות
4 = אף פעם לא",,scale,"יניב שפירא:
1 = כן, בכל יום
2 = לעיתים קרובות
3 = לעיתים רחוקות
4 = אף פעם לא",,unknown,,,scale,"1 = כן, בכל יום
2 = לעיתים קרובות
3 = לעיתים רחוקות
4 = אף פעם לא",,,,,,,,,,,,,,
תקשורת,$AB$63,"יניב שפירא:
1 = כן, בכל יום
2 = לעיתים קרובות
3 = לעיתים רחוקות
4 = אף פעם לא",,scale,"יניב שפירא:
1 = כן, בכל יום
2 = לעיתים קרובות
3 = לעיתים רחוקות
4 = אף פעם לא",,unknown,,,scale,"1 = כן, בכל יום
2 = לעיתים קרובות
3 = לעיתים רחוקות
4 = אף פעם לא",,,,,,,,,,,,,,
תקשורת,$AD$63,"יניב שפירא:
1 = כן 
2 = לא",,scale,"יניב שפירא:
1 = כן 
2 = לא",,unknown,,,scale,"1 = כן 
2 = לא",,,,,,,,,,,,,,
תקשורת,$AD$67,"יניב שפירא:
1 = בפעילות פוליטית
2 = כאדם פרטי",,scale,"יניב שפירא:
1 = בפעילות פוליטית
2 = כאדם פרטי",,unknown,,,scale,"1 = בפעילות פוליטית
2 = כאדם פרטי",,,,,,,,,,,,,,
תקשורת,$AC$69,"יניב שפירא:
1 = שידורים לכל אחת מהמפלגות בנפרד
2 = דיונים בהשתתפות נציגים של מס' מפלגות שונות",,scale,"יניב שפירא:
1 = שידורים לכל אחת מהמפלגות בנפרד
2 = דיונים בהשתתפות נציגים של מס' מפלגות שונות",,unknown,,,scale,"1 = שידורים לכל אחת מהמפלגות בנפרד
2 = דיונים בהשתתפות נציגים של מס' מפלגות שונות",,,,,,,,,,,,,,
תקשורת,$AD$70,"יניב שפירא:
1 = לעיתים קרובות
2 = לעיתים
3 = לעיתים רחוקות
4 = כלל לא",,scale,"יניב שפירא:
1 = לעיתים קרובות
2 = לעיתים
3 = לעיתים רחוקות
4 = כלל לא",,unknown,,,scale,"1 = לעיתים קרובות
2 = לעיתים
3 = לעיתים רחוקות
4 = כלל לא",,,,,,,,,,,,,,
תקשורת,$AE$71,"יניב שפירא:
1 = הכי רדיו ואז טלוויזיה
2 = הכי טלוויזיה ואז רדיו
3 = הכי עיתונות ואז רדיו
4 = הכי עיתונות ואז טלוויזיה
5 = הכי רדיו ואז עיתונות
6 = הכי טלוויזיה ואז עיתונות
7 = רק עיתונות
8 = רק טלוויזיה
9 = רק רדיו",,scale,"יניב שפירא:
1 = הכי רדיו ואז טלוויזיה
2 = הכי טלוויזיה ואז רדיו
3 = הכי עיתונות ואז רדיו
4 = הכי עיתונות ואז טלוויזיה
5 = הכי רדיו ואז עיתונות
6 = הכי טלוויזיה ואז עיתונות
7 = רק עיתונות
8 = רק טלוויזיה
9 = רק רדיו",,unknown,,,scale,"1 = הכי רדיו ואז טלוויזיה
2 = הכי טלוויזיה ואז רדיו
3 = הכי עיתונות ואז רדיו
4 = הכי עיתונות ואז טלוויזיה
5 = הכי רדיו ואז עיתונות
6 = הכי טלוויזיה ואז עיתונות
7 = רק עיתונות
8 = רק טלוויזיה
9 = רק רדיו",,,,,,,,,,,,,,
תקשורת,$U$72,"יניב שפירא:
1 = כן
2 = לא",,scale,"יניב שפירא:
1 = כן
2 = לא",,unknown,,,scale,"1 = כן
2 = לא",,,,,,,,,,,,,,
תקשורת,$AE$73,"יניב שפירא:
1 = לא צופה כלל
2 = 1-2 שעות
3 = 3-5
4 = 6-10
5 = 11-15
6 = 16-20
7 = 21 +",,scale,"יניב שפירא:
1 = לא צופה כלל
2 = 1-2 שעות
3 = 3-5
4 = 6-10
5 = 11-15
6 = 16-20
7 = 21 +",,unknown,,,scale,"1 = לא צופה כלל
2 = 1-2 שעות
3 = 3-5
4 = 6-10
5 = 11-15
6 = 16-20
7 = 21 +",,,,,,,,,,,,,,
תקשורת,$AH$73,"יניב שפירא:
1 = בכל יום
2 = 2-3 פעמים בשבוע
3 = אחת לשבוע
4 = 2-3 פעמים בחודש
5 = אחת לחודש
6 = לעיתים רחוקות יותר
7 = לא צופה כלל",,scale,"יניב שפירא:
1 = בכל יום
2 = 2-3 פעמים בשבוע
3 = אחת לשבוע
4 = 2-3 פעמים בחודש
5 = אחת לחודש
6 = לעיתים רחוקות יותר
7 = לא צופה כלל",,unknown,,,scale,"1 = בכל יום
2 = 2-3 פעמים בשבוע
3 = אחת לשבוע
4 = 2-3 פעמים בחודש
5 = אחת לחודש
6 = לעיתים רחוקות יותר
7 = לא צופה כלל",,,,,,,,,,,,,,
תקשורת,$AH$74,"יניב שפירא:
1 = בידור, תרבות, ידיעות
2 = בידור, ידיעות, תרבות
3 = תרבות, ידיעות, בידור
4 = תרבות, בידור, ידיעות
5 = ידיעות, בידור, תרבות
6 = ידיעות, תרבות, בידור",,scale,"יניב שפירא:
1 = בידור, תרבות, ידיעות
2 = בידור, ידיעות, תרבות
3 = תרבות, ידיעות, בידור
4 = תרבות, בידור, ידיעות
5 = ידיעות, בידור, תרבות
6 = ידיעות, תרבות, בידור",,unknown,,,scale,"1 = בידור, תרבות, ידיעות
2 = בידור, ידיעות, תרבות
3 = תרבות, ידיעות, בידור
4 = תרבות, בידור, ידיעות
5 = ידיעות, בידור, תרבות
6 = ידיעות, תרבות, בידור",,,,,,,,,,,,,,
תקשורת,$AF$75,"יניב שפירא:
1 = חשוב מאוד
2 = חשוב
3 = לא כ""כ חשוב
4 = כלל לא חשוב",,scale,"יניב שפירא:
1 = חשוב מאוד
2 = חשוב
3 = לא כ""כ חשוב
4 = כלל לא חשוב",,unknown,,,scale,"1 = חשוב מאוד
2 = חשוב
3 = לא כ""כ חשוב
4 = כלל לא חשוב",,,,,,,,,,,,,,
תקשורת,$AF$84,"יניב שפירא:
1 = קובעת מאוד
2 = קובעת
3 = לא כ""כ קובעת
4 = לא קובעת כלל",,scale,"יניב שפירא:
1 = קובעת מאוד
2 = קובעת
3 = לא כ""כ קובעת
4 = לא קובעת כלל",,unknown,,,scale,"1 = קובעת מאוד
2 = קובעת
3 = לא כ""כ קובעת
4 = לא קובעת כלל",,,,,,,,,,,,,,
תקשורת,$AF$93,"יניב שפירא:
1 = שידורים שבהם מופיע מנהיג פוליטי ומציג את עמדת המפלגה
2 = שידור שבו מוצג סרט מחיי הארץ המציג את עמדת המפלגה
3 = אחר",,scale,"יניב שפירא:
1 = שידורים שבהם מופיע מנהיג פוליטי ומציג את עמדת המפלגה
2 = שידור שבו מוצג סרט מחיי הארץ המציג את עמדת המפלגה
3 = אחר",,unknown,,,scale,"1 = שידורים שבהם מופיע מנהיג פוליטי ומציג את עמדת המפלגה
2 = שידור שבו מוצג סרט מחיי הארץ המציג את עמדת המפלגה
3 = אחר",,,,,,,,,,,,,,
תקשורת,$AF$94,"יניב שפירא:
1 = שידורים שבהם מופיע מנהיג פוליטי ומציג את עמדת המפלגה
2 = שידור שבו מוצג סרט מחיי הארץ המציג את עמדת המפלגה
3 = אחר",,scale,"יניב שפירא:
1 = שידורים שבהם מופיע מנהיג פוליטי ומציג את עמדת המפלגה
2 = שידור שבו מוצג סרט מחיי הארץ המציג את עמדת המפלגה
3 = אחר",,unknown,,,scale,"1 = שידורים שבהם מופיע מנהיג פוליטי ומציג את עמדת המפלגה
2 = שידור שבו מוצג סרט מחיי הארץ המציג את עמדת המפלגה
3 = אחר",,,,,,,,,,,,,,
תקשורת,$AG$95,"יניב שפירא:
",יניב שפירא,unknown,,unknown,unknown,blank,,blank,,,,,,,,,,,,,,,
תקשורת,$AH$96,"יניב שפירא:
1 = כל יום
2 = כמה פעמים בשבוע
3 = פעם בשבוע
4 = לעיתים רחוקות יותר
5 = לא קורא",,scale,"יניב שפירא:
1 = כל יום
2 = כמה פעמים בשבוע
3 = פעם בשבוע
4 = לעיתים רחוקות יותר
5 = לא קורא",,unknown,,,scale,"1 = כל יום
2 = כמה פעמים בשבוע
3 = פעם בשבוע
4 = לעיתים רחוקות יותר
5 = לא קורא",,,,,,,,,,,,,,
תקשורת,$AH$109,"יניב שפירא:
1 = בדר""כ כן
2 = לפעמים כן לפעמים לא
3 = בדר""כ לא
4 = לא מקבל אינפורמציה",,scale,"יניב שפירא:
1 = בדר""כ כן
2 = לפעמים כן לפעמים לא
3 = בדר""כ לא
4 = לא מקבל אינפורמציה",,unknown,,,scale,"1 = בדר""כ כן
2 = לפעמים כן לפעמים לא
3 = בדר""כ לא
4 = לא מקבל אינפורמציה",,,,,,,,,,,,,,
תקשורת,$AH$110,"יניב שפירא:
1 = בדר""כ כן
2 = לפעמים כן לפעמים לא
3 = בדר""כ לא
4 = לא מקבל אינפורמציה",,scale,"יניב שפירא:
1 = בדר""כ כן
2 = לפעמים כן לפעמים לא
3 = בדר""כ לא
4 = לא מקבל אינפורמציה",,unknown,,,scale,"1 = בדר""כ כן
2 = לפעמים כן לפעמים לא
3 = בדר""כ לא
4 = לא מקבל אינפורמציה",,,,,,,,,,,,,,
ידע כללי,$D$2,"יניב שפירא:
1 = תשובה נכונה
2 = תשובה לא נכונה
3 = לא יודע",,scale,"יניב שפירא:
1 = תשובה נכונה
2 = תשובה לא נכונה
3 = לא יודע",,unknown,,,scale,"1 = תשובה נכונה
2 = תשובה לא נכונה
3 = לא יודע",,,,,,,,,,,,,,
ידע כללי,$D$3,"יניב שפירא:
1 = תשובה נכונה (אסתר חיות)
2 = תשובה לא נכונה
3 = לא יודע",,scale,"יניב שפירא:
1 = תשובה נכונה (אסתר חיות)
2 = תשובה לא נכונה
3 = לא יודע",,unknown,,,scale,"1 = תשובה נכונה (אסתר חיות)
2 = תשובה לא נכונה
3 = לא יודע",,,,,,,,,,,,,,
ידע כללי,$D$4,"יניב שפירא:
1 = לא יודע
2 = בינוי ושיכון
3 = בריאות
4 = חינוך
5 = תחבורה",,scale,"יניב שפירא:
1 = לא יודע
2 = בינוי ושיכון
3 = בריאות
4 = חינוך
5 = תחבורה",,unknown,,,scale,"1 = לא יודע
2 = בינוי ושיכון
3 = בריאות
4 = חינוך
5 = תחבורה",,,,,,,,,,,,,,
ידע כללי,$F$5,"יניב שפירא:
1 = יולי אדלשטיין
2 = תשובה לא נכונה
3 = לא יודע",,scale,"יניב שפירא:
1 = יולי אדלשטיין
2 = תשובה לא נכונה
3 = לא יודע",,unknown,,,scale,"1 = יולי אדלשטיין
2 = תשובה לא נכונה
3 = לא יודע",,,,,,,,,,,,,,
ידע כללי,$G$5,"יניב שפירא:
1 = יולי אדלשטיין
2 = לא נכון
8 = לא יודע",,scale,"יניב שפירא:
1 = יולי אדלשטיין
2 = לא נכון
8 = לא יודע",,unknown,,,scale,"1 = יולי אדלשטיין
2 = לא נכון
8 = לא יודע",,,,,,,,,,,,,,
ידע כללי,$F$6,"יניב שפירא:
1 = לא יודע
2 = ברזיל
3 = סעודיה
4 = צפון קוריאה
5 = צ'אד (תשובה נכונה)",,scale,"יניב שפירא:
1 = לא יודע
2 = ברזיל
3 = סעודיה
4 = צפון קוריאה
5 = צ'אד (תשובה נכונה)",,unknown,,,scale,"1 = לא יודע
2 = ברזיל
3 = סעודיה
4 = צפון קוריאה
5 = צ'אד (תשובה נכונה)",,,,,,,,,,,,,,
ידע כללי,$G$7,"יניב שפירא:
1 = פחות מ10%
2 = בין 10% ל40%
3 = בין 40% ל75%
4 = יותר מ75%
8 = לא יודע",,scale,"יניב שפירא:
1 = פחות מ10%
2 = בין 10% ל40%
3 = בין 40% ל75%
4 = יותר מ75%
8 = לא יודע",,unknown,,,scale,"1 = פחות מ10%
2 = בין 10% ל40%
3 = בין 40% ל75%
4 = יותר מ75%
8 = לא יודע",,,,,,,,,,,,,,
ידע כללי,$P$8,"יניב שפירא:
1 = ישראל
2 = צרפת
3 = ארה""ב
4 = בריטניה",,scale,"יניב שפירא:
1 = ישראל
2 = צרפת
3 = ארה""ב
4 = בריטניה",,unknown,,,scale,"1 = ישראל
2 = צרפת
3 = ארה""ב
4 = בריטניה",,,,,,,,,,,,,,
ידע כללי,$P$9,"יניב שפירא:
1 = פחות ממיליארד דולר בשנה
2 = בין 1-2 מיליארד דולר בשנה
3 = בין 3-5 מיליארד דולר בשנה
4 = יותר מ-5 מיליארד דולר בשנה",,scale,"יניב שפירא:
1 = פחות ממיליארד דולר בשנה
2 = בין 1-2 מיליארד דולר בשנה
3 = בין 3-5 מיליארד דולר בשנה
4 = יותר מ-5 מיליארד דולר בשנה",,unknown,,,scale,"1 = פחות ממיליארד דולר בשנה
2 = בין 1-2 מיליארד דולר בשנה
3 = בין 3-5 מיליארד דולר בשנה
4 = יותר מ-5 מיליארד דולר בשנה",,,,,,,,,,,,,,
ידע כללי,$P$10,"יניב שפירא:
1 = בטוח שיש
2 = חושב שיש
3 = חושב שאין
4 = בטוח שאין",,scale,"יניב שפירא:
1 = בטוח שיש
2 = חושב שיש
3 = חושב שאין
4 = בטוח שאין",,unknown,,,scale,"1 = בטוח שיש
2 = חושב שיש
3 = חושב שאין
4 = בטוח שאין",,,,,,,,,,,,,,
ידע כללי,$P$11,"יניב שפירא:
1 = 58
2 = 140
3 = 485
4 = 1150
5 = 3900",,scale,"יניב שפירא:
1 = 58
2 = 140
3 = 485
4 = 1150
5 = 3900",,unknown,,,scale,"1 = 58
2 = 140
3 = 485
4 = 1150
5 = 3900",,,,,,,,,,,,,,
ידע כללי,$P$12,"יניב שפירא:
1 = בטוח שיש
2 = חושב שיש
3 = חושב שאין
4 = בטוח שאין",,scale,"יניב שפירא:
1 = בטוח שיש
2 = חושב שיש
3 = חושב שאין
4 = בטוח שאין",,unknown,,,scale,"1 = בטוח שיש
2 = חושב שיש
3 = חושב שאין
4 = בטוח שאין",,,,,,,,,,,,,,
ידע כללי,$P$13,"יניב שפירא:
1 = בטוח שיש
2 = חושב שיש
3 = חושב שאין
4 = בטוח שאין",,scale,"יניב שפירא:
1 = בטוח שיש
2 = חושב שיש
3 = חושב שאין
4 = בטוח שאין",,unknown,,,scale,"1 = בטוח שיש
2 = חושב שיש
3 = חושב שאין
4 = בטוח שאין",,,,,,,,,,,,,,
מגדר,$G$2,"יניב שפירא:
1 = בכלל לא
2 = במידה מועטה
3 = במידה רבה
4 = במידה רבה מאד",,scale,"יניב שפירא:
1 = בכלל לא
2 = במידה מועטה
3 = במידה רבה
4 = במידה רבה מאד",,unknown,,,scale,"1 = בכלל לא
2 = במידה מועטה
3 = במידה רבה
4 = במידה רבה מאד",,,,,,,,,,,,,,
מגדר,$G$3,"יניב שפירא:
1 = בכלל לא חשוב
2 = חשוב במידה מועטה
3 = די חשוב
4 = חשוב מאד",,scale,"יניב שפירא:
1 = בכלל לא חשוב
2 = חשוב במידה מועטה
3 = די חשוב
4 = חשוב מאד",,unknown,,,scale,"1 = בכלל לא חשוב
2 = חשוב במידה מועטה
3 = די חשוב
4 = חשוב מאד",,,,,,,,,,,,,,
מגדר,$H$4,"יניב שפירא:
1 = בהחלט לא מסכים
2 = לא מסכים
3 = מסכים
4 = בהחלט מסכים",,scale,"יניב שפירא:
1 = בהחלט לא מסכים
2 = לא מסכים
3 = מסכים
4 = בהחלט מסכים",,unknown,,,scale,"1 = בהחלט לא מסכים
2 = לא מסכים
3 = מסכים
4 = בהחלט מסכים",,,,,,,,,,,,,,
מגדר,$H$10,"יניב שפירא:
1 = אני עושה יותר מבן/בת זוגי
2 = החלוקה פחות או יותר שוויונית
3 = אני עושה פחות מבן/בת זוגי",,scale,"יניב שפירא:
1 = אני עושה יותר מבן/בת זוגי
2 = החלוקה פחות או יותר שוויונית
3 = אני עושה פחות מבן/בת זוגי",,unknown,,,scale,"1 = אני עושה יותר מבן/בת זוגי
2 = החלוקה פחות או יותר שוויונית
3 = אני עושה פחות מבן/בת זוגי",,,,,,,,,,,,,,
מגדר,$H$11,"יניב שפירא:
1 = בטוח שכן
2 = חושב שכן
3 = ככה ככה
4 = חושב שלא
5 = בטוח שלא",,scale,"יניב שפירא:
1 = בטוח שכן
2 = חושב שכן
3 = ככה ככה
4 = חושב שלא
5 = בטוח שלא",,unknown,,,scale,"1 = בטוח שכן
2 = חושב שכן
3 = ככה ככה
4 = חושב שלא
5 = בטוח שלא",,,,,,,,,,,,,,
ייצוגיות,$A$2,"יניב שפירא:
שאלות: 31,33,34,36,37,39,40,42,43,44
אין קידוד בstata, האם אבד??
גם ב2020 וגם ב2019
גם ב2021",,scale,"יניב שפירא:
שאלות: 31,33,34,36,37,39,40,42,43,44
אין קידוד בstata, האם אבד??
גם ב2020 וגם ב2019
גם ב2021",,unknown,,,scale,"שאלות: 31,33,34,36,37,39,40,42,43,44
אין קידוד בstata, האם אבד??
גם ב2020 וגם ב2019
גם ב2021",,,,,,,,,,,,,,
ייצוגיות,$D$2,"יניב שפירא:
1 = בטוח שלא
2 = חושב שלא
3 = חושב שכן
4 = בטוח שכן",,scale,"יניב שפירא:
1 = בטוח שלא
2 = חושב שלא
3 = חושב שכן
4 = בטוח שכן",,unknown,,,scale,"1 = בטוח שלא
2 = חושב שלא
3 = חושב שכן
4 = בטוח שכן",,,,,,,,,,,,,,
ייצוגיות,$D$10,"יניב שפירא:
1 = שהמפלגה תייצג את עמדותיך בנושאים החשובים לך
2 = שבמפלגה יש אנשים שהמאפיינים והרקע שלהם דומים לשלך
3 = שהמפלגה תגרום לך להרגיש שייכות וגאווה בזהות שלך
4 = שהמפלגה תשתמש בסמכות שנתת לה בצורה אחראית",,scale,"יניב שפירא:
1 = שהמפלגה תייצג את עמדותיך בנושאים החשובים לך
2 = שבמפלגה יש אנשים שהמאפיינים והרקע שלהם דומים לשלך
3 = שהמפלגה תגרום לך להרגיש שייכות וגאווה בזהות שלך
4 = שהמפלגה תשתמש בסמכות שנתת לה בצורה אחראית",,unknown,,,scale,"1 = שהמפלגה תייצג את עמדותיך בנושאים החשובים לך
2 = שבמפלגה יש אנשים שהמאפיינים והרקע שלהם דומים לשלך
3 = שהמפלגה תגרום לך להרגיש שייכות וגאווה בזהות שלך
4 = שהמפלגה תשתמש בסמכות שנתת לה בצורה אחראית",,,,,,,,,,,,,,
ייצוגיות,$D$11,"יניב שפירא:
1 = שהחוקים של הכנסת ייצגו את עמדותיך בנושאים החשובים לך
2 = שבכנסת יהיה ייצוג לאנשים עם מאפיינים ורקע כמו שלך
3 = שהכנסת תגרום לך להרגיש שייכות וגאווה בזהות שלך
4 = שהכנסת תשתמש בסמכות שאנחנו נתנו לה בצורה אחראית למען הציבור",,scale,"יניב שפירא:
1 = שהחוקים של הכנסת ייצגו את עמדותיך בנושאים החשובים לך
2 = שבכנסת יהיה ייצוג לאנשים עם מאפיינים ורקע כמו שלך
3 = שהכנסת תגרום לך להרגיש שייכות וגאווה בזהות שלך
4 = שהכנסת תשתמש בסמכות שאנחנו נתנו לה בצורה אחראית למען הציבור",,unknown,,,scale,"1 = שהחוקים של הכנסת ייצגו את עמדותיך בנושאים החשובים לך
2 = שבכנסת יהיה ייצוג לאנשים עם מאפיינים ורקע כמו שלך
3 = שהכנסת תגרום לך להרגיש שייכות וגאווה בזהות שלך
4 = שהכנסת תשתמש בסמכות שאנחנו נתנו לה בצורה אחראית למען הציבור",,,,,,,,,,,,,,
ייצוגיות,$A$12,"יניב שפירא:
שאלות 109 + 110
לא מקודדות אצלי בstata
גם ב2020 וגם ב2019
גם ב2021",,scale,"יניב שפירא:
שאלות 109 + 110
לא מקודדות אצלי בstata
גם ב2020 וגם ב2019
גם ב2021",,unknown,,,scale,"שאלות 109 + 110
לא מקודדות אצלי בstata
גם ב2020 וגם ב2019
גם ב2021",,,,,,,,,,,,,,
ייצוגיות,$D$12,"יניב שפירא:
1 = במידה רבה
2 = במידה מסוימת
3 = במידה מועטה
4 = בכלל לא",,scale,"יניב שפירא:
1 = במידה רבה
2 = במידה מסוימת
3 = במידה מועטה
4 = בכלל לא",,unknown,,,scale,"1 = במידה רבה
2 = במידה מסוימת
3 = במידה מועטה
4 = בכלל לא",,,,,,,,,,,,,,
ייצוגיות,$D$13,"יניב שפירא:
1 = במידה רבה
2 = במידה מסוימת
3 = במידה מועטה
4 = בכלל לא",,scale,"יניב שפירא:
1 = במידה רבה
2 = במידה מסוימת
3 = במידה מועטה
4 = בכלל לא",,unknown,,,scale,"1 = במידה רבה
2 = במידה מסוימת
3 = במידה מועטה
4 = בכלל לא",,,,,,,,,,,,,,
ייצוגיות,$A$14,"יניב שפירא:
שאלה של אחרי הבחירות.
שאלה E110 לא מקודדת בstata
גם ב2020 וגם ב2019
גם ב2021",,scale,"יניב שפירא:
שאלה של אחרי הבחירות.
שאלה E110 לא מקודדת בstata
גם ב2020 וגם ב2019
גם ב2021",,unknown,,,scale,"שאלה של אחרי הבחירות.
שאלה E110 לא מקודדת בstata
גם ב2020 וגם ב2019
גם ב2021",,,,,,,,,,,,,,
ייצוגיות,$D$14,"יניב שפירא:
1 = במידה רבה
2 = במידה מסוימת
3 = במידה מועטה
4 = בכלל לא
8 = לא יודע
9 = מסרב",,scale,"יניב שפירא:
1 = במידה רבה
2 = במידה מסוימת
3 = במידה מועטה
4 = בכלל לא
8 = לא יודע
9 = מסרב",,unknown,,,scale,"1 = במידה רבה
2 = במידה מסוימת
3 = במידה מועטה
4 = בכלל לא
8 = לא יודע
9 = מסרב",,,,,,,,,,,,,,
ייצוגיות,$F$15,"יניב שפירא:
1 = כלל לא מסכים
2 = לא כ""כ מסכים
3 = די מסכים
4 = מסכים מאד",,scale,"יניב שפירא:
1 = כלל לא מסכים
2 = לא כ""כ מסכים
3 = די מסכים
4 = מסכים מאד",,unknown,,,scale,"1 = כלל לא מסכים
2 = לא כ""כ מסכים
3 = די מסכים
4 = מסכים מאד",,,,,,,,,,,,,,
ייצוגיות,$Q$15,"יניב שפירא:
1 = מסכים בהחלט
2 = מסכים
3 = לא בטוח
4 = לא מסכים
5 = כלל לא מסכים",,scale,"יניב שפירא:
1 = מסכים בהחלט
2 = מסכים
3 = לא בטוח
4 = לא מסכים
5 = כלל לא מסכים",,unknown,,,scale,"1 = מסכים בהחלט
2 = מסכים
3 = לא בטוח
4 = לא מסכים
5 = כלל לא מסכים",,,,,,,,,,,,,,
ייצוגיות,$V$15,"יניב שפירא:
1 = בכלל לא מתחשב
2 = מתחשב במידה מועטה
3 = מתחשב במידה מסויימת
4 = מתחשב במידה רבה",,scale,"יניב שפירא:
1 = בכלל לא מתחשב
2 = מתחשב במידה מועטה
3 = מתחשב במידה מסויימת
4 = מתחשב במידה רבה",,unknown,,,scale,"1 = בכלל לא מתחשב
2 = מתחשב במידה מועטה
3 = מתחשב במידה מסויימת
4 = מתחשב במידה רבה",,,,,,,,,,,,,,
ייצוגיות,$AG$15,"יניב שפירא:
1 = בהחלט לא מתחשב
2 = אולי לא מתחשב
3 = אולי מתחשב
4 = בהחלט מתחשב",,scale,"יניב שפירא:
1 = בהחלט לא מתחשב
2 = אולי לא מתחשב
3 = אולי מתחשב
4 = בהחלט מתחשב",,unknown,,,scale,"1 = בהחלט לא מתחשב
2 = אולי לא מתחשב
3 = אולי מתחשב
4 = בהחלט מתחשב",,,,,,,,,,,,,,
ייצוגיות,$F$16,"יניב שפירא:
קידוד 29 מפלגות",יניב שפירא,unknown,קידוד 29 מפלגות,unknown,unknown,specialScale,,specialScale,קידוד 29 מפלגות,,,,,,,,,,,,,,
ייצוגיות,$A$17,"יניב שפירא:
שאלות 80-85 לא מקודדות בstata
(בשנת 2019, אין אותם ב2020)",,scale,"יניב שפירא:
שאלות 80-85 לא מקודדות בstata
(בשנת 2019, אין אותם ב2020)",,unknown,,,scale,"שאלות 80-85 לא מקודדות בstata
(בשנת 2019, אין אותם ב2020)",,,,,,,,,,,,,,
ייצוגיות,$F$17,"יניב שפירא:
1 = כלל לא מסכים
2 = לא כ""כ מסכים
3 = די מסכים
4 = מאד מסכים",,scale,"יניב שפירא:
1 = כלל לא מסכים
2 = לא כ""כ מסכים
3 = די מסכים
4 = מאד מסכים",,unknown,,,scale,"1 = כלל לא מסכים
2 = לא כ""כ מסכים
3 = די מסכים
4 = מאד מסכים",,,,,,,,,,,,,,
ייצוגיות,$A$23,"יניב שפירא:
שאלה 91 לא מקודדת בstata
(בשנת 2019, אין אותה ב2020)",,scale,"יניב שפירא:
שאלה 91 לא מקודדת בstata
(בשנת 2019, אין אותה ב2020)",,unknown,,,scale,"שאלה 91 לא מקודדת בstata
(בשנת 2019, אין אותה ב2020)",,,,,,,,,,,,,,
ייצוגיות,$F$23,"יניב שפירא:
1 = שיש לו רמת השכלה כמו שלך
2 = שהיא אישה כמוך/שהוא גבר כמוך
3 = שהוא שומר, או לא שומר על המסורת הדתית באותה מידה כמוך
4 = שהוא ממוצא עדתי כמו שלך
5 = שהוא ממעמד כלכלי דומה לשלך
6 = שהוא יהודי/ערבי
7 = אף אחד מהדברים האלה לא חשוב לך
8 = אחר",,scale,"יניב שפירא:
1 = שיש לו רמת השכלה כמו שלך
2 = שהיא אישה כמוך/שהוא גבר כמוך
3 = שהוא שומר, או לא שומר על המסורת הדתית באותה מידה כמוך
4 = שהוא ממוצא עדתי כמו שלך
5 = שהוא ממעמד כלכלי דומה לשלך
6 = שהוא יהודי/ערבי
7 = אף אחד מהדברים האלה לא חשוב לך
8 = אחר",,unknown,,,scale,"1 = שיש לו רמת השכלה כמו שלך
2 = שהיא אישה כמוך/שהוא גבר כמוך
3 = שהוא שומר, או לא שומר על המסורת הדתית באותה מידה כמוך
4 = שהוא ממוצא עדתי כמו שלך
5 = שהוא ממעמד כלכלי דומה לשלך
6 = שהוא יהודי/ערבי
7 = אף אחד מהדברים האלה לא חשוב לך
8 = אחר",,,,,,,,,,,,,,
ייצוגיות,$G$24,"יניב שפירא:
1 = כלל לא מסכים
2 = לא מסכים
3 = מסכים
4 = מסכים מאד",,scale,"יניב שפירא:
1 = כלל לא מסכים
2 = לא מסכים
3 = מסכים
4 = מסכים מאד",,unknown,,,scale,"1 = כלל לא מסכים
2 = לא מסכים
3 = מסכים
4 = מסכים מאד",,,,,,,,,,,,,,
ייצוגיות,$A$25,"יניב שפירא:
שאלות 86-90
לא מקודדות אצלי בstata
גם ב2020 וגם ב2019
גם ב2021",,scale,"יניב שפירא:
שאלות 86-90
לא מקודדות אצלי בstata
גם ב2020 וגם ב2019
גם ב2021",,unknown,,,scale,"שאלות 86-90
לא מקודדות אצלי בstata
גם ב2020 וגם ב2019
גם ב2021",,,,,,,,,,,,,,
ייצוגיות,$D$25,"יניב שפירא:
1 = כלל לא מסכים
2 = לא כ""כ מסכים
3 = די מסכים
4 = מאד מסכים",,scale,"יניב שפירא:
1 = כלל לא מסכים
2 = לא כ""כ מסכים
3 = די מסכים
4 = מאד מסכים",,unknown,,,scale,"1 = כלל לא מסכים
2 = לא כ""כ מסכים
3 = די מסכים
4 = מאד מסכים",,,,,,,,,,,,,,
ייצוגיות,$A$29,"יניב שפירא:
רק ליהודים",יניב שפירא,sector,רק ליהודים,,unknown,,,sector,רק ליהודים,,,,,,,,,,,,,,
ייצוגיות,$L$29,"יניב שפירא:
סולם 1-5
1 = לא משנה עבור מי מצביעים
5 = כן משנה",,scale,"יניב שפירא:
סולם 1-5
1 = לא משנה עבור מי מצביעים
5 = כן משנה",,unknown,,,scale,"סולם 1-5
1 = לא משנה עבור מי מצביעים
5 = כן משנה",,,,,,,,,,,,,,
ייצוגיות,$I$30,"יניב שפירא:
1 = היא קודם כל מפלגה שמייצגת את העולים מברה""מ לשעבר
2 = היא לא מפלגה כזו",,scale,"יניב שפירא:
1 = היא קודם כל מפלגה שמייצגת את העולים מברה""מ לשעבר
2 = היא לא מפלגה כזו",,unknown,,,scale,"1 = היא קודם כל מפלגה שמייצגת את העולים מברה""מ לשעבר
2 = היא לא מפלגה כזו",,,,,,,,,,,,,,
ייצוגיות,$A$31,"יניב שפירא:
רק לעולי ברה""מ",יניב שפירא,sector,"רק לעולי ברה""מ",,unknown,,,sector,"רק לעולי ברה""מ",,,,,,,,,,,,,,
ייצוגיות,$J$31,"יניב שפירא:
1 = בטוח שכן
2 = חושב שכן
3 = חושב שלא
4 = בטוח שלא",,scale,"יניב שפירא:
1 = בטוח שכן
2 = חושב שכן
3 = חושב שלא
4 = בטוח שלא",,unknown,,,scale,"1 = בטוח שכן
2 = חושב שכן
3 = חושב שלא
4 = בטוח שלא",,,,,,,,,,,,,,
ייצוגיות,$V$32,"יניב שפירא:
1 = צעירים
2 = נשים
3 = עדות המזרח
4 = אנשי רוח
5 = פועלים
6 = אנשי צבא
7 = אנשי עסקים
8 = עולים חדשים
9 = אף קבוצה",,scale,"יניב שפירא:
1 = צעירים
2 = נשים
3 = עדות המזרח
4 = אנשי רוח
5 = פועלים
6 = אנשי צבא
7 = אנשי עסקים
8 = עולים חדשים
9 = אף קבוצה",,unknown,,,scale,"1 = צעירים
2 = נשים
3 = עדות המזרח
4 = אנשי רוח
5 = פועלים
6 = אנשי צבא
7 = אנשי עסקים
8 = עולים חדשים
9 = אף קבוצה",,,,,,,,,,,,,,
ייצוגיות,$V$33,"יניב שפירא:
1 = צעירים
2 = נשים
3 = עדות המזרח
4 = אנשי רוח
5 = פועלים
6 = אנשי צבא
7 = אנשי עסקים
8 = עולים חדשים
9 = אף קבוצה",,scale,"יניב שפירא:
1 = צעירים
2 = נשים
3 = עדות המזרח
4 = אנשי רוח
5 = פועלים
6 = אנשי צבא
7 = אנשי עסקים
8 = עולים חדשים
9 = אף קבוצה",,unknown,,,scale,"1 = צעירים
2 = נשים
3 = עדות המזרח
4 = אנשי רוח
5 = פועלים
6 = אנשי צבא
7 = אנשי עסקים
8 = עולים חדשים
9 = אף קבוצה",,,,,,,,,,,,,,
ייצוגיות,$A$34,"יניב שפירא:
אין קידוד
2021",,scale,"יניב שפירא:
אין קידוד
2021",,unknown,,,scale,"אין קידוד
2021",,,,,,,,,,,,,,
ייצוגיות,$C$34,"יניב שפירא:
1 = מי שהצביע לו
2 = מי שלא הצביע לו
3 = גם וגם
4 = אף אחד
5 = לא הצביע",,scale,"יניב שפירא:
1 = מי שהצביע לו
2 = מי שלא הצביע לו
3 = גם וגם
4 = אף אחד
5 = לא הצביע",,unknown,,,scale,"1 = מי שהצביע לו
2 = מי שלא הצביע לו
3 = גם וגם
4 = אף אחד
5 = לא הצביע",,,,,,,,,,,,,,
ייצוגיות,$A$35,"יניב שפירא:
אין קידוד
2021",,scale,"יניב שפירא:
אין קידוד
2021",,unknown,,,scale,"אין קידוד
2021",,,,,,,,,,,,,,
ייצוגיות,$C$35,"יניב שפירא:
1 = מפלגות ופוליטיקאים מהמערכת הפוליטית
2 = גופים ואנשים מחוץ למערכת הפוליטית
3 = גם וגם
4 = אף אחד מהם",,scale,"יניב שפירא:
1 = מפלגות ופוליטיקאים מהמערכת הפוליטית
2 = גופים ואנשים מחוץ למערכת הפוליטית
3 = גם וגם
4 = אף אחד מהם",,unknown,,,scale,"1 = מפלגות ופוליטיקאים מהמערכת הפוליטית
2 = גופים ואנשים מחוץ למערכת הפוליטית
3 = גם וגם
4 = אף אחד מהם",,,,,,,,,,,,,,
ייצוגיות,$A$36,"יניב שפירא:
מי שענה 2/3 בשאלה הקודמת
אין קידוד
2021",,scale,"יניב שפירא:
מי שענה 2/3 בשאלה הקודמת
אין קידוד
2021",,unknown,,,scale,"מי שענה 2/3 בשאלה הקודמת
אין קידוד
2021",,,,,,,,,,,,,,
ייצוגיות,$C$36,"יניב שפירא:
שאלה פתוחה",יניב שפירא,unknown,שאלה פתוחה,unknown,open,,,open,שאלה פתוחה,,,,,,,,,,,,,,
שחיתות,$D$2,"יניב שפירא:
1 = בהחלט יכול
2 = יכול
3 = לא יכול
4 = בהחלט לא יכול",,scale,"יניב שפירא:
1 = בהחלט יכול
2 = יכול
3 = לא יכול
4 = בהחלט לא יכול",,unknown,,,scale,"1 = בהחלט יכול
2 = יכול
3 = לא יכול
4 = בהחלט לא יכול",,,,,,,,,,,,,,
שחיתות,$D$3,"יניב שפירא:
1 = כלל לא מסכים
2 = לא כ""כ מסכים
3 = די מסכים
4 = מאוד מסכים",,scale,"יניב שפירא:
1 = כלל לא מסכים
2 = לא כ""כ מסכים
3 = די מסכים
4 = מאוד מסכים",,unknown,,,scale,"1 = כלל לא מסכים
2 = לא כ""כ מסכים
3 = די מסכים
4 = מאוד מסכים",,,,,,,,,,,,,,
שחיתות,$D$4,"יניב שפירא:
1 = שכתב האישום נגד ראש הממשלה הוא חלק ממסע רדיפה נגדו
2 = שהגופים הללו פועלים כנדרש",,scale,"יניב שפירא:
1 = שכתב האישום נגד ראש הממשלה הוא חלק ממסע רדיפה נגדו
2 = שהגופים הללו פועלים כנדרש",,unknown,,,scale,"1 = שכתב האישום נגד ראש הממשלה הוא חלק ממסע רדיפה נגדו
2 = שהגופים הללו פועלים כנדרש",,,,,,,,,,,,,,
שחיתות,$F$4,"יניב שפירא:
1 = שחקירות ראש הממשלה הן חלק ממסע רדיפה שמנהלות נגדו התקשורת, מערכת המשפט והמשטרה
2 = שהתקשורת, מערכת המשפט והמשטרה פועלים כנדרש",,scale,"יניב שפירא:
1 = שחקירות ראש הממשלה הן חלק ממסע רדיפה שמנהלות נגדו התקשורת, מערכת המשפט והמשטרה
2 = שהתקשורת, מערכת המשפט והמשטרה פועלים כנדרש",,unknown,,,scale,"1 = שחקירות ראש הממשלה הן חלק ממסע רדיפה שמנהלות נגדו התקשורת, מערכת המשפט והמשטרה
2 = שהתקשורת, מערכת המשפט והמשטרה פועלים כנדרש",,,,,,,,,,,,,,
שחיתות,$AD$5,"יניב שפירא:
1 = בהחלט מסכים
2 = מסכים
3 = לא כ""כ מסכים
4 = כלל לא מסכים",,scale,"יניב שפירא:
1 = בהחלט מסכים
2 = מסכים
3 = לא כ""כ מסכים
4 = כלל לא מסכים",,unknown,,,scale,"1 = בהחלט מסכים
2 = מסכים
3 = לא כ""כ מסכים
4 = כלל לא מסכים",,,,,,,,,,,,,,
שחיתות,$AD$6,"יניב שפירא:
1 = במצב של פיתוח כלכלי אין להמנע ממקרים כאלה
2 = מקרים אלה מראים על הדרדרות מוסרית ויש לעקור אותם מן השורש",,scale,"יניב שפירא:
1 = במצב של פיתוח כלכלי אין להמנע ממקרים כאלה
2 = מקרים אלה מראים על הדרדרות מוסרית ויש לעקור אותם מן השורש",,unknown,,,scale,"1 = במצב של פיתוח כלכלי אין להמנע ממקרים כאלה
2 = מקרים אלה מראים על הדרדרות מוסרית ויש לעקור אותם מן השורש",,,,,,,,,,,,,,
שחיתות,$AD$8,"יניב שפירא:
1 = שינוי לטובה
2 = המצב ישאר כמו שהוא
3 = שינוי לרעה",,scale,"יניב שפירא:
1 = שינוי לטובה
2 = המצב ישאר כמו שהוא
3 = שינוי לרעה",,unknown,,,scale,"1 = שינוי לטובה
2 = המצב ישאר כמו שהוא
3 = שינוי לרעה",,,,,,,,,,,,,,
ערבים בלבד,$D$2,"יניב שפירא:
1 = מדינה פלסטינית לצד מדינת ישראל היא הדרך הטובה ביותר
2 = מדינה אחת בין הים לירדן היא הדרך הטובה ביותר",,scale,"יניב שפירא:
1 = מדינה פלסטינית לצד מדינת ישראל היא הדרך הטובה ביותר
2 = מדינה אחת בין הים לירדן היא הדרך הטובה ביותר",,unknown,,,scale,"1 = מדינה פלסטינית לצד מדינת ישראל היא הדרך הטובה ביותר
2 = מדינה אחת בין הים לירדן היא הדרך הטובה ביותר",,,,,,,,,,,,,,
ערבים בלבד,$G$3,"יניב שפירא:
1 = כלל לא מסכים
2 = לא מסכים
3 = מסכים
4 = מסכים מאוד",,scale,"יניב שפירא:
1 = כלל לא מסכים
2 = לא מסכים
3 = מסכים
4 = מסכים מאוד",,unknown,,,scale,"1 = כלל לא מסכים
2 = לא מסכים
3 = מסכים
4 = מסכים מאוד",,,,,,,,,,,,,,
ערבים בלבד,$D$4,"יניב שפירא:
1 = כלל לא מסכים
2 = לא כ""כ מסכים
3 = די מסכים
4 = מאוד מסכים ",,scale,"יניב שפירא:
1 = כלל לא מסכים
2 = לא כ""כ מסכים
3 = די מסכים
4 = מאוד מסכים ",,unknown,,,scale,"1 = כלל לא מסכים
2 = לא כ""כ מסכים
3 = די מסכים
4 = מאוד מסכים ",,,,,,,,,,,,,,
ערבים בלבד,$A$9,"יניב שפירא:
שאלות 12B-14B בפוסט בחירות 2019 לא מקודדות בstata",יניב שפירא,unknown,שאלות 12B-14B בפוסט בחירות 2019 לא מקודדות בstata,unknown,unknown,stataIsNotCoded,,stataIsNotCoded,שאלות 12B-14B בפוסט בחירות 2019 לא מקודדות בstata,,,,,,,,,,,,,,
ערבים בלבד,$I$12,"יניב שפירא:
1 = ישראלי
2 = פלסטיני
3 = ערבי
4 = הדת שלי",,scale,"יניב שפירא:
1 = ישראלי
2 = פלסטיני
3 = ערבי
4 = הדת שלי",,unknown,,,scale,"1 = ישראלי
2 = פלסטיני
3 = ערבי
4 = הדת שלי",,,,,,,,,,,,,,
ערבים בלבד,$C$16,"יניב שפירא:
1 = מאד מסכים
2 = די מסכים
3 = לא כ""כ מסכים
4 = לא מסכים כלל",,scale,"יניב שפירא:
1 = מאד מסכים
2 = די מסכים
3 = לא כ""כ מסכים
4 = לא מסכים כלל",,unknown,,,scale,"1 = מאד מסכים
2 = די מסכים
3 = לא כ""כ מסכים
4 = לא מסכים כלל",,,,,,,,,,,,,,
