qid_s,wxl_survey,dta_description,dta_answers
a38,1969 - 1,comparison - present to past,"{0: 'irrelevant', 1: 'present lower than past', 2: 'no change', 3: 'present higher than past'}"
a39,1969 - 1,comparison - present to future,"{0: 'irrelevant', 1: 'present higher than future', 2: 'no change', 3: 'present lower than future'}"
a44,1969 - 1,comparison - present to past,"{0: 'irrelevant', 1: 'present lower than past', 2: 'no change', 3: 'present higher than past'}"
a45,1969 - 1,comparison - present to future,"{0: 'irrelevant', 1: 'present higher than future', 2: 'no change', 3: 'present lower than future'}"
a51,1969 - 1,comparison - present to past,"{0: 'irrelevant', 1: 'present lower than past', 2: 'no change', 3: 'present higher than past'}"
a52,1969 - 1,comparison - present to future,"{0: 'irrelevant', 1: 'present higher than future', 2: 'no change', 3: 'present lower than future'}"
a58,1969 - 1,comparison - present to past,"{0: 'irrelevant', 1: 'present lower than past', 2: 'no change', 3: 'present higher than past'}"
a59,1969 - 1,comparison - present to future,"{0: 'irrelevant', 1: 'presnet higher than future', 2: 'no change', 3: 'present lower than future'}"
a93,1969 - 1,card number,
a94,1969 - 1,phase number,{5: 'phase i'}
b32,1969 - 1,the third most important problem for israel today,"{0: 'no answer', 1: 'relations with world powers', 2: 'economic independence', 3: 'peace in the area', 4: 'labour relations', 5: 'relations with arab population in israel and territories', 6: 'military strength', 7: 'image of israel in the world', 8: 'absorption of immigrants', 9: 'place of religion in the state', 10: 'relations among the ethnic groups', 11: 'other. which?', 12: ""i don't know which topic is most important"", 13: 'respondent cited just one or two important problems'}"
b57,1969 - 1,which party will you vote for for the municipality?,"{0: 'no answer', 1: 'free center', 2: 'gahal', 3: 'independent liberals', 4: 'alignment: labour-mapam', 5: 'religious labour party', 6: 'national religious party', 7: 'agudath yisrael', 8: 'israeli communist party', 9: 'rakach', 10: 'haolam hazeh', 11: 'an ethnic party', 12: 'local party', 13: 'another party. which?', 14: 'respondent will vote for same party for knesset', 15: ""respondent hasn't decided which party"", 16: ""respondent won't vote for municipality""}"
b68,1969 - 1,the second of two parties you would never vote for,"{0: 'no answer', 1: 'free center', 2: 'gahal', 3: 'independent liberals', 4: 'alignment: labour - mapam', 5: 'religious labour party', 6: 'national religious party', 7: 'agudath yisrael', 8: 'israeli communist party', 9: 'rakach', 10: 'haolam hazeh', 11: 'an ethnic party', 12: 'another party. which?', 13: 'did not cite any such party/cited only one'}"
b74,1969 - 1,card number,
b76,1969 - 1,phase number,{5: 'phase i'}
c93,1969 - 1,card number,
c95,1969 - 1,phase number,{5: 'phase i'}
a1,1969 - 2,card number,
a15,1969 - 2,comparison - present to past,"{0: 'irrelevant', 1: 'present lower than past', 2: 'no change', 3: 'present higher than past'}"
a16,1969 - 2,comparison - present to future,"{1: 'present higher than future', 2: 'no change', 3: 'present lower than future', 4: 'irrelevant'}"
a18,1969 - 2,phase number,{6: 'phase ii'}
b1,1969 - 2,card number,
b8,1969 - 2,comparison - present to past,"{1: 'present lower than past', 2: 'no change', 3: 'present higher than past', 4: 'irrelevant'}"
b9,1969 - 2,comparison - present to future,"{1: 'present higher than future', 2: 'no change', 3: 'present lower than future', 4: 'irrelevant'}"
b63,1969 - 2,the second of two parties you would never vote for,"{0: 'no answer', 1: 'free center', 2: 'gahal', 3: 'independent liberals', 4: 'alignment: labour - mapam', 5: 'religious labour party', 6: 'national religious party', 7: 'agudath yisrael', 8: 'israeli communist party', 9: 'rakach', 10: 'haolam hazeh', 11: 'an ethnic party', 12: 'another party', 13: 'did not cite any such party/cited only one'}"
b87,1969 - 2,phase number,{6: 'phase ii'}
c1,1969 - 2,card number,
c45,1969 - 2,phase number,{6: 'phase ii'}
d1,1969 - 2,card number,
d30,1969 - 2,week of interview,"{0: 'no answer', 1: '1-5 september', 2: '7-12 september', 3: '15-19 september', 4: '23-26 september', 5: '28 september-3 october', 6: 'another period'}"
d34,1969 - 2,number of visits for interview,"{0: 'no answer', 1: 'one visit', 2: 'two visits', 3: 'three visits', 4: 'four visits or more'}"
d35,1969 - 2,other persons present during interview,"{0: 'no answer', 1: 'no', 2: 'yes'}"
d37,1969 - 2,length of interview,"{0: 'no answer', 1: 'less than 20 minutes', 2: '21-30 minutes', 3: '31-40 minutes', 4: '41-50 minutes', 5: '51-60 minutes', 6: '1 hour-1 hour and 15 minutes', 7: '1 hour and 15 minutes-1 hour and a half', 8: '1 hour and a half-1 hour and 45 minutes', 9: 'more than 1 hour and 45 minutes'}"
d39,1969 - 2,phase number,{6: 'phase ii'}
b1,1969 - 3,card number,
b57,1969 - 3,phase number,{9: 'phase iii'}
c1,1969 - 3,card number,
c38,1969 - 3,head of family's status at work,"{0: 'no answer', 1: 'employee', 2: 'employer', 3: 'independent', 4: 'co-operative member', 5: 'other position', 6: 'unemployed-seeks employment', 7: 'unemployed-does not seek employment'}"
c58,1969 - 3,week of interview,"{0: 'no answer', 1: '12-17 october', 2: '19-24 october', 3: '26-31 october', 4: '2-7 november', 5: '9-14 november', 6: '16-21 november', 7: 'another period', 8: 'unclear'}"
c61,1969 - 3,reasons for not voting for the histadrut,"{1: 'the answers in v=0010', 2: ""didn't vote because he was not a member"", 3: 'abstained', 4: 'did not have the possibility to vote', 5: 'refused to answer'}"
c63,1969 - 3,phase number,{9: 'phase iii'}
v30,1973 - 1,party stands on the first issue differ,"{0: 'no answer', 1: 'differ greatly', 2: 'differ', 3: 'differ little', 4: 'differ very little', 5: 'do not differ'}"
v31,1973 - 1,party stands on the second issue differ,"{0: 'no answer', 1: 'differ greatly', 2: 'differ', 3: 'differ little', 4: 'differ very little', 5: 'do not differ'}"
v75,1973 - 1,record type,
b42,1973 - 1,density of living conditions,"{0: 'does not live in an apartment', 1: 'up to 1.00', 2: '1.00-1.49', 3: '1.50-1.99', 4: '2.00-2.49', 5: '2.50-2.99', 6: '3.00-3.49', 7: '3.50-3.99', 8: '4.00+'}"
b44,1973 - 1,record type,
c55,1973 - 2,are there differences in the parties' stands on the second problem you metioned,"{0: 'no answer', 1: 'very big differences', 2: 'big differences', 3: 'small differences', 4: 'very small differences', 5: 'no differences'}"
c67,1973 - 2,record type,
d61,1973 - 2,record type,
e20,1973 - 2,record type,
h46,1973 - 5,interviewee was satisfied with the way the election campaign for the knesset was,"{1: 'very satisfied', 2: 'satisfied', 3: 'not so satisfied', 4: 'not at all'}"
c29,1977 - 4,"place of birth of interviewee/interviewee""s father","{1: 'israel/israel', 2: 'israel/asia-africa', 3: 'israel/europe-america', 4: 'asia-africa/asia-africa', 5: 'europe-america/europe-america', 6: 'any other combination'}"
v147,1981 - 1,interviewee usually reads daily newspaper,"{1: ""ma'ariv"", 2: 'yedioth aharonoth', 3: ""ha'aretz"", 4: 'davar', 5: 'other hebrew newspaper', 6: 'foreign language newspaper', 7: 'does not read daily newspaper'}"
v148,1981 - 1,interviewee usually reads daily newspaper,"{1: ""ma'ariv"", 2: 'yedioth aharonoth', 3: ""ha'aretz"", 4: 'davar', 5: 'other hebrew newspaper', 6: 'foreign language newspaper', 7: 'does not read daily newspaper'}"
v152,1981 - 1,statistical area,
b17,1981 - 3,party best representing interviewee's position on economic issues,
b153,1981 - 3,interviewee usually reads daily newspapers,"{1: ""ma'ariv"", 2: 'yedioth aharonoth', 3: ""ha'aretz"", 4: 'davar', 5: 'other hebrew newspaper', 6: 'foreign language newspaper', 7: 'does not usually read daily newspaper'}"
b154,1981 - 3,interviewee usually reads daily newspapers,"{1: ""ma'ariv"", 2: 'yedioth aharonoth', 3: ""ha'aretz"", 4: 'davar', 5: 'other hebrew newspaper', 6: 'foreign language newspaper', 7: 'does not usually read daily newspaper'}"
b160,1981 - 3,statistical area,
a15,1992,should israel agree to the establishment a palestinian in the occupied territori,"{1: 'definitely', 2: 'probably', 3: 'probably not', 4: 'definitely not'}"
a472,1992,arrangement considered most likely to take place,"{1: 'establishment of palestinian state in territories', 2: 'jordanian-palestinian federation in territories', 3: 'alon program (return territories- israeli occupying strategic areas)', 4: 'palestinian autonomy in territories', 5: 'territories annexation-full civil rights to arabs', 6: 'annexation of territories w\\o voting rights for arabs', 7: 'annexation and transfer of palestinian population'}"
i69,1992,statistical area,
ccc30,1996,reasons for not voting/ voting a blank ballot,"{1: 'both candidates do not fit', 2: 'protest', 3: 'obeyed the order of my rabbi', 4: 'technical problems', 5: 'another reason'}"
ccc31,1996,reasons for not voting/ voting a blank ballot,"{1: 'both candidates do not fit', 2: 'protest', 3: 'obeyed the order of my rabbi', 4: 'technical problems', 5: 'another reason'}"
ccc32,1996,reasons for not voting/ voting a blank ballot,"{1: 'both candidates do not fit', 2: 'protest', 3: 'obeyed the order of my rabbi', 4: 'technical problems', 5: 'another reason'}"
cccc8,1996,the name of the party(2),"{1: 'likud, tzomet, gesher', 2: 'labor', 3: 'meretz', 4: 'mafdal: national religious party', 5: 'agudat israel & degel hatora: yahadut hatora', 6: 'moledet: homeland', 7: 'haderech hashlishit', 8: 'shas', 9: 'immigrants party/ israel baaliya', 10: 'hadash + the national democratic alliance', 11: 'united arab list (dahamshe/ abed elmaleck)', 12: 'arab movement for renewal (ahmad tibby)', 13: 'progressive alliance (zaydan muhamad)', 14: 'a party from the left', 15: 'a party from the right', 16: 'a religious parties', 17: 'another party', 18: 'will not vote', 19: 'not decided yet', 20: 'refuses to answer'}"
cccc10,1996,the name of the party(3),"{1: 'likud, tzomet, gesher', 2: 'labor', 3: 'meretz', 4: 'mafdal: national religious party', 5: 'agudat israel & degel hatora: yahadut hatora', 6: 'moledet: homeland', 7: 'haderech hashlishit', 8: 'shas', 9: 'immigrants party/ israel baaliya', 10: 'hadash + the national democratic alliance', 11: 'united arab list (dahamshe/ abed elmaleck)', 12: 'arab movement for renewal (ahmad tibby)', 13: 'progressive alliance (zaydan muhamad)', 14: 'a party from the left', 15: 'a party from the right', 16: 'a religious parties', 17: 'another party', 18: 'will not vote', 19: 'not decided yet', 20: 'refuses to answer'}"
cccc12,1996,the name of the party(4),"{1: 'likud, tzomet, gesher', 2: 'labor', 3: 'meretz', 4: 'mafdal: national religious party', 5: 'agudat israel & degel hatora: yahadut hatora', 6: 'moledet: homeland', 7: 'haderech hashlishit', 8: 'shas', 9: 'immigrants party/ israel baaliya', 10: 'hadash + the national democratic alliance', 11: 'united arab list (dahamshe/ abed elmaleck)', 12: 'arab movement for renewal (ahmad tibby)', 13: 'progressive alliance (zaydan muhamad)', 14: 'a party from the left', 15: 'a party from the right', 16: 'a religious parties', 17: 'another party', 18: 'will not vote', 19: 'not decided yet', 20: 'refuses to answer'}"
cccc41,1996,interview group,"{1: 'jews', 2: 'arabs'}"
v2,1999,type of record,
v7,1999,party most capable to handle problems,"{1: 'one israel(labor+gesher+mimad)', 2: 'likud', 3: 'national unit', 4: 'tzomet', 5: 'meretz', 6: 'haderech hashlishit', 7: 'party of center', 8: 'israel baaliya', 9: 'israel beteinu', 10: 'mafdal', 11: 'yahadut hatora', 12: 'shas', 13: 'one nation', 14: 'shinui', 15: 'women party', 16: 'hadash', 17: 'united arab list', 18: 'arab movement for renewal', 19: 'balad', 20: 'united national front', 21: 'veterans party', 22: 'pnina rozenblum', 23: 'casino', 24: 'green leaf', 25: 'green', 26: 'another party', 27: 'non of the party'}"
v20,1999,% estimate israeli public opinion toward palestinian state,
v21,1999,forecast future public opinion toward,"{1: 'more people are ready', 2: 'less people are ready'}"
v61,1999,who is expected to go on the second round in the election for pm ?(2),"{1: 'nethanyahu', 2: 'barak', 3: 'mordechay', 4: 'begin', 5: 'bashara', 6: 'raful'}"
i2,1999,type of record,
i30,1999,effect of following issue on voting to the knesset: palestinian terror,"{1: 'not influence at all', 2: 'small influence', 3: 'definitly influence', 4: 'strongly influence'}"
c2,1999,type of record,
c42,1999,day of interview,
a24,2001,are you worried about being injured by arabs?,"{1: 'not at all worried', 2: 'not worried', 3: 'worried', 4: 'very worried'}"
a50,2001,extent of support for ehud barak,"{1: 'hate', 10: 'strong sympathy'}"
b52,2001,date of interview,
b56,2001,telephone area code,
b64,2001,possibilty of reaching an agreement with palestinians even without concessions (,"{1: 'can reach agreement', 2: 'cannot reach agreement', 9: 'other'}"
b81,2001,which newspaper (arabs only),"{1: 'yediot', 2: 'alsanara', 3: 'fatelalmakal', 5: 'maariv', 6: 'alatchad', 7: 'kolalarab', 8: 'haaretz'}"
b85,2001,which tv channel (arabs only),"{1: 'first channel israel', 2: '2nd channel israel', 3: 'mbc', 4: 'aljazeera', 5: 'jordan'}"
card1,2003,record type,
a35,2003,support for amram mitzna,"{1: 'hate', 10: 'love'}"
b81,2003,"russian immigrant, since 1988",
b96,2003,day of interview,
b98,2003,month of interview,
wave,2003,sample wave,
jew,2003,sample group,"{0: 'arab', 1: 'jew'}"
id_svv_2,2006,respondent's id in all consecutive surveys,
b50,2006,most suitable characteristic of the party: leadership abilites,"{1: 'olmert', 2: 'netanyahu', 3: 'peretz', 4: 'all', 5: 'none'}"
c31,2006,will support kadima-likud-right coalition,"{1: 'reject', 10: 'support'}"
c62,2006,russian immigrant after 1989 (not for arabs),{1: 'new immigrant'}
c93,2006,language of the interview,"{1: 'hebrew', 2: 'arab', 3: 'russian'}"
day,2006,day of interview,
month,2006,month of interview,
origin,2006,origin in categories,"{1: 'north africa', 2: 'asia', 3: 'eastern europe', 4: 'west and central europe', 5: 'america australia south africa', 6: 'israel israel', 7: 'israel north africa', 8: 'israel asia', 9: 'israel eastern europe', 10: 'israel west central europe', 11: 'israel america australia south africa'}"
d31,2006,age,
d33,2006,religion,"{1: 'jewish', 2: 'muslim', 3: 'christian', 4: 'druze', 5: 'no religion'}"
d34,2006,years of schooling,
d36,2006,sex,"{1: 'male', 2: 'female'}"
d37,2006,language of the interview,"{1: 'hebrew', 2: 'arab', 3: 'russian'}"
d38,2006,day of interview,
d40,2006,month of interview,"{2: 'february', 3: 'march', 4: 'april'}"
sevev,2006,wave,"{1: 'wave1:february,28-march,14', 2: 'wave2:march,13-march,23'}"
nv176,2009,country of birth (6 categories),"{1: 'israel', 2: 'north africa', 3: 'asia', 4: 'east europe', 5: 'west and central europe', 6: 'america, central and south africa and oceania'}"
v178,2009,178. (not for arabs): interviewer: if interviewee came from the former ussr from,{1: '1. an immigrant from the ussr'}
nv179,2009,country of birth of father (6 categories),"{1: 'israel (1)', 2: 'north africa (61-65, 83)', 3: 'asia (56, 57, 66-72, 81, 82, 84-92)', 4: 'eastern europe (16-30, 53, 54, 55)', 5: 'western and central europe (2-15, 51, 52, 58)', 6: 'america, central and south africa and oceania (31-49)'}"
v179a,2009,origin by father (11 categories),"{1: 'north africa', 2: 'asia', 3: 'eastern europe', 4: 'west or central europe', 5: 'america/  australia/ south africa', 6: 'born in israel, father born in israel', 7: 'born in israel, father born in north africa', 8: 'born in israel, father born in asia', 9: 'born in israel, father born in eastern europe', 10: 'born in israel, father born in western and central europe', 11: 'born in israel, father born in america/ australia/ south africa'}"
nv180,2009,country of birth of mother (6 categories),"{1: 'israel (1)', 2: 'north africa (61-65, 83)', 3: 'asia (56, 57, 66-72, 81, 82, 84-92)', 4: 'eastern europe (16-30, 53, 54, 55)', 5: 'western and central europe (2-15, 51, 52, 58)', 6: 'america, central and south africa and oceania (31-49)'}"
v180a,2009,origin by mother (11 categories),"{1: 'north africa', 2: 'asia', 3: 'eastern europe', 4: 'west or central europe', 5: 'america/  australia/ south africa', 6: 'born in israel, father born in israel', 7: 'born in israel, father born in north africa', 8: 'born in israel, father born in asia', 9: 'born in israel, father born in eastern europe', 10: 'born in israel, father born in western and central europe', 11: 'born in israel, father born in america/ australia/ south africa'}"
v192,2009,192. (not for arabs):  thank you very much. your interview was especially intere,"{0: 'not interested', 1: 'interested'}"
v194_1,2009,194. language of the interview,"{1: '1. hebrew', 2: '2. arabic', 3: '3. russian'}"
day,2009,196. date of interview:  day,
month,2009,197. date of interview:  month,
zone,2009,198. area code,
sample,2009,week of sample,"{1: 'week 1', 2: 'week 2', 3: 'week 3'}"
mergenumber,2009,identifying number for file merging,
age_2,2009,how old are you?,
agegroup_2,2009,what is your age group?,"{1: '1. 18-22', 2: '2. 23-29', 3: '3. 30-39', 4: '4. 40-49', 5: '5. 50-59', 6: '6. 60-69', 7: '7. 70-79', 8: '8. 80 and over'}"
sex_2,2009,sex,"{1: '1. male', 2: '2. female'}"
v189_2,2009,what is your religion?,"{1: '1. jewish', 2: '2. muslim', 3: '3. christian', 4: '4. druze', 9: '9. do not read: no answer, refuses'}"
v181_2,2009,how many years did you study (including elementary school)?,
v194_2,2009,22. language of the interview,"{1: '1. hebrew', 2: '2. arabic', 3: '3. russian'}"
date,2009,23. date of post-election interview,
w_arabs,2009,,
v45C,2013,"45c. hatenuah, led by tzippi livni",
v135,2013,135.  where you born in one of the ussr countries and immigrated to israel after,
v152,2013,152.  language of the interview:,
v156,2013,156.  area code,
week,2013,week of  interview pre-election wave,
a_age,2013,age.  how old are you?,
a_agegroup,2013,agegroup.  for those who did not answer: what age group do you belong to?,
a_sex,2013,sex.  sex,
a_religion,2013,religion.  religion?,
a_educ,2013,educ.  how many years have you studied in school (including elementary school)?,
a_v5B,2013,5b. the elections indicate a lack of faith in netanyahu.,
a_v20,2013,20.  language of the interview:,
a_v22,2013,22. area code,
midgam,2015,,"{1: '1', 2: '2', 3: '3'}"
v119,2015,119.  If immigrated from the Former Soviet Union from 1989 and onwards,{1: '1. Immigrant from USSR'}
v147,2015,147.  Language of Interview:,"{1: 'Hebrew', 2: 'Arabic', 3: 'Russian'}"
after_version,2015,version,"{1: 'Version A', 2: 'Version B'}"
after_v4a_1,2015,A4 And what ultimately made you vote as you did?,
after_v4a_2,2015,A4 And what ultimately made you vote as you did?,
after_v4a_3,2015,A4 And what ultimately made you vote as you did?,
after_v13a_1,2015,13A. In these elections there was much talk about right and left in politics. In,
after_v13a_2,2015,13A. In these elections there was much talk about right and left in politics. In,
after_v13a_3,2015,13A. In these elections there was much talk about right and left in politics. In,
after_v13b_1_1,2015,13B_1. In these elections there was much talk about right and left in politics.,
after_v13b_1_2,2015,13B_1. In these elections there was much talk about right and left in politics.,
after_v13b_1_3,2015,13B_1. In these elections there was much talk about right and left in politics.,
after_v13b_2_1,2015,13B_2. In these elections there was much talk about right and left in politics.,
after_v13b_2_2,2015,13B_2. In these elections there was much talk about right and left in politics.,
after_v13b_2_3,2015,13B_2. In these elections there was much talk about right and left in politics.,
v8,Apr-19,"In your opinion, what is the most important problem that the government has to d",
v8_code_1,Apr-19,"In your opinion, what is the most important problem that the government has to d",
v8_code_2,Apr-19,"In your opinion, what is the most important problem that the government has to d",
v31,Apr-19,"31. Is there, in Israel, a political party and/or politician that represent your","{1: '1. Definitely there is not', 2: ""2. I don't believe so"", 3: '3. I believe so', 4: '4. Definitely there is', 98: '98. Don’t know/no answer', 99: '99. Refuses to answer', 100: '888', 101: '999'}"
v33,Apr-19,"33. Overall, do the laws that are passed in the Knesset represent your views?","{1: '1. Definitely there is not', 2: ""2. I don't believe so"", 3: '3. I believe so', 4: '4. Definitely there is', 98: '98. Don’t know/no answer', 99: '99. Refuses to answer', 100: '888', 101: '999'}"
v34,Apr-19,"34. Is there, in Israel, a political party which has representatives that are si","{1: '1. Definitely there is not', 2: ""2. I don't believe so"", 3: '3. I believe so', 4: '4. Definitely there is', 98: '98. Don’t know/no answer', 99: '99. Refuses to answer', 100: '888', 101: '999'}"
v36,Apr-19,36. Does the Knesset represent people with personal characteristics and backgrou,"{1: '1. Definitely there is not', 2: ""2. I don't believe so"", 3: '3. I believe so', 4: '4. Definitely there is', 98: '98. Don’t know/no answer', 99: '99. Refuses to answer', 100: '888', 101: '999'}"
v37,Apr-19,37. Is there a political party and/or politician that gives you a sense of belon,"{1: '1. Definitely there is not', 2: ""2. I don't believe so"", 3: '3. I believe so', 4: '4. Definitely there is', 98: '98. Don’t know/no answer', 99: '99. Refuses to answer', 100: '888', 101: '999'}"
v39,Apr-19,39. Does the Knesset give you a sense of belonging and pride in your identity?,"{1: '1. Definitely there is not', 2: ""2. I don't believe so"", 3: '3. I believe so', 4: '4. Definitely there is', 98: '98. Don’t know/no answer', 99: '99. Refuses to answer', 100: '888', 101: '999'}"
v40,Apr-19,40. Do the party and/or politician that you voted for use the authority you gave,"{1: '1. Definitely there is not', 2: ""2. I don't believe so"", 3: '3. I believe so', 4: '4. Definitely there is', 98: '98. Don’t know/no answer', 99: '99. Refuses to answer', 100: '888', 101: '999'}"
v42,Apr-19,42. Does the Knesset use the authority we gave it in a responsible manner for th,"{1: '1. Definitely there is not', 2: ""2. I don't believe so"", 3: '3. I believe so', 4: '4. Definitely there is', 98: '98. Don’t know/no answer', 99: '99. Refuses to answer', 100: '888', 101: '999'}"
v43,Apr-19,43. Think about your vote for a certain political party in the election. Which o,"{1: '1. That the party represents your positions on issues that are important to you', 2: '2. That the party has individuals with similar characteristics and background to', 3: '3. That the party gives you a sense of belonging and pride in your identity', 4: '4. That the party uses the authority you gave it in a responsible manner', 98: '98. Don’t know/no answer', 99: '99. Refuses to answer', 100: '888', 101: '999'}"
v44,Apr-19,"44. And regarding the Knesset, of the following, which is most important to you?","{1: '1. That the laws of the Knesset represent your positions on issues that are impo', 2: '2. That there is representation for people with characteristics and background l', 3: '3. That the Knesset gives you a sense of belonging and pride in your identity', 4: '4. That the Knesset uses the authority we gave it responsibly, for the public', 98: '98. Don’t know/no answer', 99: '99. Refuses to answer', 100: '888', 101: '999'}"
v80,Apr-19,80. Members of the government come from all sectors of society,"{1: '1. Strongly Disagree', 2: '2. Disagree', 3: '3. Agree', 4: '4. Strongly Agree', 98: '98. Don’t know/no answer', 99: '99. Refuses to answer', 100: '888', 101: '999'}"
v81,Apr-19,81. The government in Israel tailors its policy to the public’s viewpoints,"{1: '1. Strongly Disagree', 2: '2. Disagree', 3: '3. Agree', 4: '4. Strongly Agree', 98: '98. Don’t know/no answer', 99: '99. Refuses to answer', 100: '888', 101: '999'}"
v82,Apr-19,82. The government makes most people feel a sense of belonging and pride,"{1: '1. Strongly Disagree', 2: '2. Disagree', 3: '3. Agree', 4: '4. Strongly Agree', 98: '98. Don’t know/no answer', 99: '99. Refuses to answer', 100: '888', 101: '999'}"
v83,Apr-19,83. There is representation of the different groups of Israeli society in the cu,"{1: '1. Strongly Disagree', 2: '2. Disagree', 3: '3. Agree', 4: '4. Strongly Agree', 98: '98. Don’t know/no answer', 99: '99. Refuses to answer', 100: '888', 101: '999'}"
v84,Apr-19,84. The composition of the Knesset represents well the many viewpoints of the Is,"{1: '1. Strongly Disagree', 2: '2. Disagree', 3: '3. Agree', 4: '4. Strongly Agree', 98: '98. Don’t know/no answer', 99: '99. Refuses to answer', 100: '888', 101: '999'}"
v85,Apr-19,85. The Knesset inspires a sense of belonging and pride in most Israelis,"{1: '1. Strongly Disagree', 2: '2. Disagree', 3: '3. Agree', 4: '4. Strongly Agree', 98: '98. Don’t know/no answer', 99: '99. Refuses to answer', 100: '888', 101: '999'}"
v86,Apr-19,86. Politicians make promises during the campaign that they have no intention of,"{1: '1. Strongly Disagree', 2: '2. Disagree', 3: '3. Agree', 4: '4. Strongly Agree', 98: '98. Don’t know/no answer', 99: '99. Refuses to answer', 100: '888', 101: '999'}"
v87,Apr-19,87. Most politicians in Israel are not corrupt,"{1: '1. Strongly Disagree', 2: '2. Disagree', 3: '3. Agree', 4: '4. Strongly Agree', 98: '98. Don’t know/no answer', 99: '99. Refuses to answer', 100: '888', 101: '999'}"
v88,Apr-19,"88. There is too much interference in the elections, such that the results don’t","{1: '1. Strongly Disagree', 2: '2. Disagree', 3: '3. Agree', 4: '4. Strongly Agree', 98: '98. Don’t know/no answer', 99: '99. Refuses to answer', 100: '888', 101: '999'}"
v89,Apr-19,89. The electoral system in Israel distorts the voters’ will,"{1: '1. Strongly Disagree', 2: '2. Disagree', 3: '3. Agree', 4: '4. Strongly Agree', 98: '98. Don’t know/no answer', 99: '99. Refuses to answer', 100: '888', 101: '999'}"
v90,Apr-19,"90. Of the following, what do you think is the biggest threat to the Israeli pol","{1: '1. Corruption', 2: '2. Politicians who don’t keep election promises', 3: '3. Interferences in the elections such that the results don’t reflect the vote', 4: '4. The electoral system that distorts voters’ will', 98: '98. Don’t know/no answer', 99: '99. Refuses to answer', 100: '888', 101: '999'}"
v91,Apr-19,"91. If you could pick one politician to represent you in the Knesset, which of t","{1: '1. That he has the same level of education as you', 2: '2. That he/she be a man/woman like you', 3: '3. That they keep, or don’t keep, religious tradition to the same degree you d', 4: '4. That he belongs to the same ethnic group as you', 5: '5. That he comes from a similar economic class as you', 6: '6. That he is Jewish [for Jews] /Arab [for Arabs]', 7: '7. None of the above are important to me', 8: '8. Do not read: Other', 98: '98. Don’t know/no answer', 99: '99. Refuses to answer', 100: '888', 101: '999'}"
v92,Apr-19,"92. Do you use social media such as Whatsapp, Facebook, Twitter, Instagram, Tele","{1: '1. No', 2: '2. Yes', 98: '98. Don’t know/no answer', 99: '99. Refuses to answer', 100: '888', 101: '999'}"
v96,Apr-19,"96. Social media such as Whatsapp, Facebook, Twitter, Instagram, Telegram, etc.","{1: '1. Not at all', 2: '2. Rarely', 3: '3. Sometimes', 4: '4. Frequently', 5: '5. Constantly', 98: '98. Don’t know/no answer', 99: '99. Refuses to answer', 100: '888', 101: '999'}"
v97,Apr-19,"97. In the last week, how many times did content from politicians and political","{1: '1. Never', 2: '2. Once a week', 3: '3. Two-three times a week', 4: '4. Almost daily', 5: '5. Several times per day', 98: '98. Don’t know/no answer', 99: '99. Refuses to answer', 100: '888', 101: '999'}"
v98,Apr-19,98. Write on the Facebook page or Twitter account of a politician or party,"{1: '1. Never', 2: '2. Once a week', 3: '3. Two-three times a week', 4: '4. Almost daily', 5: '5. Several times per day', 98: '98. Don’t know/no answer', 99: '99. Refuses to answer', 100: '888', 101: '999'}"
v99,Apr-19,99. Respond to content that a politician or political party posted,"{1: '1. Never', 2: '2. Once a week', 3: '3. Two-three times a week', 4: '4. Almost daily', 5: '5. Several times per day', 98: '98. Don’t know/no answer', 99: '99. Refuses to answer', 100: '888', 101: '999'}"
v100,Apr-19,100. Share content from a politician or political party,"{1: '1. Never', 2: '2. Once a week', 3: '3. Two-three times a week', 4: '4. Almost daily', 5: '5. Several times per day', 98: '98. Don’t know/no answer', 99: '99. Refuses to answer', 100: '888', 101: '999'}"
v101,Apr-19,101. Read content from a politician or political party that appeared on your fee,"{1: '1. Never', 2: '2. Once a week', 3: '3. Two-three times a week', 4: '4. Almost daily', 5: '5. Several times per day', 98: '98. Don’t know/no answer', 99: '99. Refuses to answer', 100: '888', 101: '999'}"
v102,Apr-19,"102. “Follow” the page of a politician or political party on social media, or jo","{1: '1. Never', 2: '2. Once a week', 3: '3. Two-three times a week', 4: '4. Almost daily', 5: '5. Several times per day', 98: '98. Don’t know/no answer', 99: '99. Refuses to answer', 100: '888', 101: '999'}"
v103,Apr-19,"103. Write your opinion on a political topic on social media, or shared politica","{1: '1. Never', 2: '2. Once a week', 3: '3. Two-three times a week', 4: '4. Almost daily', 5: '5. Several times per day', 98: '98. Don’t know/no answer', 99: '99. Refuses to answer', 100: '888', 101: '999'}"
v105A,Apr-19,105A: which party,"{98: '98. Don’t know/no answer', 99: '99. Refuses to answer', 100: '888', 101: '999'}"
v109,Apr-19,"109. In general, to what extent do you feel there is a political party or politi","{1: '1.  To a great degree', 2: '2.  To a certain degree', 3: '3.  To a small degree', 4: '4.  Not at all', 98: '98. Don’t know/no answer', 99: '99. Refuses to answer', 100: '888', 101: '999'}"
v110,Apr-19,"110. And in general, to what extent do you believe the Israeli political system","{1: '1.  To a great degree', 2: '2.  To a certain degree', 3: '3.  To a small degree', 4: '4.  Not at all', 98: '98. Don’t know/no answer', 99: '99. Refuses to answer', 100: '888', 101: '999'}"
v119,Apr-19,"119. You feel committed to the democratic regime in Israel, even if there are ti","{1: '1. Strongly Disagree', 2: '2. Disagree', 3: '3. Agree', 4: '4. Strongly Agree', 98: '98. Don’t know/no answer', 99: '99. Refuses to answer', 100: '888', 101: '999'}"
v120,Apr-19,"120. In order to take care of Israel’s unique problems, there needs to be a stro","{1: '1. Strongly Disagree', 2: '2. Disagree', 3: '3. Agree', 4: '4. Strongly Agree', 98: '98. Don’t know/no answer', 99: '99. Refuses to answer', 100: '888', 101: '999'}"
v121,Apr-19,121. There are times it seems it would be preferable to deviate from the democra,"{1: '1. Strongly Disagree', 2: '2. Disagree', 3: '3. Agree', 4: '4. Strongly Agree', 98: '98. Don’t know/no answer', 99: '99. Refuses to answer', 100: '888', 101: '999'}"
v122,Apr-19,122. The state has to ensure full and equal social and political rights to all c,"{1: '1. Strongly Disagree', 2: '2. Disagree', 3: '3. Agree', 4: '4. Strongly Agree', 98: '98. Don’t know/no answer', 99: '99. Refuses to answer', 100: '888', 101: '999'}"
v123,Apr-19,123. We must secure the freedom of speech even to people who speak out against t,"{1: '1. Strongly Disagree', 2: '2. Disagree', 3: '3. Agree', 4: '4. Strongly Agree', 98: '98. Don’t know/no answer', 99: '99. Refuses to answer', 100: '888', 101: '999'}"
v124,Apr-19,124. People who compromise in politics are actually selling out on their princip,"{1: '1. Strongly Disagree', 2: '2. Disagree', 3: '3. Agree', 4: '4. Strongly Agree', 98: '98. Don’t know/no answer', 99: '99. Refuses to answer', 100: '888', 101: '999'}"
v125,Apr-19,125. The government,"{1: '1. No trust at all', 2: '2. Little trust', 3: '3. High trust', 4: '4. Very high trust', 98: '98. Don’t know/no answer', 99: '99. Refuses to answer', 100: '888', 101: '999'}"
v126,Apr-19,126. The Knesset,"{1: '1. No trust at all', 2: '2. Little trust', 3: '3. High trust', 4: '4. Very high trust', 98: '98. Don’t know/no answer', 99: '99. Refuses to answer', 100: '888', 101: '999'}"
v127,Apr-19,127. The Supreme Court,"{1: '1. No trust at all', 2: '2. Little trust', 3: '3. High trust', 4: '4. Very high trust', 98: '98. Don’t know/no answer', 99: '99. Refuses to answer', 100: '888', 101: '999'}"
v128,Apr-19,128. Politicians,"{1: '1. No trust at all', 2: '2. Little trust', 3: '3. High trust', 4: '4. Very high trust', 98: '98. Don’t know/no answer', 99: '99. Refuses to answer', 100: '888', 101: '999'}"
v148,Apr-19,148. Interview language,"{1: '1. Hebrew', 2: '2. Arabic', 3: '888', 4: '999'}"
MIDGAM,Apr-19,,"{1: 'midgam  1', 2: 'midgam  2', 3: 'midgam  3', 4: 'midgam  4'}"
interview_wave2,Apr-19,,"{0: 'no', 1: 'yes'}"
resp_id_after,Apr-19,,
v6J_after,Apr-19,6J. The elections indicate that the people are loyal to Eretz Israel and support,"{1: '1. Completely Disagree', 2: '2. Disagree', 3: '3. Not sure', 4: '4. Agree', 5: '5. Completely Agree', 8: '8. doesn’t know', 9: '9. No answer/refuses to answer', 10: '888', 11: '999'}"
V8A_after_code1,Apr-19,8A. What is Right as you understand it?,
V8A_after_code2,Apr-19,8A. What is Right as you understand it?,
V8A_after_code3,Apr-19,8A. What is Right as you understand it?,
V8B_after_code1,Apr-19,8B. What is Left as you understand it?,
V8B_after_code2,Apr-19,8B. What is Left as you understand it?,
V8B_after_code3,Apr-19,8B. What is Left as you understand it?,
v110_after,Apr-19,110. To what extent do you feel the Israeli political system represents you?,"{1: '1. To a great extent', 2: '2. To a certain extent', 3: '3. To a small extent', 4: '4. Not at all', 8: '8. doesn’t know', 9: '9. No answer/refuses to answer', 10: '888', 11: '999'}"
v12A_code,Apr-19,12A. When you think about the history of the State of Israel and of the people o,"{1001: 'איחוד מפלגות ימין ושמאל שהיה', 1002: 'אילן רמון על הירח', 1003: 'אין תשובה', 1004: 'אלטלנה', 1005: 'אפרים קישון כותב מערכונים לגשש החיוור', 1006: 'ארוע דתי', 1007: 'ארוע הבחירות', 1008: 'ביקור סאדאת', 1009: 'ברכת שהחיינו של הרב מימון בהכרזת מגילת העצמ', 1010: 'פינוי גוש קטיף', 1011: 'גירוש גוש קטיף', 1012: 'גירוש הערבים מבתיהם', 1013: 'הבחירות של מנחם בגין', 1014: 'ההתיישבות החרדית שהיתה לפני ההתיישבות הציו', 1015: 'ההתנתקות', 1016: 'הופעתו של ביבי בזירה הפוליטית', 1017: 'החזית בסוריה במלחמת ששת הימים', 1018: 'החזרת גלעד שליט', 1019: 'החלטת האו""ם על הקמת המדינה', 1020: 'החלת העצמאות', 1021: 'הטבח הרומאי לדיכוי מרד בר כוכבא', 1022: 'היהדות חזרה לפרוח אחרי השואה', 1023: 'הכותל בידינו', 1024: 'הכרזת המדינה היהודית', 1025: 'הכרזת מדינת ישראל', 1026: 'המהפך הפוליטי בשנת 1977', 1027: '‘המצעדים שהיו ביום העצמאות’', 1028: '‘הניצחון במלחמת 67’', 1029: '‘הסכם השלום עם מצרים’', 1030: '‘הסכם השלום עם ירדן’', 1031: '‘הסכמי אוסלו’', 1032: '‘הסכמי שלום’', 1033: '‘העברת השגרירות לירושלים’', 1034: '‘העובדה ששרדנו את מלחמת העצמאות’', 1035: '‘העליה הגדולה מברהמ’', 1036: '‘הצהרת בלפור’', 1037: '‘הקונגרס הציוני הראשון’', 1038: '‘הקמת שס’', 1039: '‘הקמת מדינה יהודית’', 1040: '‘הקמת מדינת ישראל’', 1041: '‘השואה’', 1042: '‘תקופת הפילוג שהובילה לגלות’', 1043: '‘חומה ומגדל’', 1044: '‘חוק הלאום’', 1045: '‘חורבן בית ראשון’', 1046: '‘חורבן בית שני’', 1047: '‘חזרה לארץ ישראל’', 1048: '‘חזרת היהודים לציון עוד לפני הקמת המדינה’', 1049: '‘חטיפת ילדי תימן’', 1050: '‘חידוש הישיבות לאחר השואה’', 1051: '‘טקס הדלקת המשואות’', 1052: '‘יום הזיכרון’', 1053: '‘יום העצמאות’', 1054: '‘יציאת מצרים’', 1055: '‘כיבוש הכותל’', 1056: '‘כיבוש העיר העתיקה בירושלים’', 1057: '‘כיבוש של ארץ ישראל’', 1058: '‘כל הגלויות של עם ישראל מארצו’', 1059: '‘כשהבת שלי התחתנה’', 1060: '‘כשכבשנו את ירושלים’', 1061: '‘כשלון הסכם אוסלו’', 1062: '‘לא יודע’', 1063: '‘לא יכול לבחור אירוע אחד’', 1064: '‘לחיצת היד בין בגין וסאדאת’', 1065: '‘לפני כשבעים שנה מלחמת אחים’', 1066: '‘מבצע אנטבה’', 1067: '‘מחאת הקוטג’', 1068: '‘מישהו מחול הגיע לכאן לנסות לעשות הסכם שלום', 1069: '‘מלחמות ישראל’', 1070: '‘מלחמות שניצחנו’', 1071: '‘מלחמת 1948’', 1072: '‘מלחמת 1973’', 1073: '‘מלחמת העצמאות’', 1074: '‘מלחמת השחרור’', 1075: '‘מלחמת יום הכיפורים’', 1076: '‘מלחמת שלום הגליל 1982’', 1077: '‘מלחמת ששת הימים’', 1078: '‘מסרב’', 1079: '‘מצעד הניצחון בששת הימים’', 1080: '‘משפט איכמן’', 1081: '‘מתן תורה’', 1082: '‘נצחון במלחמת יום הכיפורים’', 1083: '‘עליות ראשונות לארץ’', 1084: '‘עליית הליכוד’', 1085: '‘עליית הליכוד ב-77’', 1086: '‘עליית יהודים לארץ ישראל’', 1087: '‘עליית רבין לשלטון’', 1088: '‘עם ישראל’', 1089: '‘עם ישראל חי’', 1090: '‘עצמאות המדינה’', 1091: '‘פיגוע קשה של משפחתי’', 1092: '‘פעולות האצל’', 1093: '‘פעולות צבאיות בעזה’', 1094: '‘צוק איתן’', 1095: '‘קיבוץ עם ישראל בארץ ישראל’', 1096: '‘רצח רבין’', 1097: '‘שהנכדים חזרו מהמלחמות בריאים’', 1098: '‘שהעם התחבר יחד אחרי מלחמת העולם’', 1099: '‘שהצליחו לשמור על המדינה’', 1100: '‘שחרור הכותל’', 1101: '‘שחרור ירושלים’', 1102: '‘שטרמפ הכיר בירושלים וברמת הגולן’', 1103: '‘שיבת עם ישראל לארצו’', 1104: '‘שינוי השלטון משמאל לימין לאחר מלחמת יום הכ', 1105: '‘שיש לנו מדינה’', 1106: '‘שעם ישראל חזר לארצו ב-1948’', 1107: '‘שקיבלנו מדינה’', 1108: '‘תוצאות מלחמת ששת הימים’', 1109: '‘תקומה של העם היהודי’', 1110: '‘ראשית הציונות בארץ ישראל’'}"
v12B_code,Apr-19,12B. When you think about the history of the state of Israel and the Arab-Israel,"{1001: '‘אין שום אירוע משמעותי’', 1002: '‘אין תשובה’', 1003: '‘אירועי אוקטובר 2000’', 1004: '‘גירוש הערבים מביתם ומאדמתם’', 1005: '‘האינתיפאדה השנייה’', 1006: '‘האירועים של שנת 1948’', 1007: '‘ההפגנות’', 1008: '‘הכיבוש בשנת 1948’', 1009: '‘המנדט הבריטי’', 1010: '‘המנהיגים הערביים שהלכו ונכחדו עם הזמן’', 1011: '‘המקריים המשמעותיים שקרו בעבר’', 1012: '‘הנכבה’', 1013: '‘הסכם אוסלו’', 1014: '‘הסכם השלום עם ירדן’', 1015: '‘הסכמים פוליטיים לא נכונים’', 1016: '‘הסכסוך על האדמה’', 1017: '‘העברת השגרירות האמריקאית לירושלים’', 1018: '‘פלישת מתנחלים להר הבית’', 1019: '‘הפקעת קרקעות', 1020: '‘הצהרת בלפור’', 1021: '‘הצלחת רבין’', 1022: '‘הקמת הרשימה המשותפת’', 1023: '‘הקמת מדינת ישראל’', 1024: '‘שהתחיל האי שוויון בין הערבים ליהודים’', 1025: '‘השלום עם מצרים’', 1026: '‘השתלטות על כל השטחים’', 1027: '‘חופש הביטוי שהיה קודם’', 1028: '‘חקיקת חוק הלאום’', 1029: '‘טבח מערת המכפלה בחברון’', 1030: '‘יום האדמה’', 1031: '‘ירי נגד מישהו חף מפשע’', 1032: '‘יש הרבה דברים’', 1033: '‘המלחמות נגד הערבים במדינה מאז הקמתה ב-1948’', 1034: '‘ישראל חדשה ואין למדינה הזו היסטוריה משמעו', 1035: '‘כל מה שקרה’', 1036: '‘כל מקרי הרצח נגד הערבים ונגד היהודים’', 1037: '‘כניסת יאסר ערפאת לישראל’', 1038: '‘יותר סטודנטים ערבים במוסדות ההשכלה גבוהה', 1039: '‘כשהיהודים לא נתנו לערבים להשתלב’', 1040: '‘שחוקקו חוקים וזכויות במדינה’', 1041: '‘כשנכנסה התוקפנות בין הערבים והיהודים’', 1042: '‘כשרבין היה בתהליך השלום’', 1043: '‘לא יודע’', 1044: '‘מה קרה עם ערבי 1984 והקמת מדינת ישראל ב 48’', 1045: '‘מה שהוביל להתגייסות הדרוזים לצבא’', 1046: '‘מותו של נאצר ‘', 1047: '‘מלחמות נגד עזה’', 1048: '‘מלחמת 1967’', 1049: '‘מלחמת יום כיפור’', 1050: '‘מלחמת לבנון’', 1051: '‘מלחמת ששת הימים’', 1052: '‘מסרב’', 1053: '‘מעשיי הטבח’', 1054: '‘הריגתו של אחי’', 1055: '‘משפט אייכמן’', 1056: '‘נכסה 1967’', 1057: '‘עליית הימין הקיצוני’', 1058: '‘עליית מרצ’', 1059: '‘עליית שס’', 1060: '‘קמפ דיויד’', 1061: '‘רצח העם הארמני’', 1062: '‘רצח רבין’', 1063: '‘שביתת יום האדמה’', 1064: '‘שהערבים הצליחו להסיר את השערים בירושלים’', 1065: '‘תוכנית החלוקה 181’', 1066: '‘תחילת בניית ההתנחלויות’', 1976: '’'}"
v13A_code,Apr-19,13A. When you think about the future of the state of Israel and the people of Is,"{1001: '‘אהבה בין בני אדם’', 1002: '‘אהבת אחים’', 1003: '‘אהבת ישראל’', 1004: '‘אנשים חופשיים ומאושרים’', 1005: '‘אוטופיה’', 1006: '‘אחדות’', 1007: '‘אחדות בעם’', 1008: '‘אחדות לאומית’', 1009: '‘אחדות סביב ההסכמה על העבר שלנו’', 1010: '‘אחדות של האזרחים ללא קשר לדת’', 1011: '‘אחדות של שתי המפלגות הגדולות’', 1012: '‘אחוות אחים’', 1013: '‘אחוות העם’', 1014: '‘אחוות כל היושבים במדינת ישראל’', 1015: '‘איחוד פנימי’', 1016: '‘איחוד של המפלגות בארץ’', 1017: '‘איחוי החברה’', 1018: '‘אין הדתה’', 1019: '‘אין לו חלומות’', 1020: '‘אין עתיד’', 1021: '‘אין תשובה’', 1022: '‘איראן נסוגה מגבולותינו’', 1023: '‘לא רוצה לראות את השכנים של מדינת ישראל’', 1024: '‘אני רוצה רוב יהודי בישראל’', 1025: '‘אריה דרעי ואחמד טיבי בקואוליציה’', 1026: '‘ארץ ישראל השלמה’', 1027: '‘את איראן מובסת’', 1028: '‘את כל ישראל שלנו’', 1029: '‘יציאת מצרים’', 1030: '‘בחירות יותר נקיות’', 1031: '‘ביאת גואל צדק’', 1032: '‘ביאת המשיח’', 1033: '‘ביטול בגץ’', 1034: '‘ביטחון אישי לכולם’', 1035: '‘ביטחון מדיני’', 1036: '‘ביטחון’', 1037: '‘בניית בית המקדש’', 1038: '‘שלא יהיו התנגשויות בין דתיים וחילונים’', 1039: '‘בעניין של גזענות – שהכל יהיה שווה’', 1040: '‘ברית שלום עם הפלסטינים’', 1041: '‘בשורות טובות’', 1042: '‘גאולה’', 1043: '‘גבולות קבע בהסכמה גלובלית’', 1044: '‘דאגה כלכלית לכל האוכלוסיות המוחלשות’', 1045: '‘דו קיום עם השכנים’', 1046: '‘דמוקרטיה’', 1047: '‘הבנה והכלה אחד של השני’', 1048: '‘הבנה עם השכנים שלנו שתיתן לנו קצת שקט’', 1049: '‘הגעה להבנה דו צדדית בינינו לבין הערבים’', 1050: '‘הדברות ופחות שנאה’', 1051: '‘הדברות עם השכנים’', 1052: '‘ההצעה של טראמפ’', 1053: '‘הורדת יוקר המחיה’', 1054: '‘הורדת מכסים’', 1055: '‘החלפת השלטון ליותר שמאל-מרכז’', 1056: '‘החלפת ממשלה’', 1057: '‘שבית המשפט ישפוט לפי צדק’', 1058: '‘היפרדות מהערבים-פלסטינים’', 1059: '‘היפרדות מהפלסטינים’', 1060: '‘הכלת הריבונות על יהודה ושומרון’', 1061: '‘הכרה ביהודה ושומרון’', 1062: '‘הכרה בינלאומית’', 1063: '‘הליכוד אבל הוא לא אצל’', 1064: '‘מקווה שלא תהיה מציאות כמו באיראן’', 1065: '‘המשך הסטטוס קוו’', 1066: '‘המשך הקו הקיים’', 1067: '‘המשך התהליך המדיני עם השכנים’', 1068: '‘המשך קיום המדינה’', 1069: '‘הנהגה מוסרית’', 1070: '‘הסדר שלום עם מדינות ערב’', 1071: '‘הסדר עם השכנים’', 1072: '‘הסדר שלום עם השכנים שלנו’', 1073: '‘הסכם אי לחימה’', 1074: '‘הסכם עם הפלסטינים’', 1075: '‘הסכם עם מדינות ערב’', 1076: '‘הסכם שישים קץ לסכסוך’', 1077: '‘הסכם שלום’', 1078: '‘הסכם שלום כלל איזורי קבוע בין ישראל לפלסטי', 1079: '‘הסכם שלום עם הערבים’', 1080: '‘הסכם שלום עם הפלסטינים’', 1081: '‘העם מתגבר על הפילוג’', 1082: '‘הפיכת הצבא לכוח שיטור’', 1083: '‘הפסקה של הפילוג בעם’', 1084: '‘הפסקת הקסאמים מול עוטף עזה’', 1085: '‘הפסקת ההזנחה של הפריפריה’', 1086: '‘הפסקת הטרור’', 1087: '‘הפסקת הסכסוך הישראלי’', 1088: '‘הפרדה בין העמים אבל לא מדינה פלסטינית’', 1089: '‘הפרדת דת ומדינה’', 1090: '‘הצלחה של המדינה’', 1091: '‘הצלחה בחלל’', 1092: '‘הרחבת גבולות ארץ ישראל’', 1093: '‘הרמוניה בין הקבוצות בעם’', 1094: '‘השקעה בעם במקום בביטחון’', 1095: '‘התחזקות המדינה’', 1096: '‘התפייסות עם השכנים’', 1097: '‘התפתחות כלכלית’', 1098: '‘זכויות אזרח שוות לכולם’', 1099: '‘חגיגת קורבן פסח המונית של כל המדינה’', 1100: '‘חופש פחות חוקים’', 1101: '‘חוקה בישראל’', 1102: '‘חזרה את בגין’', 1103: '‘חיזוק של המערכות הסוציאליות’', 1104: '‘חיים משותפים’', 1105: '‘חילופי שלטון’', 1106: '‘חינוך של פעם’', 1107: '‘חלוקת משאבים כלכליים שוויונית יותר’', 1108: '‘חתימת הסכם שלום בתנאים מצויינים לישראל’', 1109: '‘יותר איחוד דעות בעם’', 1110: '‘יותר אזרחים’', 1111: '‘יותר אחווה’', 1112: '‘יותר דמוקרטיה’', 1113: '‘יותר הבנה עם הערבים’', 1114: '‘יותר הבנה של המגזרים השונים אחד לגבי השני', 1115: '‘יותר מאמינים בעם ישראל’', 1116: '‘יותר שקט עם השכנים’', 1117: '‘ייחוד העם’', 1118: '‘ילדי גדלים במדינת ישראל בשלום’', 1119: '‘שלום עם השכנים’', 1120: '‘ירושלים צריכה להיות המרכז של כל השגרירויו', 1121: '‘ירידת מחירים’', 1122: '‘ישראל יותר עצמאית ולא תלויה בכספי זרים’', 1123: '‘כבוד למקימי המדינה’', 1124: '‘כולם ביחד הישראליים’', 1125: '‘כיבוש עזה’', 1126: '‘כל חלקי ארץ ישראל והגולן בידינו’', 1127: '‘כל עוד העם והמדינה יתרחקו מהטראומות שהצטב', 1128: '‘מעצמה כלכלית שתגיע ותשפיע גם על האזרח הקטן', 1129: '‘כלכלה חזקה מאוד’', 1130: '‘כלכלה טובה יותר’', 1131: '‘כלכלית’', 1132: '‘כלכלתי שיעזור לאזרחים’', 1133: '‘שכולם יהיו ביחד’', 1134: '‘לא יודע’', 1135: '‘לא יכול לסכם את זה’', 1136: '‘היפרדות מהכיבוש והקמת מדינה פלסטינית’', 1137: '‘לא תהיה אפלייה’', 1138: '‘ליגליזציה של קנאביס’', 1139: '‘לדאוג לקשישים’', 1140: '‘להבין שכולנו יהודים עדיין צריך לחיות יחד’', 1141: '‘להגיע להסכם עם הסביבה מבלי לאבד את שטחי הב', 1142: '‘להחליף את שלטון נתניהו’', 1143: '‘להיות מדינה יהודית בלבד’', 1144: '‘להיפטר מהפלסטינים’', 1145: '‘לחזור לגבולות 67’', 1146: '‘הכרה של מנהיגי מדינות ערב במדינת ישראל’', 1147: '‘ליכוד בעם’', 1148: '‘למצוא פתרון לנושא הביטחוני’', 1149: '‘מדינה אחת לכל אזרחיה’', 1150: '‘מדינה אחת לשני עמים’', 1151: '‘מדינה חזקה’', 1152: '‘מדינה חילונית’', 1153: '‘מדינה חרדית’', 1154: '‘מדינה יהודית’', 1155: '‘מדינה יהודית דמוקרטית’', 1156: '‘מדינה יהודית לפי רוח היהדות’', 1157: '‘מדינה יהודית שלמה עם סיפוח’', 1158: '‘מדינה יותר מאוחדת’', 1159: '‘מדינה משגשגת חברתית’', 1160: '‘מדינה מתפקדת’', 1161: '‘מדינה שיש בה אחריות והגינות כלפי האזרח’', 1162: '‘מדינה שתיתן לכל אזרח לחיות בגאון בהשקפה של', 1163: '‘מדינת ישראל שקטה ללא ערבים’', 1164: '‘מדינת כל אזרחיה וכל יהודיה’', 1165: '‘מהפך’', 1166: '‘מורידים את האגו’', 1167: '‘מיגור החמאס’', 1168: '‘מלחמה באלימות’', 1169: '‘מכירים באמת ופועלים לפיה’', 1170: '‘מלחמת עצמאות שניה’', 1171: '‘מלכות בית דוד’', 1172: '‘ממשלה יציבה’', 1173: '‘ממשלה רחבה’', 1174: '‘ממשלת אחדות’', 1175: '‘ממשלת אחדות ליכוד וכחול לבן’', 1176: '‘ממשלת רוב מעל 80 אחוז’', 1177: '‘ממשלת שמאל לשם שינוי’', 1178: '‘מנהל תקין’', 1179: '‘מסרב’', 1180: '‘מצב חברתי וכלכלי שופע’', 1181: '‘מצב כלכלי טוב לכולם’', 1182: '‘מצב סוציו-אקונומי טוב יותר’', 1183: '‘שוויון ופחות גזענות ‘', 1184: '‘אי לוחמה עם השכנים’', 1185: '‘מציאת פתרון מול עזה’', 1186: '‘משטר שפוי שדואג למדינה’', 1187: '‘נהיה בלאגן גדול מבחינת ימין ושמאל’', 1188: '‘נורמאליזציה עם השכנים’', 1189: '‘נחיתה על הירח’', 1190: '‘ניתוק מוחלט מעזה’', 1191: '‘נסיגה מהשטחים’', 1192: '‘נתניהו בכלא’', 1193: '‘סולידאריות חברתית’', 1194: '‘סוף הסכסוך עם הפלסטינים’', 1195: '‘סטטוס קוו פוליטי’', 1196: '‘סיום שלטון החמאס’', 1197: '‘סיפוח כל חלקי ארץ ישראל’', 1198: '‘עונש מוות למחבלים’', 1199: '‘עלייה’', 1200: '‘עם ישראל בציון’', 1201: '‘עם ישראל הכי מצליח שיש’', 1202: '‘עם ישראל חוזר למקורות’', 1203: '‘עם מחובר למצוות’', 1204: '‘עם מלוכד’', 1205: '‘עם עצמאי’', 1206: '‘עם שלם’', 1207: '‘עם שמצליח להבין שהביטחון הוא פיקציה’', 1208: '‘עצמאות העיר העתיקה’', 1209: '‘עתיד טוב יותר בכלכלה’', 1210: '‘פחות טמטום בקרב הציבור’', 1211: '‘פחות מיסים’', 1212: '‘פחות פיגועים’', 1213: '‘פחות פילוג בעם’', 1214: '‘פחות פילוג’', 1215: '‘פחות שחיתות בשלטון’', 1216: '‘פחות שנאה’', 1217: '‘פחות שנאת חינם’', 1218: '‘מאמין בשינוי של פייגלין בחינוך ובכלכלה’', 1219: '‘פינוי הערבים מירושלים’', 1220: '‘פירוז עזה’', 1221: '‘פירוק הצבא – במידה ולא נצטרך צבא’', 1222: '‘פריחה’', 1223: '‘פתרון הבעיה הפלסטינית’', 1224: '‘פתרון הפלסטיני’', 1225: '‘פתרון לסכסוך במזרח התיכון’', 1226: '‘פתרון לעזה’', 1227: '‘פתרון מדיני עם הפלסטינים’', 1228: '‘פתרון הסכסוך הישראלי-פלסטיני’', 1229: '‘פתרון של בעיות תחבורה’', 1230: '‘צמצום פערים בשכבות החלשות’', 1231: '‘קבלה של עמים אחרים שרוצים לעבוד כאן בכבוד', 1232: '‘קיבוץ גלויות’', 1233: '‘קיר גדול בינינו ובין הפלסטינים’', 1234: '‘קצת יותר אנרכיה’', 1235: '‘קרבה ואהבה ‘', 1237: '‘ראש ממשלה חרדי’', 1238: '‘רוגע בביטחון’', 1239: '‘רווחה לכל האזרחים’', 1240: '‘רווחה כלכלית’', 1241: '‘חינוך למשמעת’', 1242: '‘רוצה עם מחובר’', 1243: '‘רוצה שהערבים יחיו כמו שהיהודים חיו בארצות', 1244: '‘רוצה שלום בתוך העם’', 1245: '‘ריבונות ישראלית חזקה יותר בכל שטחי מדינת י', 1246: '‘ריבונות מלאה של מדינת ישראל על הר הבית’', 1247: '‘שאנשים הגונים יהיו פוליטקאיים’', 1248: '‘שאנשים יפסיקו לשנוא אחד את השני’', 1249: '‘שאנשים מצליחים להזדקן בכבוד’', 1250: '‘שביבי יהיה בגין’', 1251: '‘שביבי ילך הביתה’', 1252: '‘שביבי ישלם את חובו לחברה’', 1253: '‘שגשוג העם’', 1254: '‘שגשוג כלכלי’', 1255: '‘שהאזרח יהיה בפרונט’', 1256: '‘שהארץ תכיל רק יהודים’', 1257: '‘שהחברה תחזור לפסים נורמאלים’', 1258: '‘שהיא תתפתח מבחינה בטחונית’', 1259: '‘שהיינו בוחרים להיות באירופה ולא במזרח התי', 1260: '‘שהליכוד לא יהיה בשלטון’', 1261: '‘שהמדינה תאפשר קיום מכובד לציבור יהודי לאו', 1262: '‘שהמדינה תהיה נורמאלית יותר’', 1263: '‘שהמדינה תחזור להיות מדינה סוציאל-דמוקרטית', 1264: '‘שהמדינה תחזיק מעמד’', 1265: '‘שהמדינה תמשיך להיות דמוקרטית’', 1266: '‘שהמדינה תישאר בידי הימין והדתיים’', 1267: '‘שהמדינה תתפתח’', 1268: '‘שהמורים ירוויחו שכר שאפשר לסגור איתו את הח', 1269: '‘שהמסכנים לא יהיו מסכנים’', 1270: '‘שהמערך יקחו את השלטון’', 1271: '‘שהנהגת המדינה תהיה אחרת’', 1272: '‘שהנכים והזקנים יהיו במצב טוב יותר’', 1273: '‘שעלות המחיה פה תהיה זולה’', 1274: '‘שהעם יאמין ויקבל את זה שהיה מתן תורה’', 1275: '‘שהעם יבחר בחוכמה, שלא ילך ימינה שיהיה מרכז', 1276: '‘שהעניין עם הפלסטינים יסתדר’', 1277: '‘שהערבים והיהודים יהיו ישראלים יחד’', 1278: '‘שהערבים יפנו את הארץ’', 1279: '‘שהפערים יצטמצו מבחינת הכנסה ושוויון הזדמנ', 1280: '‘שהערבים ירתעו ויפסיקו לפגוע בנו’', 1281: '‘שוויון זכויות לערבים ויהודים’', 1282: '‘שוק משותף של מדינות ערב’', 1283: '‘שזו תהיה מדינה דמוקרטית’', 1284: '‘שיאפשרו לכל הגוונים לעשות אירועים איך שכל', 1285: '‘שיגדילו את הבנייה בהתנחלויות’', 1286: '‘שיהיה בדרום שקט’', 1287: '‘שיהיה בעם יותר דמוקרטיה’', 1288: '‘שיהיה טוב לכולם’', 1289: '‘שיהיה יותר כוח לצהל’', 1290: '‘שיהיה פה מלך או מלכה’', 1291: '‘שתהיה רגיעה עם הפלסטינים’', 1292: '‘שיהיה רוב ימין’', 1293: '‘שיהיה שגשוג של המדינה’', 1294: '‘שיהיה שלום בארץ בתוכנו’', 1295: '‘שיהיה שקט’', 1296: '‘שיהיה שקט עם עזה’', 1297: '‘שיהיו הסדרי קבע עם השכנים’', 1298: '‘שוויון בין האזרחים’', 1299: '‘שוויון בין כל העדות’', 1300: '‘שוויון בין שכבות האוכלוסיה’', 1301: '‘שוויון בנטל’', 1302: '‘שוויון זכויות בין הקהילה הגאה’', 1303: '‘שיחות עם הפלסטינים’', 1304: '‘שיטפלו בכל הבעיות הקיימות, בתחלואות’', 1305: '‘שיטפלו במבוגרים שתיהיה בריאות’', 1306: '‘שיינקטו צעדים משמעותיים נגד שחיתות’', 1307: '‘שיכבדו את הדמוקרטיה’', 1308: '‘שיכירו ויכבדו יותר את החרדים’', 1309: '‘שימשיך ככה’', 1310: '‘שינוי חברתי כלכלי’', 1311: '‘שינויים במערכת הבריאות והחינוך’', 1312: '‘שינויים בנושא דת ומסורת’', 1313: '‘שיעלו את שכר המינימום’', 1314: '‘שיעשו פעמיים בשנה יום חופש’', 1315: '‘שיפור בתנאי המחיה’', 1316: '‘שיפור המצב הכלכלי-חברתי של העם’', 1317: '‘שיפתרו את המסתננים’', 1318: '‘שישוחררו בחורי הישיבות לגמרי משירות צבאי', 1319: '‘שישראל תהיה מרכז עיסקי בינלאומי’', 1320: '‘שכולם יהיו מגובשים’', 1321: '‘שכולם יקבלו את ירושלים כבירת ישראל’', 1322: '‘שכולנו נחיה יחד’', 1323: '‘שכל היהודים יעלו לארץ’', 1324: '‘שכל המפלגות ילכו ביחד’', 1325: '‘שכל העדות יתחתנו עם כל העדות’', 1326: '‘שהעם מאמין שהוא צריך לדאוג אחד לשני לביטחו', 1327: '‘שכל השטחים שלנו’', 1328: '‘שלא יהיה קרע בעם’', 1329: '‘שלא יהיו יותר פלסטינים’', 1330: '‘שלא יהיו יותר פקקים’', 1331: '‘שלא יהיו מושחתים בשלטון’', 1332: '‘שלא יהיו מלחמות’', 1333: '‘שלא יתקבלו גיורים פיקטיביים של לא יהודים’', 1334: '‘שלא נשמע יותר פלסטינים’', 1335: '‘שלא תהיה פלגנות ותחזור למה שהיתה פעם’', 1336: '‘שלא תהיה שחיתות’', 1337: '‘שלום’', 1338: '‘שלום - לא תמורת שטחים’', 1339: '‘שלום אמיתי יחד עם חזרה לשטחים שלנו’', 1340: '‘שלום באיזור’', 1341: '‘שלום בין אזרחי המדינה’', 1342: '‘שלום בין היהודים ליהודים’', 1343: '‘שלום בין המפלגות’', 1344: '‘שלום בין העם היהודי ובין שכנינו’', 1345: '‘שלום בינינו לבין הערבים’', 1346: '‘שלום בינינו לבין עצמנו’', 1347: '‘שלום בכל השכונה’', 1348: '‘שלום במזרח התיכון’', 1349: '‘שלום ללא ויתורים’', 1350: '‘שלום עולמי’', 1351: '‘שלום עם איראן’', 1352: '‘שלום עם הסביבה’', 1353: '‘שלום עם הסובבים אותנו ללא גדרות’', 1354: '‘שלום עם הערבים’', 1355: '‘שלום עם הפלסטינים’', 1356: '‘שלום עם כל ישראל והעמים מסביב’', 1357: '‘שלום עם מדינות ערב’', 1358: '‘שלום עם סוריה’', 1359: '‘שלום עם שכנינו’', 1360: '‘שלום עם שתי מדינות’', 1361: '‘שלטון חזק על עזה’', 1362: '‘שלטון שלא יוביל למלחמת אחים’', 1363: '‘שליטה מלאה על ארץ ישראל’', 1364: '‘שליטה של העם הישראלי על הארץ המובטחת’', 1365: '‘שמדינות ערב סביבנו מכירות בנו’', 1366: '‘שמירת שבת’', 1367: '‘שמפרקים את הטרור מנשקו’', 1368: '‘שמציינים 100 למדינה’', 1369: '‘שמשפחת נתניהו תעלם מן העולם’', 1370: '‘שנוכל להתמודד עם הערבים’', 1371: '‘שנחיה בשלום גם עם האוכלוסיה הערבית’', 1372: '‘שנמשיך להיות עם חופשי’', 1373: '‘שנמצא ונמכור הרבה גז’', 1374: '‘שנצליח לסכל את איראן’', 1375: '‘שנרגיש שאנו שייכים לארץ ישראל’', 1376: '‘שנתניהו יצא מהממשלה’', 1377: '‘שנתניהו ירד מהשלטון’', 1378: '‘שנתניהו ישתנה ויהיה אחרת’', 1379: '‘שפוטין יבוא לממשלה במקום ביבי’', 1380: '‘שקט בטחוני בשדרות’', 1381: '‘שקט ורוגע בטחוניים’', 1382: '‘שירותי בריאות טובים יותר’', 1383: '‘ששס יעלו’', 1384: '‘שתהיה מדינת הלכה’', 1385: '‘שתהיה ממשלה שתחבר את העם ולא תפלג’', 1386: '‘שתהיה סבלנות וסובלנות’', 1387: '‘שתושבי הדרום ישנו בשקט’', 1388: '‘שתי מדינות לשני עמים’', 1389: '‘תוכנית שלום לטווח ארוך’', 1390: '‘תום עידן הממשלות’', 1391: '‘תקשורת בונה’', 1392: '‘מדינה לא דתית’', 1393: '‘דמוקרטיה תתאזן שלא יהיה אחד בשלטון המון שנ', 1394: '‘פתרון עם הפלסטינים’', 1395: '‘אחדות בין ימין לשמאל’', 1396: '‘שלום עם כל מדינות מסביב’'}"
v13B_code,Apr-19,13B. When you think about the future of the state of Israel and the Arab-Israeli,"{1001: '‘אין הפרדה בין ערבים ליהודים. שוויון ‘', 1002: '‘אין תשובה’', 1003: '‘ביטול חוק הלאום’', 1004: '‘דברים טובים’', 1005: '‘דמוקרטיה’', 1006: '‘המפלגות הערביות מתאחדות’', 1007: '‘הסכם שלום’', 1008: '‘הסכם שלום בין היהודים והפלסטינים’', 1009: '‘הערבים והיהודים חיים בדו קיום’', 1010: '‘שהישראלים ידברו עם הפלסטינים ויפתרו את ‘', 1011: '‘הקמת מדינה פלסטינית’', 1012: '‘הקמת מדינה פלסטינית לצד הישראלית’', 1013: '‘שינוי’', 1014: '‘התקדמות והתפתחות הערבים’', 1015: '‘זו שאלה גדולה ‘', 1016: '‘זכויות לערבים’ 1017 ‘חוק השיבה לערבים הפלס', 1018: '‘חיים יותר משותפים’', 1019: '‘יהודים וערבים אחים’', 1020: '‘יותר ייצוג של ערבים בכנסת’', 1021: '‘יותר מודעות ותרבות’', 1022: '‘כוח שמייצג את הערבים’', 1023: '‘כולם יד אחת ללא הפרדה בין היהודים לערבים’', 1024: '‘לא חושב שתהיה שום התקדמות או שינוי’', 1025: '‘לא יודע’', 1026: '‘לא מצפה לראות שום דבר’', 1027: '‘עתיד טוב יותר לערבים’', 1028: '‘לחזור ללאומיות שלנו כערבים פלסטינים’', 1029: '‘לחזור לעבר שלנו’', 1030: '‘לחיות ביחד בשלום’', 1031: '‘שישתנה מצבם של הערבים’', 1032: '‘מדינה דו לאומית’', 1033: '‘מדינת כלל אזרחיה’', 1034: '‘מדינה לערבים בלבד’', 1035: '‘מוחמד דחלאן בשלטון’', 1036: '‘מלחמה’', 1037: '‘ממשלה בגיבוי ערבי’', 1038: '‘מסרב’', 1039: '‘מצב שבו יש יותר צדק’', 1040: '‘מצב של שלום’', 1041: '‘מצב של שלום בין יהודים וערבים’', 1042: '‘מרוצה מהמצב הנוכחי’', 1043: '‘נטישת הגזענות במדינה נגד הערבים’', 1044: '‘עוד נקבה בעתיד’', 1045: '‘עם ערבי חכם מפותח ומגובש’', 1046: '‘שוויון בין האזרחים’', 1047: '‘שוויון’', 1048: '‘שיוויון בין יהודים לערבים’', 1049: '‘שוויון זכויות מלא’', 1050: '‘שאהיה אזרח בעל אותם זכויות כמו עולה רוסי ח', 1051: '‘שהערבים ירגישו שווים ואזרחים לכל דבר’', 1052: '‘שגשוג בכלכלה’', 1053: '‘שהימין יכשל’', 1055: '‘שהערבים חלק מהממשלה’', 1056: '‘שהערבים יהיו גאים ‘', 1057: '‘שהערבים יתאחדו’', 1058: '‘שיהיה לערבים חופש ביטוי’', 1059: '‘שיהיה לערבים ייצוג בארץ’', 1060: '‘שיהיה תוהו ובוהו’', 1061: '‘שימחק הימין’', 1062: '‘שיקבלו את זכויותיהם המלאות’', 1063: '‘שינוי הקואליציה הפוליטית’', 1064: '‘שיתאחדו ערביי ישראל עם שאר הפלסטינים’', 1065: '‘שלווה’', 1066: '‘שלום’', 1067: '‘שלום בין יהודים ופלסטינים עם שתי מדינות’', 1068: '‘שלום בין יהודים לערבים’', 1069: '‘שמפלגת העבודה תחזור להיות בשלטון’', 1070: '‘שנבין מה יהודים רוצים מאיתנו’', 1071: '‘שתהיה לערבים יישות נפרדת’', 1072: '‘שתהיה מדינה יותר דמוקרטית’', 1073: '‘שתי מדינות נפרדות’', 1074: '‘שתימחק המדינה’'}"
v14A_code,Apr-19,"14A. Who, in your opinion, is the most influential figure in the history of the","{1001: 'אבא שלי', 1002: 'אבות האומה', 1003: 'אברהם אבינו', 1004: 'האדמור', 1006: 'אין תשובה', 1007: 'אלברט איינשטיין', 1008: 'עמיר פרץ', 1009: 'אריאל שרון', 1010: 'אריה דרעי', 1011: 'בן גוריון', 1012: 'בני בגין', 1013: 'הרצל', 1014: 'בנימין נתניהו', 1015: 'בר כוכבא', 1016: 'גדולי התורה', 1017: 'גולדה מאיר', 1018: 'גלעד שליט', 1019: 'דוד המלך', 1020: 'דמות תנכית כלשהי', 1021: 'דנה אינטרנשיונל', 1022: 'האדמור מבעלז', 1023: 'האדמור מבויאן', 1024: 'האדמור מוישניץ הנוכחי', 1025: '‘החזון איש’', 1026: 'הנשיא האמריקאי', 1027: 'יצחק נבון', 1029: 'הרב אליעזר צח', 1030: 'הרב גורן', 1031: 'הרב כהנא', 1032: 'הרב מרדכי אליהו', 1033: 'הרב עובדיה יוסף', 1034: 'הרב קוק', 1035: 'הרב קנייבסקי', 1036: 'הרב שטיינמן', 1037: 'הרב שך', 1038: 'הרבי מלובביץ', 1039: 'הרבנים', 1040: 'הרמבם', 1041: 'המשיח', 1042: 'זבוטינסקי', 1043: 'זיו רוטפוגל', 1044: 'זלמן שזר', 1045: 'חיים מרגליות קלבריסקי', 1046: 'חיים וייצמן', 1047: 'חיים סבירסקי', 1048: 'יגאל עמיר', 1049: 'יהושוע בן נון', 1050: 'יולי אדלשטיין', 1051: 'יצחק רבין', 1052: 'יצחק שמיר', 1053: 'ישו', 1054: 'לא יודע', 1056: 'לא מצליח לצמצם לאחד', 1057: 'אני', 1058: 'לוי אשכול', 1059: 'מאיר הר ציון', 1060: 'מנחם בגין', 1061: 'מסרב', 1062: 'מפלגת יהדות התורה', 1063: 'משה דיין', 1064: 'משה רבנו', 1065: 'משה שרת', 1066: 'נחמה ליבוביץ', 1067: 'עזר ויצמן', 1068: 'פנחס רוטברג', 1069: 'ישעיהו ליבוביץ', 1070: 'אלוהים', 1071: 'רועי קליין', 1072: 'רובי ריבלין', 1073: 'רפאל איתן', 1074: 'שלמה המלך', 1075: 'שמעון פרס'}"
v14B_code,Apr-19,"14B. Who, in your opinion, is the most influential figure in the history of the","{1001: '‘אהוד ברק’', 1002: '‘אחמד טיבי’', 1003: '‘איברהים נימר חוסיין’', 1004: '‘איוב קרא’', 1005: '‘איימן עודה’', 1006: '‘אין אף אחד’', 1007: '‘אין תשובה’', 1008: '‘אמיל תומא’', 1009: '‘אריאל שרון’', 1010: '‘ביבי נתניהו ‘', 1011: '‘ביל קלינטון’', 1012: '‘בירס’', 1013: '‘גבר מועדי’', 1014: '‘גמאל עבד אלנאצר’', 1015: '‘דוד בן גוריון’', 1016: '‘חאג אמין אל חוסייני’', 1017: '‘יאסר ערפאת’', 1018: '‘יצחק הרצוג’', 1019: '‘יצחק רבין’', 1020: '‘לא זוכר’', 1021: '‘לא יודע’', 1022: '‘מאיר כהנא’', 1023: '‘מחמוד דרוויש’', 1024: '‘מנחם בגין’', 1025: '‘מסרב’', 1026: '‘רובי רבלין’', 1027: '‘סיף אלדין זועבי’', 1028: '‘צלאח א- דין’', 1029: '‘עבדאללה נימר דרוויש’', 1030: '‘עזמי בשארה’', 1031: '‘ציפי ליבני’', 1032: '‘ראאד סלאח’', 1033: '‘שולמית אלוני’', 1034: '‘שמעון פרס’', 1035: '‘תאופיק זיאד’', 1036: '‘תופיק טובי’'}"
v17_after,Apr-19,17. Interview language,"{1: '1. Hebrew', 2: '2. Arabic', 3: '888', 4: '999'}"
v18_after,Apr-19,18. Sector,"{1: '1. Jewish', 2: '2. Arab', 3: '888', 4: '999'}"
w1_arabs_relig,Apr-19,,
w2_jews_age,Apr-19,,
w3_jews_educ,Apr-19,,
traditional,Apr-19,,"{1: '1. דתי מאוד, חרדי', 2: '2. דתי', 3: '3. מסורתי דתי', 4: '4. מסורתי לא כל כך דתי', 5: '5. לא דתי, חילוני'}"
w4_jews_traditional,Apr-19,,
c_resp_id_before,Apr-19,ID,
c_date_before,Apr-19,,
girsa_c,Apr-19,1. Version,"{1: '1. Version A (Green+Blue)', 2: '2. Version B (Green+Red)'}"
c301,Apr-19,C301. That the Knesset decided to dissolve itself and hold new elections,"{1: '1. Definitely Improper', 2: '2. Improper', 3: '3. So-So', 4: '4. Proper', 5: '5. Definitely Proper', 98: '98. Don’t know/no answer', 99: '99. Refuses to answer'}"
c302,Apr-19,C302. That Netanyahu did not return the mandate to the president at the end of t,"{1: '1. Definitely Improper', 2: '2. Improper', 3: '3. So-So', 4: '4. Proper', 5: '5. Definitely Proper', 98: '98. Don’t know/no answer', 99: '99. Refuses to answer'}"
c303,Apr-19,C303. That Lieberman did not join the coalition despite his committing to a righ,"{1: '1. Definitely Improper', 2: '2. Improper', 3: '3. So-So', 4: '4. Proper', 5: '5. Definitely Proper', 98: '98. Don’t know/no answer', 99: '99. Refuses to answer'}"
c304,Apr-19,C304. That the center and left parties rejected joining a government lead by Net,"{1: '1. Definitely Improper', 2: '2. Improper', 3: '3. So-So', 4: '4. Proper', 5: '5. Definitely Proper', 98: '98. Don’t know/no answer', 99: '99. Refuses to answer'}"
c305,Apr-19,C305. That the coalition negotiations  focused on Netanyahu’s personal affairs a,"{1: '1. Definitely Improper', 2: '2. Improper', 3: '3. So-So', 4: '4. Proper', 5: '5. Definitely Proper', 98: '98. Don’t know/no answer', 99: '99. Refuses to answer'}"
c306,Apr-19,C306. Anger,"{1: '1. Not at all', 2: '2. Slightly', 3: '3. Somewhat', 4: '4. Quite', 5: '5. Very much', 98: '98. Don’t know/no answer', 99: '99. Refuses to answer'}"
c307,Apr-19,C307. Disgust,"{1: '1. Not at all', 2: '2. Slightly', 3: '3. Somewhat', 4: '4. Quite', 5: '5. Very much', 98: '98. Don’t know/no answer', 99: '99. Refuses to answer'}"
c308,Apr-19,C308. Hope,"{1: '1. Not at all', 2: '2. Slightly', 3: '3. Somewhat', 4: '4. Quite', 5: '5. Very much', 98: '98. Don’t know/no answer', 99: '99. Refuses to answer'}"
c309,Apr-19,C309. Despair,"{1: '1. Not at all', 2: '2. Slightly', 3: '3. Somewhat', 4: '4. Quite', 5: '5. Very much', 98: '98. Don’t know/no answer', 99: '99. Refuses to answer'}"
c104,Apr-19,"C104. If the Knesset elections were held today, which party list would you vote","{1: '1. Likud (Binyamin Netanyahu)', 2: '2. Kahol-Lavan (Benny Gantz and Yair Lapid)', 3: '3. HaAvoda-Gesher (Amir Peretz, Orli Levi-Abukasis)', 5: '5. Yamina/HaYamin HaMeuchad (HaBayit HaYehudi + HaIchud HaLeumi , HaYamin HaHada', 6: '6. Hamachane Hademocrati (Democratic Union) (Meretz: Nitzan Horowitz, Stav Shafi', 7: '7. Yahadut HaTorah (United Torah Judaism) (Agudat Israel Degel HaTorah)', 8: '8. Shas', 9: '9. Yisrael Beitenu (Avigdor Lieberman)', 11: '11. HaReshima HaMeshutefet  (Joint List) (Hadash-Ta’al-Ra’am-Balad)', 12: '12. Tzedek', 16: '16. Bible Bloc (HaGush HaTanachi)', 18: '18. Otzma Calcalit', 19: '19. Otzma Yehudit', 21: '21. Right-wing Party', 22: '22. Center Party', 30: 'Other (specify)', 94: '94. Doesn’t intend to vote', 96: '96. Blank Ballot', 97: '97. Undecided/debating', 98: '98. Don’t know/no answer', 99: '99. Refuses to answer'}"
c8_Code1,Apr-19,"C8. In your opinion, what is the most important problem that the government has",
c8_Code2,Apr-19,"C8. In your opinion, what is the most important problem that the government has",
c19,Apr-19,"C19. In your opinion, should Israel agree, or not agree, to the establishment of","{1: '1. Definitely should agree', 2: '2. Believe that should agree', 3: '3. Believe that should not agree', 4: '4. Definitely should not agree', 98: '98. Don’t know/no answer', 99: '99. Refuses to answer'}"
c20,Apr-19,"C20. About the structure of economic life in the country, which do you support m","{1: '1. Definitely a capitalist approach', 2: '2. More capitalist than socialist', 3: '3. More socialist than capitalist', 4: '4. Definitely a socialist approach', 98: '98. Don’t know/no answer', 99: '99. Refuses to answer'}"
c21,Apr-19,"C21. In your opinion, should the government of Israel see to it that public life","{1: '1. The government should definitely see to it', 2: '2. The government should perhaps see to it', 3: '3. I don’t think the government should see to it', 4: '4. The government should definitely not see to it', 98: '98. Don’t know/no answer', 99: '99. Refuses to answer'}"
c25,Apr-19,"C25. Political leader, who does his/her job successfully, should be allowed to c","{1: '1. Strongly Disagree', 2: '2. Disagree', 3: '3. Agree', 4: '4. Strongly Agree', 98: '98. Don’t know/no answer', 99: '99. Refuses to answer'}"
c28,Apr-19,C28. It is possible to achieve equal rights for Arab citizens mainly through the,"{1: '1. Strongly Disagree', 2: '2. Disagree', 3: '3. Agree', 4: '4. Strongly Agree', 98: '98. Don’t know/no answer', 99: '99. Refuses to answer'}"
c29,Apr-19,C29. The Arab parties are doing everything in their power to advance the interes,"{1: '1. Strongly Disagree', 2: '2. Disagree', 3: '3. Agree', 4: '4. Strongly Agree', 98: '98. Don’t know/no answer', 99: '99. Refuses to answer'}"
c31,Apr-19,C31. Is there a party and/or politician in Israel that represent your views?,"{1: '1. Definitely not', 2: '2. I don’t’ believe so', 3: '3. I believe so', 4: '4. Yes, definitely', 98: '98. Don’t know/no answer', 99: '99. Refuses to answer'}"
c34,Apr-19,C34. Is there a political party in Israel which has representatives who are simi,"{1: '1. Definitely not', 2: '2. I don’t’ believe so', 3: '3. I believe so', 4: '4. Yes, definitely', 98: '98. Don’t know/no answer', 99: '99. Refuses to answer'}"
c37,Apr-19,C37. Is there a party and/or politician in Israel that gives you a sense of belo,"{1: '1. Definitely not', 2: '2. I don’t’ believe so', 3: '3. I believe so', 4: '4. Yes, definitely', 98: '98. Don’t know/no answer', 99: '99. Refuses to answer'}"
c40,Apr-19,C40. Does the party and/or politician you voted for use the authority you gave t,"{1: '1. Definitely not', 2: '2. I don’t’ believe so', 3: '3. I believe so', 4: '4. Yes, definitely', 98: '98. Don’t know/no answer', 99: '99. Refuses to answer'}"
c43,Apr-19,C43. Now think about your vote for a certain party in the election. Which of the,"{1: '1. That the party represents your positions on issues that are important to you', 2: '2. That the party has individuals with similar characteristics and background to', 3: '3. That the party gives you a sense of belonging and pride in your identity', 4: '4. That the party uses the authority you gave it responsibly', 98: '98. Don’t know/no answer', 99: '99. Refuses to answer'}"
c44,Apr-19,"C44. And regarding the Knesset, which of the following is most important to you?","{1: '1. That the laws of the Knesset represent your positions on issues that are impo', 2: '2. That there is representation of people with characteristics and background li', 3: '3. That the Knesset gives you a sense of belonging and pride in your identity', 4: '4. That the Knesset uses the authority we gave it responsibly for the public', 98: '98. Don’t know/no answer', 99: '99. Refuses to answer'}"
c49_a,Apr-19,C49_A Likud,"{0: '0. rejection/ hatred', 1: '1', 2: '2', 3: '3', 4: '4', 5: '5', 6: '6', 7: '7', 8: '8', 9: '9', 10: '10. support / sympathy', 98: '98. Don’t know/no answer', 99: '99. Refuses to answer'}"
c49_b,Apr-19,C49_B Kahol-Lavan,"{0: '0. rejection/ hatred', 1: '1', 2: '2', 3: '3', 4: '4', 5: '5', 6: '6', 7: '7', 8: '8', 9: '9', 10: '10. support / sympathy', 98: '98. Don’t know/no answer', 99: '99. Refuses to answer'}"
c49_c,Apr-19,C49_C HaAvoda-Gesher,"{0: '0. rejection/ hatred', 1: '1', 2: '2', 3: '3', 4: '4', 5: '5', 6: '6', 7: '7', 8: '8', 9: '9', 10: '10. support / sympathy', 98: '98. Don’t know/no answer', 99: '99. Refuses to answer'}"
c49_d,Apr-19,C49_D Yamina (HaYamin HaMeuchad),"{0: '0. rejection/ hatred', 1: '1', 2: '2', 3: '3', 4: '4', 5: '5', 6: '6', 7: '7', 8: '8', 9: '9', 10: '10. support / sympathy', 98: '98. Don’t know/no answer', 99: '99. Refuses to answer'}"
c49_f,Apr-19,C49_F Hamachane Hademocrati,"{0: '0. rejection/ hatred', 1: '1', 2: '2', 3: '3', 4: '4', 5: '5', 6: '6', 7: '7', 8: '8', 9: '9', 10: '10. support / sympathy', 98: '98. Don’t know/no answer', 99: '99. Refuses to answer'}"
c49_h,Apr-19,C49_H Yisrael Beitenu,"{0: '0. rejection/ hatred', 1: '1', 2: '2', 3: '3', 4: '4', 5: '5', 6: '6', 7: '7', 8: '8', 9: '9', 10: '10. support / sympathy', 98: '98. Don’t know/no answer', 99: '99. Refuses to answer'}"
c49_j,Apr-19,C49_J HaReshima HaMeshutefet,"{0: '0. rejection/ hatred', 1: '1', 2: '2', 3: '3', 4: '4', 5: '5', 6: '6', 7: '7', 8: '8', 9: '9', 10: '10. support / sympathy', 98: '98. Don’t know/no answer', 99: '99. Refuses to answer'}"
c52_a,Apr-19,C52_A Binyamin Netanyahu,"{0: '0. rejection/ hatred', 1: '1', 2: '2', 3: '3', 4: '4', 5: '5', 6: '6', 7: '7', 8: '8', 9: '9', 10: '10. support / sympathy', 98: '98. Don’t know/no answer', 99: '99. Refuses to answer'}"
c52_b,Apr-19,C52_B Benny Gantz,"{0: '0. rejection/ hatred', 1: '1', 2: '2', 3: '3', 4: '4', 5: '5', 6: '6', 7: '7', 8: '8', 9: '9', 10: '10. support / sympathy', 98: '98. Don’t know/no answer', 99: '99. Refuses to answer'}"
c52_d,Apr-19,C52_D Amir Peretz,"{0: '0. rejection/ hatred', 1: '1', 2: '2', 3: '3', 4: '4', 5: '5', 6: '6', 7: '7', 8: '8', 9: '9', 10: '10. support / sympathy', 98: '98. Don’t know/no answer', 99: '99. Refuses to answer'}"
c52_e,Apr-19,C52_E Ayelet Shaked,"{0: '0. rejection/ hatred', 1: '1', 2: '2', 3: '3', 4: '4', 5: '5', 6: '6', 7: '7', 8: '8', 9: '9', 10: '10. support / sympathy', 98: '98. Don’t know/no answer', 99: '99. Refuses to answer'}"
c52_g,Apr-19,C52_G Nitzan Horowitz,"{0: '0. rejection/ hatred', 1: '1', 2: '2', 3: '3', 4: '4', 5: '5', 6: '6', 7: '7', 8: '8', 9: '9', 10: '10. support / sympathy', 98: '98. Don’t know/no answer', 99: '99. Refuses to answer'}"
c52_i,Apr-19,C52_I Avigdor Liberman,"{0: '0. rejection/ hatred', 1: '1', 2: '2', 3: '3', 4: '4', 5: '5', 6: '6', 7: '7', 8: '8', 9: '9', 10: '10. support / sympathy', 98: '98. Don’t know/no answer', 99: '99. Refuses to answer'}"
c52_k,Apr-19,C52_K Ayman Oudeh,"{0: '0. rejection/ hatred', 1: '1', 2: '2', 3: '3', 4: '4', 5: '5', 6: '6', 7: '7', 8: '8', 9: '9', 10: '10. support / sympathy', 98: '98. Don’t know/no answer', 99: '99. Refuses to answer'}"
c86,Apr-19,C86. Politicians make promises during the campaign that they have no intention o,"{1: '1. Strongly Disagree', 2: '2. Disagree', 3: '3. Agree', 4: '4. Strongly Agree', 98: '98. Don’t know/no answer', 99: '99. Refuses to answer'}"
c87,Apr-19,C87. Most politicians in Israel are not corrupt,"{1: '1. Strongly Disagree', 2: '2. Disagree', 3: '3. Agree', 4: '4. Strongly Agree', 98: '98. Don’t know/no answer', 99: '99. Refuses to answer'}"
c88,Apr-19,"C88. There is too much interference in the  elections, such that the results don","{1: '1. Strongly Disagree', 2: '2. Disagree', 3: '3. Agree', 4: '4. Strongly Agree', 98: '98. Don’t know/no answer', 99: '99. Refuses to answer'}"
c89,Apr-19,C89. The electoral system in Israel distorts the voters’ will,"{1: '1. Strongly Disagree', 2: '2. Disagree', 3: '3. Agree', 4: '4. Strongly Agree', 98: '98. Don’t know/no answer', 99: '99. Refuses to answer'}"
c90,Apr-19,"C90. Of the following, what do you think is the biggest threat to the political","{1: '1. Corruption', 2: '2. Politicians who don’t keep election promises', 3: '3. Interferences in the elections such that the results don’t reflect the vote', 4: '4. The electoral system that distorts the voters’ will', 98: '98. Don’t know/no answer', 99: '99. Refuses to answer'}"
c106,Apr-19,"C106. In your opinion, will the government after the election be based on:","{1: '1. A coalition led by Likud with right-wing parties', 2: '2. A coalition led by Likud with parties from both sides of the political spectr', 3: '3. A coalition led by Kahol-Lavan with center and left parties', 4: '4. A coalition led by Kahol-Lavan with parties from both sides of the political', 5: '5. A coalition of the Likud and Kahol-Lavan', 6: '6. Do not read: Other', 30: '30. There will be no coalition and will be another election', 98: '98. Don’t know/no answer', 99: '99. Refuses to answer'}"
c107,Apr-19,C107. And which of the following governments would you prefer?,"{1: '1. A coalition led by Likud with right-wing parties', 2: '2. A coalition led by Likud with parties from both sides of the political spectr', 3: '3. A coalition led by Kahol-Lavan with center and left parties', 4: '4. A coalition led by Kahol-Lavan with parties from both sides of the political', 5: '5. A coalition of the Likud and Kahol-Lavan', 6: '6. Do not read: Other', 98: '98. Don’t know/no answer', 99: '99. Refuses to answer'}"
c109,Apr-19,"C109. In general, to what extent do you feel there is a political party and/or p","{1: '1. To a great degree', 2: '2. To a certain degree', 3: '3. To a small degree', 4: '4. Not at all', 98: '98. Don’t know/no answer', 99: '99. Refuses to answer', 100: '888', 101: '999'}"
c110,Apr-19,"C110. And in general, to what extent do you feel that the Israeli political syst","{1: '1. To a great degree', 2: '2. To a certain degree', 3: '3. To a small degree', 4: '4. Not at all', 98: '98. Don’t know/no answer', 99: '99. Refuses to answer', 100: '888', 101: '999'}"
c111,Apr-19,C111. There is much talk about left and right in politics. Where would you rank,"{1: '1. Right', 2: '2', 3: '3', 4: '4', 5: '5', 6: '6', 7: '7. Left', 98: '98. Don’t know/no answer', 99: '99. Refuses to answer', 100: '888', 101: '999'}"
c119,Apr-19,"C119. You feel committed to the democratic regime in Israel, even if there are t","{1: '1. Strongly Disagree', 2: '2. Disagree', 3: '3. Agree', 4: '4. Strongly Agree', 98: '98. Don’t know/no answer', 99: '99. Refuses to answer'}"
c120,Apr-19,"C120. In order to take care of Israel’s unique problems, there is a need for a s","{1: '1. Strongly Disagree', 2: '2. Disagree', 3: '3. Agree', 4: '4. Strongly Agree', 98: '98. Don’t know/no answer', 99: '99. Refuses to answer'}"
c124,Apr-19,C124. People who compromise in politics are actually selling out their principle,"{1: '1. Strongly Disagree', 2: '2. Disagree', 3: '3. Agree', 4: '4. Strongly Agree', 98: '98. Don’t know/no answer', 99: '99. Refuses to answer'}"
c125,Apr-19,C125. The Government,"{1: '1. No trust at all', 2: '2. Little trust', 3: '3. High trust', 4: '4. Very high trust', 98: '98. Don’t know/no answer', 99: '99. Refuses to answer'}"
c126,Apr-19,C126. The Knesset,"{1: '1. No trust at all', 2: '2. Little trust', 3: '3. High trust', 4: '4. Very high trust', 98: '98. Don’t know/no answer', 99: '99. Refuses to answer'}"
c127,Apr-19,C127. The Supreme Court,"{1: '1. No trust at all', 2: '2. Little trust', 3: '3. High trust', 4: '4. Very high trust', 98: '98. Don’t know/no answer', 99: '99. Refuses to answer'}"
c128,Apr-19,C128. Politicians,"{1: '1. No trust at all', 2: '2. Little trust', 3: '3. High trust', 4: '4. Very high trust', 98: '98. Don’t know/no answer', 99: '99. Refuses to answer'}"
c97,Apr-19,"C97. In the last week, how many times did content from politicians and political","{1: '1. Never', 2: '2. Once a week', 3: '3. Two or three times a week', 4: '4. Nearly every day', 5: '5. Several times a day', 98: '98. Don’t know/no answer', 99: '99. Refuses to answer'}"
c101,Apr-19,C101. Read content from a politician or political party that appeared on your fe,"{1: '1. Never', 2: '2. Once a week', 3: '3. Two or three times a week', 4: '4. Nearly every day', 5: '5. Several times a day', 98: '98. Don’t know/no answer', 99: '99. Refuses to answer'}"
c99,Apr-19,C99. Responded to content that a politician or political party posted,"{1: '1. Never', 2: '2. Once a week', 3: '3. Two or three times a week', 4: '4. Nearly every day', 5: '5. Several times a day', 98: '98. Don’t know/no answer', 99: '99. Refuses to answer'}"
c100,Apr-19,C100. Shared content from a politician or political party,"{1: '1. Never', 2: '2. Once a week', 3: '3. Two or three times a week', 4: '4. Nearly every day', 5: '5. Several times a day', 98: '98. Don’t know/no answer', 99: '99. Refuses to answer'}"
c310,Apr-19,"C310. Thank you for your time. We would very much like to talk to you again, aft","{1: '1. Yes', 2: '2. No', 3: ""3. Don't Know"", 4: '888', 5: '999'}"
c146,Apr-19,,
c148,Apr-19,C148. Interview language,"{1: '1. Hebrew', 2: '2. Arabic', 3: '888', 4: '999'}"
c149,Apr-19,C149. Sector,"{1: '1. Jewish', 2: '2. Arab', 3: '888', 4: '999'}"
d_resp_id_after,Apr-19,,
d_date_after,Apr-19,,
D1,Apr-19,D1. Did you vote in the last Knesset election?,"{1: '1. Yes', 2: '2. No', 3: '3. Blank ballot'}"
D2,Apr-19,D2. Which list did you vote for in the last Knesset election?,"{1: '1. Likud (Binyamin Netanyahu)', 2: '2. Kahol-Lavan (Benny Gantz and Yair Lapid)', 3: '3. HaAvoda-Gesher (Amir Peretz, Orli Levi-Abukasis)', 5: '5. Yamina/HaYamin HaMeuchad (HaBayit HaYehudi + HaIchud HaLeumi , HaYamin HaHada', 6: '6. Hamachane Hademocrati (Democratic Union) (Meretz: Nitzan Horowitz, Stav Shafi', 7: '7. Yahadut HaTorah (United Torah Judaism) (Agudat Israel Degel HaTorah)', 8: '8. Shas', 9: '9. Yisrael Beitenu (Avigdor Lieberman)', 11: '11. HaReshima HaMeshutefet  (Joint List) (Hadash-Ta’al-Ra’am-Balad)', 12: '12. Tzedek', 16: '16. Bible Bloc (HaGush HaTanachi)', 18: '18. Otzma Calcalit', 19: '19. Otzma Yehudit', 21: '21. Right-wing Party', 22: '22. Center Party', 30: 'Other (specify)', 94: ""94. Didn't vote"", 96: '96. Blank Ballot', 97: '97. Undecided/debating', 98: '98. Don’t know/no answer', 99: '99. Refuses to answer'}"
D4,Apr-19,"D4. On election day, to what extent was it important to you personally that the","{1: '1. Not at all important', 2: '2. lightly important', 3: '3. Somewhat important', 4: '4. Quite important', 5: '5. Very important', 8: '8. Don’t know/no answer', 9: '9. Refuses to answer'}"
D7,Apr-19,"D7. And when you think about the elections that just took place, what were they","{1: '1. About the conflict with the Palestinians', 2: '2. About the future of democracy in Israel', 3: '3. About security threats and how to handle them', 4: '4. About the socio-economic situation in Israel', 5: '5. About state-religion relations', 6: '6. About Netanyahu: Should he continue leading the country', 8: '8. Do not read: Don’t know', 9: '9. Do not read: No answer/refuses'}"
D9,Apr-19,D9. And now given the election results - which coalition would you prefer?,"{1: '1. A coalition led by Likud with the ultra-Orthodox parties, religious parties,', 2: '2. A coalition led by Kahol-Lavan with the left-wing parties and other parties', 3: '3. A national unity government of Likud and Kahol-Lavan with Gantz and Netanyahu', 4: '4. A national unity government of Likud and Kahol-Lavan with Gantz and a Likud M', 5: '5. Do not read: A different coalition. Which:', 6: '6. Do not read: None of the above', 8: '8. Do not read: Don’t know', 9: '9. Do not read: No answer / refuses to answer'}"
D17,Apr-19,D17. Interview language,"{1: '1. Hebrew', 2: '2. Arabic', 3: '888', 4: '999'}"
D18,Apr-19,D18. Sector,"{1: '1. Jewish', 2: '2. Arab', 3: '888', 4: '999'}"
educ_w,Apr-19,,"{1: 'To high school - without matriculation diploma', 2: 'Complete high school with matriculation diploma', 3: 'Post high school', 4: 'Academic degree'}"
weights_panel_1,Apr-19,,
weights_panel_2,Apr-19,,
weights_panel_3,Apr-19,,
weights_panel_4,Apr-19,,
resp_id,Sep-19,,
date,Sep-19,,
version,Sep-19,1. Version,"{1: '1. Version A (Green+Blue)', 2: '2. Version B (Green+Red)', 3: '888', 4: '999'}"
age,Sep-19,2. How old are you?,
agegroup,Sep-19,For those who did not answer: 3. What age group do you belong to?,"{1: '1. 18-22', 2: '2. 23-29', 3: '3. 30-39', 4: '4. 40-49', 5: '5. 50-59', 6: '6. 60-69', 7: '7. 70-79', 8: '8. 80 and over', 99: '99. Refuses to answer', 100: '888', 101: '999'}"
gender,Sep-19,4. Sex,"{1: '1. Male', 2: '2. Female', 3: '888', 4: '999'}"
educ,Sep-19,136. What is your highest level of education:,"{1: '1. Elementary school or less', 2: '2. Partial high school', 3: '3. Complete high school - without matriculation diploma', 4: '4. Complete high school with matriculation diploma', 5: '5. Post high school, non-academic (teacher’s seminar, nursing school,     engi', 6: '6. Partial academic degree', 7: '7. Full academic degree – BA', 8: '8. Full academic degree - MA or higher', 98: '98. Don’t know/no answer', 99: '99. Refuses to answer', 100: '888', 101: '999'}"
v5,Sep-19,5. Are you an Israeli citizen?,"{1: '1. Yes', 2: '2. No', 3: '888', 4: '999'}"
v6,Sep-19,"6. In your opinion, what is Israel's general situation?","{1: '1. Very good', 2: '2. Good', 3: '3. So so', 4: '4. Not good', 5: '5. Bad', 98: '98. Don’t know/no answer', 99: '99. Refuses to answer', 100: '888', 101: '999'}"
v7,Sep-19,7. What do you think about the way the government is handling the problems that,"{1: '1. Handling them in a very good way', 2: '2. Handling them in a good way', 3: '3. Handling them in a bad way', 4: '4. Handling them very badly', 98: '98. Don’t know/no answer', 99: '99. Refuses to answer', 100: '888', 101: '999'}"
v8,Sep-19,"In your opinion, what is the most important problem that the government has to d",
v8_code_1,Sep-19,"In your opinion, what is the most important problem that the government has to d",
v8_code_2,Sep-19,"In your opinion, what is the most important problem that the government has to d",
v9,Sep-19,"9. In your opinion, in the past 4 years, has the economic situation of Israel im","{1: '1. Has improved a lot', 2: '2. Has improved a little', 3: '3. Has not changed', 4: '4. Has deteriorated a little', 5: '5. Has deteriorated a lot', 98: '98. Don’t know/no answer', 99: '99. Refuses to answer', 100: '888', 101: '999'}"
v10,Sep-19,10.  And what about your personal economic situation:  Would you say that in the,"{1: '1. Has improved a lot', 2: '2. Has improved a little', 3: '3. Has not changed', 4: '4. Has deteriorated a little', 5: '5. Has deteriorated a lot', 98: '98. Don’t know/no answer', 99: '99. Refuses to answer', 100: '888', 101: '999'}"
v11,Sep-19,"11. And what about the country’s security situation – In your opinion, in the pa","{1: '1. Has improved a lot', 2: '2. Has improved a little', 3: '3. Has not changed', 4: '4. Has deteriorated a little', 5: '5. Has deteriorated a lot', 98: '98. Don’t know/no answer', 99: '99. Refuses to answer', 100: '888', 101: '999'}"
v12,Sep-19,"12.  In your opinion, is it possible to reach a peace agreement with the Palesti","{1: '1. Definitely possible', 2: '2. Believe it is', 3: '3. Believe it is not', 4: '4. Definitely not possible', 98: '98. Don’t know/no answer', 99: '99. Refuses to answer', 100: '888', 101: '999'}"
v13,Sep-19,13.  What do you think Israel should focus on in order to prevent war with its n,"{1: '1. Concentrate on peace talks', 2: '2. Increase military strength', 98: '98. Don’t know/no answer', 99: '99. Refuses to answer', 100: '888', 101: '999'}"
v14,Sep-19,14.  To what extent are you worried or not worried that you or one of your famil,"{1: '1. Very worried', 2: '2. Worried', 3: '3. Not worried', 4: '4. Not at all worried', 98: '98. Don’t know/no answer', 99: '99. Refuses to answer', 100: '888', 101: '999'}"
v15,Sep-19,15. When thinking about possible directions for the development of the state of,"{1: '1.  A Jewish majority', 2: '2.  Greater Israel', 3: '3.  A Democratic state (equal political rights to all)', 4: '4.  A state of peace (low probability of war)', 98: '98. Don’t know/no answer', 99: '99. Refuses to answer', 100: '888', 101: '999'}"
v16,Sep-19,16. Which is second most important?,"{1: '1.  A Jewish majority', 2: '2.  Greater Israel', 3: '3.  A Democratic state (equal political rights to all)', 4: '4.  A state of peace (low probability of war)', 98: '98. Don’t know/no answer', 99: '99. Refuses to answer', 100: '888', 101: '999'}"
v17,Sep-19,17. Third most important?,"{1: '1.  A Jewish majority', 2: '2.  Greater Israel', 3: '3.  A Democratic state (equal political rights to all)', 4: '4.  A state of peace (low probability of war)', 98: '98. Don’t know/no answer', 99: '99. Refuses to answer', 100: '888', 101: '999'}"
v18,Sep-19,18.  Fourth?,"{1: '1.  A Jewish majority', 2: '2.  Greater Israel', 3: '3.  A Democratic state (equal political rights to all)', 4: '4.  A state of peace (low probability of war)', 98: '98. Don’t know/no answer', 99: '99. Refuses to answer', 100: '888', 101: '999'}"
v19,Sep-19,"19.  In your opinion, should Israel agree or not agree to the establishment of a","{1: '1. Definitely should agree', 2: '2. Believe that should agree', 3: '3. Believe that should not agree', 4: '4. Definitely should not agree', 98: '98. Don’t know/no answer', 99: '99. Refuses to answer', 100: '888', 101: '999'}"
v20,Sep-19,"20.  About the structure of economic life in the country, which do you support m","{1: '1. Definitely a capitalist approach', 2: '2. More capitalist than socialist', 3: '3. More socialist than capitalist', 4: '4. Definitely a socialist approach', 98: '98. Don’t know/no answer', 99: '99. Refuses to answer', 100: '888', 101: '999'}"
v21,Sep-19,"21.  In your opinion, should the government of Israel see to it that public life","{1: '1. The government should definitely see to it', 2: '2. The government should perhaps see to it', 3: '3. I don’t think the government should see to it', 4: '4. The government should definitely not see to it', 98: '98. Don’t know/no answer', 99: '99. Refuses to answer', 100: '888', 101: '999'}"
v22,Sep-19,"22. Recently, it has been argued that the investigations of the Prime Minister a","{1: '1. Investigations of the prime minister are a part of a “witch hunt” against', 2: '2. The media, judicial system, and police are acting as required', 98: '98. Don’t know/no answer', 99: '99. Refuses to answer', 100: '888', 101: '999'}"
v23,Sep-19,23. People with a high income should pay more taxes than they currently pay.,"{1: '1. Strongly Disagree', 2: '2. Disagree', 3: '3. Agree', 4: '4. Strongly agree', 98: '98. Don’t know/no answer', 99: '99. Refuses to answer', 100: '888', 101: '999'}"
v24,Sep-19,24. Politicians do not take into account the opinion of the average citizen,"{1: '1. Strongly Disagree', 2: '2. Disagree', 3: '3. Agree', 4: '4. Strongly agree', 98: '98. Don’t know/no answer', 99: '99. Refuses to answer', 100: '888', 101: '999'}"
v25,Sep-19,"25. We should allow a political leader, who is successful in his job, to continu","{1: '1. Strongly Disagree', 2: '2. Disagree', 3: '3. Agree', 4: '4. Strongly agree', 98: '98. Don’t know/no answer', 99: '99. Refuses to answer', 100: '888', 101: '999'}"
v26,Sep-19,26. There are those who argue that a Palestinian state alongside the state of Is,"{1: '1. A Palestinian state alongside the state of Israel is the best solution', 2: '2. One state between the sea and the Jordan river is the best solution', 98: '98. Don’t know/no answer', 99: '99. Refuses to answer', 100: '888', 101: '999'}"
v27,Sep-19,27. The main aspiration of Arab citizens in Israel is to be full equality as cit,"{1: '1. Strongly Disagree', 2: '2. Disagree', 3: '3. Agree', 4: '4. Strongly agree', 98: '98. Don’t know/no answer', 99: '99. Refuses to answer', 100: '888', 101: '999'}"
v28,Sep-19,28. Citizen equality for Arab citizens can be achieved mainly through a politica,"{1: '1. Strongly Disagree', 2: '2. Disagree', 3: '3. Agree', 4: '4. Strongly agree', 98: '98. Don’t know/no answer', 99: '99. Refuses to answer', 100: '888', 101: '999'}"
v29,Sep-19,29. The Arab political parties are doing everything in their power to advance th,"{1: '1. Strongly Disagree', 2: '2. Disagree', 3: '3. Agree', 4: '4. Strongly agree', 98: '98. Don’t know/no answer', 99: '99. Refuses to answer', 100: '888', 101: '999'}"
v30,Sep-19,30. Participating in Knesset elections harms the struggle for Palestinian nation,"{1: '1. Strongly Disagree', 2: '2. Disagree', 3: '3. Agree', 4: '4. Strongly agree', 98: '98. Don’t know/no answer', 99: '99. Refuses to answer', 100: '888', 101: '999'}"
v31,Sep-19,"31. Is there, in Israel, a political party and/or politician that represent your","{1: '1. Definitely there is not', 2: ""2. I don't believe so"", 3: '3. I believe so', 4: '4. Definitely there is', 98: '98. Don’t know/no answer', 99: '99. Refuses to answer', 100: '888', 101: '999'}"
v33,Sep-19,"33. Overall, do the laws that are passed in the Knesset represent your views?","{1: '1. Definitely there is not', 2: ""2. I don't believe so"", 3: '3. I believe so', 4: '4. Definitely there is', 98: '98. Don’t know/no answer', 99: '99. Refuses to answer', 100: '888', 101: '999'}"
v34,Sep-19,"34. Is there, in Israel, a political party which has representatives that are si","{1: '1. Definitely there is not', 2: ""2. I don't believe so"", 3: '3. I believe so', 4: '4. Definitely there is', 98: '98. Don’t know/no answer', 99: '99. Refuses to answer', 100: '888', 101: '999'}"
v36,Sep-19,36. Does the Knesset represent people with personal characteristics and backgrou,"{1: '1. Definitely there is not', 2: ""2. I don't believe so"", 3: '3. I believe so', 4: '4. Definitely there is', 98: '98. Don’t know/no answer', 99: '99. Refuses to answer', 100: '888', 101: '999'}"
v37,Sep-19,37. Is there a political party and/or politician that gives you a sense of belon,"{1: '1. Definitely there is not', 2: ""2. I don't believe so"", 3: '3. I believe so', 4: '4. Definitely there is', 98: '98. Don’t know/no answer', 99: '99. Refuses to answer', 100: '888', 101: '999'}"
v39,Sep-19,39. Does the Knesset give you a sense of belonging and pride in your identity?,"{1: '1. Definitely there is not', 2: ""2. I don't believe so"", 3: '3. I believe so', 4: '4. Definitely there is', 98: '98. Don’t know/no answer', 99: '99. Refuses to answer', 100: '888', 101: '999'}"
v40,Sep-19,40. Do the party and/or politician that you voted for use the authority you gave,"{1: '1. Definitely there is not', 2: ""2. I don't believe so"", 3: '3. I believe so', 4: '4. Definitely there is', 98: '98. Don’t know/no answer', 99: '99. Refuses to answer', 100: '888', 101: '999'}"
v42,Sep-19,42. Does the Knesset use the authority we gave it in a responsible manner for th,"{1: '1. Definitely there is not', 2: ""2. I don't believe so"", 3: '3. I believe so', 4: '4. Definitely there is', 98: '98. Don’t know/no answer', 99: '99. Refuses to answer', 100: '888', 101: '999'}"
v43,Sep-19,43. Think about your vote for a certain political party in the election. Which o,"{1: '1. That the party represents your positions on issues that are important to you', 2: '2. That the party has individuals with similar characteristics and background to', 3: '3. That the party gives you a sense of belonging and pride in your identity', 4: '4. That the party uses the authority you gave it in a responsible manner', 98: '98. Don’t know/no answer', 99: '99. Refuses to answer', 100: '888', 101: '999'}"
v44,Sep-19,"44. And regarding the Knesset, of the following, which is most important to you?","{1: '1. That the laws of the Knesset represent your positions on issues that are impo', 2: '2. That there is representation for people with characteristics and background l', 3: '3. That the Knesset gives you a sense of belonging and pride in your identity', 4: '4. That the Knesset uses the authority we gave it responsibly, for the public', 98: '98. Don’t know/no answer', 99: '99. Refuses to answer', 100: '888', 101: '999'}"
v45,Sep-19,45. To what extent do you tend to discuss political issues with your friends and,"{1: '1. To a great extent', 2: '2. To a certain extent', 3: '3. To a small extent', 4: '4. Not at all', 98: '98. Don’t know/no answer', 99: '99. Refuses to answer', 100: '888', 101: '999'}"
v46,Sep-19,46.  To what extent can you and your friends influence the policies of the gover,"{1: '1. To a great extent', 2: '2. To a certain extent', 3: '3. To a small extent', 4: '4. Not at all', 98: '98. Don’t know/no answer', 99: '99. Refuses to answer', 100: '888', 101: '999'}"
v47,Sep-19,47.  Who in your opinion will deal best with Israel's economic and social proble,"{1: '1. The Kahol-Lavan team', 2: '2. The Likud team', 3: '3. Both equally', 4: '4. Neither one', 98: '98. Don’t know/no answer', 99: '99. Refuses to answer', 100: '888', 101: '999'}"
v48,Sep-19,48.  Who in your opinion will deal best with Israel's foreign affairs and securi,"{1: '1. The Kahol-Lavan team', 2: '2. The Likud team', 3: '3. Both equally', 4: '4. Neither one', 98: '98. Don’t know/no answer', 99: '99. Refuses to answer', 100: '888', 101: '999'}"
v49A,Sep-19,49A. Likud,"{0: '0. rejection/ hatred', 1: '1', 2: '2', 3: '3', 4: '4', 5: '5', 6: '6', 7: '7', 8: '8', 9: '9', 10: '10. support / sympathy', 98: '98. Don’t know/no answer', 99: '99. Refuses to answer', 100: '888', 101: '999'}"
v49B,Sep-19,49B. Kahol-Lavan (Blue & White),"{0: '0. rejection/ hatred', 1: '1', 2: '2', 3: '3', 4: '4', 5: '5', 6: '6', 7: '7', 8: '8', 9: '9', 10: '10. support / sympathy', 98: '98. Don’t know/no answer', 99: '99. Refuses to answer', 100: '888', 101: '999'}"
v49C,Sep-19,49C. HaAvoda (Labor),"{0: '0. rejection/ hatred', 1: '1', 2: '2', 3: '3', 4: '4', 5: '5', 6: '6', 7: '7', 8: '8', 9: '9', 10: '10. support / sympathy', 98: '98. Don’t know/no answer', 99: '99. Refuses to answer', 100: '888', 101: '999'}"
v49D,Sep-19,49D. HaYamin HaHadash (The New Right),"{0: '0. rejection/ hatred', 1: '1', 2: '2', 3: '3', 4: '4', 5: '5', 6: '6', 7: '7', 8: '8', 9: '9', 10: '10. support / sympathy', 98: '98. Don’t know/no answer', 99: '99. Refuses to answer', 100: '888', 101: '999'}"
v49E,Sep-19,49E. HaBayit HaYehudi,"{0: '0. rejection/ hatred', 1: '1', 2: '2', 3: '3', 4: '4', 5: '5', 6: '6', 7: '7', 8: '8', 9: '9', 10: '10. support / sympathy', 98: '98. Don’t know/no answer', 99: '99. Refuses to answer', 100: '888', 101: '999'}"
v49F,Sep-19,49F. Meretz,"{0: '0. rejection/ hatred', 1: '1', 2: '2', 3: '3', 4: '4', 5: '5', 6: '6', 7: '7', 8: '8', 9: '9', 10: '10. support / sympathy', 98: '98. Don’t know/no answer', 99: '99. Refuses to answer', 100: '888', 101: '999'}"
v49G,Sep-19,49G. Kulanu,"{0: '0. rejection/ hatred', 1: '1', 2: '2', 3: '3', 4: '4', 5: '5', 6: '6', 7: '7', 8: '8', 9: '9', 10: '10. support / sympathy', 98: '98. Don’t know/no answer', 99: '99. Refuses to answer', 100: '888', 101: '999'}"
v49H,Sep-19,49H. Yisrael Beiteinu,"{0: '0. rejection/ hatred', 1: '1', 2: '2', 3: '3', 4: '4', 5: '5', 6: '6', 7: '7', 8: '8', 9: '9', 10: '10. support / sympathy', 98: '98. Don’t know/no answer', 99: '99. Refuses to answer', 100: '888', 101: '999'}"
v49I,Sep-19,49I. Shas,"{0: '0. rejection/ hatred', 1: '1', 2: '2', 3: '3', 4: '4', 5: '5', 6: '6', 7: '7', 8: '8', 9: '9', 10: '10. support / sympathy', 98: '98. Don’t know/no answer', 99: '99. Refuses to answer', 100: '888', 101: '999'}"
v49S,Sep-19,49S. Otzma Yehudit,"{0: '0. rejection/ hatred', 1: '1', 2: '2', 3: '3', 4: '4', 5: '5', 6: '6', 7: '7', 8: '8', 9: '9', 10: '10. support / sympathy', 98: '98. Don’t know/no answer', 99: '99. Refuses to answer', 100: '888', 101: '999'}"
v49J,Sep-19,49J. Hadash-Ta’al,"{0: '0. rejection/ hatred', 1: '1', 2: '2', 3: '3', 4: '4', 5: '5', 6: '6', 7: '7', 8: '8', 9: '9', 10: '10. support / sympathy', 98: '98. Don’t know/no answer', 99: '99. Refuses to answer', 100: '888', 101: '999'}"
v49R,Sep-19,49R. Ra’am-Balad,"{0: '0. rejection/ hatred', 1: '1', 2: '2', 3: '3', 4: '4', 5: '5', 6: '6', 7: '7', 8: '8', 9: '9', 10: '10. support / sympathy', 98: '98. Don’t know/no answer', 99: '99. Refuses to answer', 100: '888', 101: '999'}"
v50,Sep-19,50. rightists (“Yemanim”)?,"{0: '0. rejection/ hatred', 1: '1', 2: '2', 3: '3', 4: '4', 5: '5', 6: '6', 7: '7', 8: '8', 9: '9', 10: '10. support / sympathy', 95: '95. Cannot generalize', 98: '98. Don’t know/no answer', 99: '99. Refuses to answer', 100: '888', 101: '999'}"
v51,Sep-19,51. lefists (“Smolanim”)?,"{0: '0. rejection/ hatred', 1: '1', 2: '2', 3: '3', 4: '4', 5: '5', 6: '6', 7: '7', 8: '8', 9: '9', 10: '10. support / sympathy', 95: '95. Cannot generalize', 98: '98. Don’t know/no answer', 99: '99. Refuses to answer', 100: '888', 101: '999'}"
v52A,Sep-19,52A. Benjamin Netanyahu?,"{0: '0. rejection/ hatred', 1: '1', 2: '2', 3: '3', 4: '4', 5: '5', 6: '6', 7: '7', 8: '8', 9: '9', 10: '10. support / sympathy', 98: '98. Don’t know/no answer', 99: '99. Refuses to answer', 100: '888', 101: '999'}"
v52B,Sep-19,52B. Benny Gantz,"{0: '0. rejection/ hatred', 1: '1', 2: '2', 3: '3', 4: '4', 5: '5', 6: '6', 7: '7', 8: '8', 9: '9', 10: '10. support / sympathy', 98: '98. Don’t know/no answer', 99: '99. Refuses to answer', 100: '888', 101: '999'}"
v52C,Sep-19,52C. Yair Lapid,"{0: '0. rejection/ hatred', 1: '1', 2: '2', 3: '3', 4: '4', 5: '5', 6: '6', 7: '7', 8: '8', 9: '9', 10: '10. support / sympathy', 98: '98. Don’t know/no answer', 99: '99. Refuses to answer', 100: '888', 101: '999'}"
v52D,Sep-19,52D. Avi Gabbay,"{0: '0. rejection/ hatred', 1: '1', 2: '2', 3: '3', 4: '4', 5: '5', 6: '6', 7: '7', 8: '8', 9: '9', 10: '10. support / sympathy', 98: '98. Don’t know/no answer', 99: '99. Refuses to answer', 100: '888', 101: '999'}"
v52E,Sep-19,52E. Naftali Bennett,"{0: '0. rejection/ hatred', 1: '1', 2: '2', 3: '3', 4: '4', 5: '5', 6: '6', 7: '7', 8: '8', 9: '9', 10: '10. support / sympathy', 98: '98. Don’t know/no answer', 99: '99. Refuses to answer', 100: '888', 101: '999'}"
v52F,Sep-19,52F. Bezalel Smotrich,"{0: '0. rejection/ hatred', 1: '1', 2: '2', 3: '3', 4: '4', 5: '5', 6: '6', 7: '7', 8: '8', 9: '9', 10: '10. support / sympathy', 98: '98. Don’t know/no answer', 99: '99. Refuses to answer', 100: '888', 101: '999'}"
v52G,Sep-19,52G. Tamar Zandberg,"{0: '0. rejection/ hatred', 1: '1', 2: '2', 3: '3', 4: '4', 5: '5', 6: '6', 7: '7', 8: '8', 9: '9', 10: '10. support / sympathy', 98: '98. Don’t know/no answer', 99: '99. Refuses to answer', 100: '888', 101: '999'}"
v52H,Sep-19,52H. Moshe Kahlon,"{0: '0. rejection/ hatred', 1: '1', 2: '2', 3: '3', 4: '4', 5: '5', 6: '6', 7: '7', 8: '8', 9: '9', 10: '10. support / sympathy', 98: '98. Don’t know/no answer', 99: '99. Refuses to answer', 100: '888', 101: '999'}"
v52I,Sep-19,52I. Avigdor Lieberman,"{0: '0. rejection/ hatred', 1: '1', 2: '2', 3: '3', 4: '4', 5: '5', 6: '6', 7: '7', 8: '8', 9: '9', 10: '10. support / sympathy', 98: '98. Don’t know/no answer', 99: '99. Refuses to answer', 100: '888', 101: '999'}"
v52J,Sep-19,52J. Aryeh Deri,"{0: '0. rejection/ hatred', 1: '1', 2: '2', 3: '3', 4: '4', 5: '5', 6: '6', 7: '7', 8: '8', 9: '9', 10: '10. support / sympathy', 98: '98. Don’t know/no answer', 99: '99. Refuses to answer', 100: '888', 101: '999'}"
v52K,Sep-19,52K. Ayman Odeh,"{0: '0. rejection/ hatred', 1: '1', 2: '2', 3: '3', 4: '4', 5: '5', 6: '6', 7: '7', 8: '8', 9: '9', 10: '10. support / sympathy', 98: '98. Don’t know/no answer', 99: '99. Refuses to answer', 100: '888', 101: '999'}"
v52R,Sep-19,52R. Ahmad Tibi,"{0: '0. rejection/ hatred', 1: '1', 2: '2', 3: '3', 4: '4', 5: '5', 6: '6', 7: '7', 8: '8', 9: '9', 10: '10. support / sympathy', 98: '98. Don’t know/no answer', 99: '99. Refuses to answer', 100: '888', 101: '999'}"
v52S,Sep-19,52S. Mansour Abbas,"{0: '0. rejection/ hatred', 1: '1', 2: '2', 3: '3', 4: '4', 5: '5', 6: '6', 7: '7', 8: '8', 9: '9', 10: '10. support / sympathy', 98: '98. Don’t know/no answer', 99: '99. Refuses to answer', 100: '888', 101: '999'}"
v52T,Sep-19,52T. Mtanes Shehadeh,"{0: '0. rejection/ hatred', 1: '1', 2: '2', 3: '3', 4: '4', 5: '5', 6: '6', 7: '7', 8: '8', 9: '9', 10: '10. support / sympathy', 98: '98. Don’t know/no answer', 99: '99. Refuses to answer', 100: '888', 101: '999'}"
v52U,Sep-19,52U. Aida Touma-Suleiman,"{0: '0. rejection/ hatred', 1: '1', 2: '2', 3: '3', 4: '4', 5: '5', 6: '6', 7: '7', 8: '8', 9: '9', 10: '10. support / sympathy', 98: '98. Don’t know/no answer', 99: '99. Refuses to answer', 100: '888', 101: '999'}"
v53,Sep-19,53. What political tendency do you identify with?,"{1: '1. Left', 2: '2. Moderate left', 3: '3. Center', 4: '4. Moderate right', 5: '5. Right', 6: '6. (do not read) religious', 7: '7. (do not read) do not identify with any', 98: '98. Don’t know/no answer', 99: '99. Refuses to answer', 100: '888', 101: '999'}"
v54,Sep-19,54. How important to you is your identification as a [leftist / rightist / centr,"{1: '1. Not important at all', 2: '2. Not so important', 3: '3. Quite important', 4: '4. Very important', 98: '98. Don’t know/no answer', 99: '99. Refuses to answer', 100: '888', 101: '999'}"
v55,Sep-19,55. When someone criticizes [rightists /leftists /centrists] it feels like a per,"{1: '1. Strongly Disagree', 2: '2. Disagree', 3: '3. Agree', 4: '4. Strongly Agree', 98: '98. Don’t know/no answer', 99: '99. Refuses to answer', 100: '888', 101: '999'}"
v56,Sep-19,56. When you meet another supporter of the [right/left/center] you feel connecte,"{1: '1. Strongly Disagree', 2: '2. Disagree', 3: '3. Agree', 4: '4. Strongly Agree', 98: '98. Don’t know/no answer', 99: '99. Refuses to answer', 100: '888', 101: '999'}"
v57,Sep-19,57. When people say positive things about [rightists /leftists /centrists] it ma,"{1: '1. Strongly Disagree', 2: '2. Disagree', 3: '3. Agree', 4: '4. Strongly Agree', 98: '98. Don’t know/no answer', 99: '99. Refuses to answer', 100: '888', 101: '999'}"
v58,Sep-19,58. Social-economic policy,"{1: '1. Almost no differences', 2: '2. Small differences', 3: '3. Certain differences', 4: '4. Great differences', 5: '5. Very great differences', 98: '98. Don’t know/no answer', 99: '99. Refuses to answer', 100: '888', 101: '999'}"
v59,Sep-19,59. State and religion,"{1: '1. Almost no differences', 2: '2. Small differences', 3: '3. Certain differences', 4: '4. Great differences', 5: '5. Very great differences', 98: '98. Don’t know/no answer', 99: '99. Refuses to answer', 100: '888', 101: '999'}"
v60,Sep-19,60. Peace and territories,"{1: '1. Almost no differences', 2: '2. Small differences', 3: '3. Certain differences', 4: '4. Great differences', 5: '5. Very great differences', 98: '98. Don’t know/no answer', 99: '99. Refuses to answer', 100: '888', 101: '999'}"
v61,Sep-19,61. Security and terrorism,"{1: '1. Almost no differences', 2: '2. Small differences', 3: '3. Certain differences', 4: '4. Great differences', 5: '5. Very great differences', 98: '98. Don’t know/no answer', 99: '99. Refuses to answer', 100: '888', 101: '999'}"
v62,Sep-19,62. Their attitude towards democracy,"{1: '1. Almost no differences', 2: '2. Small differences', 3: '3. Certain differences', 4: '4. Great differences', 5: '5. Very great differences', 98: '98. Don’t know/no answer', 99: '99. Refuses to answer', 100: '888', 101: '999'}"
v63,Sep-19,63. There are different factors that influence people's decision to vote for a s,"{1: '1. Identification with the party', 2: '2. The party leader', 3: ""3. The party's nominees for Knesset"", 4: ""4. The party's position on certain issues"", 5: '5. Whether the party is in power or in the opposition', 98: '98. Don’t know/no answer', 99: '99. Refuses to answer', 100: '888', 101: '999'}"
v64,Sep-19,64. Social-economic policy,"{1: '1. Will not influence at all', 2: '2. Will have little influence', 3: '3. Will somewhat influence', 4: '4. Will greatly influence', 98: '98. Don’t know/no answer', 99: '99. Refuses to answer', 100: '888', 101: '999'}"
v65,Sep-19,65. State and religion,"{1: '1. Will not influence at all', 2: '2. Will have little influence', 3: '3. Will somewhat influence', 4: '4. Will greatly influence', 98: '98. Don’t know/no answer', 99: '99. Refuses to answer', 100: '888', 101: '999'}"
v66,Sep-19,66. Peace and territories,"{1: '1. Will not influence at all', 2: '2. Will have little influence', 3: '3. Will somewhat influence', 4: '4. Will greatly influence', 98: '98. Don’t know/no answer', 99: '99. Refuses to answer', 100: '888', 101: '999'}"
v67,Sep-19,67. Security and terrorism,"{1: '1. Will not influence at all', 2: '2. Will have little influence', 3: '3. Will somewhat influence', 4: '4. Will greatly influence', 98: '98. Don’t know/no answer', 99: '99. Refuses to answer', 100: '888', 101: '999'}"
v68,Sep-19,68. Corruption,"{1: '1. Will not influence at all', 2: '2. Will have little influence', 3: '3. Will somewhat influence', 4: '4. Will greatly influence', 98: '98. Don’t know/no answer', 99: '99. Refuses to answer', 100: '888', 101: '999'}"
v69,Sep-19,69. Attitude towards democracy,"{1: '1. Will not influence at all', 2: '2. Will have little influence', 3: '3. Will somewhat influence', 4: '4. Will greatly influence', 98: '98. Don’t know/no answer', 99: '99. Refuses to answer', 100: '888', 101: '999'}"
v70,Sep-19,70.  Leadership ability:,"{1: '1.  Benny Gantz', 2: '2. Benjamin Netanyahu', 3: '3. Both', 4: '4. Neither', 98: '98. Don’t know/no answer', 99: '99. Refuses to answer', 100: '888', 101: '999'}"
v71,Sep-19,71.  Cares about people like you:,"{1: '1.  Benny Gantz', 2: '2. Benjamin Netanyahu', 3: '3. Both', 4: '4. Neither', 98: '98. Don’t know/no answer', 99: '99. Refuses to answer', 100: '888', 101: '999'}"
v72,Sep-19,72.  Integrity and decency:,"{1: '1.  Benny Gantz', 2: '2. Benjamin Netanyahu', 3: '3. Both', 4: '4. Neither', 98: '98. Don’t know/no answer', 99: '99. Refuses to answer', 100: '888', 101: '999'}"
v73,Sep-19,"73. To the best of your knowledge, what is the threshold of representation in th","{1: '1. Correct response', 2: '2. Incorrect response', 3: ""3. Don't Know"", 98: '98. Don’t know/no answer', 99: '99. Refuses to answer', 100: '888', 101: '999'}"
v75,Sep-19,75. To which party do you feel closest?,"{1: '1. Likud', 2: '2. Kahol Lavan (Blue & White)', 3: '3. HaAvoda (Labor)', 4: '4. HaYamin HaHadash (The New Right)', 5: '5. The Union of Right-wing Parties', 6: '6. Meretz', 7: '7. Yahaduth HaTorah (Agudath Israel + Degel HaTorah)', 8: '8. Shas', 9: '9. Israel Beyteinu', 10: '10. Kulanu', 11: '11. Hadash-Ta’al', 12: '12. Ra’am-Balad', 13: '13. Yachad (Eli Yishay)', 14: '14. Zehut (Moshe Feiglin)', 15: '15. Gesher (Orly Levy-Abekasis)', 20: '20. Yesh Atid', 21: '21. HaBayit HaYehudi', 22: '22. HaIchud HaLeumi', 23: '23. Otzma Yehudit', 24: '24. Agudat Israel', 25: '25. Degel HaTorah', 26: '26. Hadash (Ayman Odeh)', 27: '27. Ta’al (Achmed Tibi)', 28: '28. Ra’am (Mansour Abbas)', 29: '29. Balad (Mtanes Shehadeh)', 30: '30. Other (specify)', 96: ""96. Do not read: don't feel close to any party"", 98: '98. Don’t know/no answer', 99: '99. Refuses to answer', 100: '888', 101: '999'}"
v76,Sep-19,76. To what extent is your identity as a supporter of [party mentioned by interv,"{1: '1. Not at all important', 2: '2. Not so important', 3: '3. Quite important', 4: '4. very important', 98: '98. Don’t know/no answer', 99: '99. Refuses to answer', 100: '888', 101: '999'}"
v77,Sep-19,77. When someone criticizes supporters of [the party mentioned] it feels like a,"{1: '1. Strongly Disagree', 2: '2. Disagree', 3: '3. Agree', 4: '4. Strongly Agree', 98: '98. Don’t know/no answer', 99: '99. Refuses to answer', 100: '888', 101: '999'}"
v78,Sep-19,78. When you meet another supporter of [the party mentioned] you feel connected,"{1: '1. Strongly Disagree', 2: '2. Disagree', 3: '3. Agree', 4: '4. Strongly Agree', 98: '98. Don’t know/no answer', 99: '99. Refuses to answer', 100: '888', 101: '999'}"
v79,Sep-19,79. When people say positive things about supporters of [the party mentioned] it,"{1: '1. Strongly Disagree', 2: '2. Disagree', 3: '3. Agree', 4: '4. Strongly Agree', 98: '98. Don’t know/no answer', 99: '99. Refuses to answer', 100: '888', 101: '999'}"
v80,Sep-19,80. Members of the government come from all sectors of society,"{1: '1. Strongly Disagree', 2: '2. Disagree', 3: '3. Agree', 4: '4. Strongly Agree', 98: '98. Don’t know/no answer', 99: '99. Refuses to answer', 100: '888', 101: '999'}"
v81,Sep-19,81. The government in Israel tailors its policy to the public’s viewpoints,"{1: '1. Strongly Disagree', 2: '2. Disagree', 3: '3. Agree', 4: '4. Strongly Agree', 98: '98. Don’t know/no answer', 99: '99. Refuses to answer', 100: '888', 101: '999'}"
v82,Sep-19,82. The government makes most people feel a sense of belonging and pride,"{1: '1. Strongly Disagree', 2: '2. Disagree', 3: '3. Agree', 4: '4. Strongly Agree', 98: '98. Don’t know/no answer', 99: '99. Refuses to answer', 100: '888', 101: '999'}"
v83,Sep-19,83. There is representation of the different groups of Israeli society in the cu,"{1: '1. Strongly Disagree', 2: '2. Disagree', 3: '3. Agree', 4: '4. Strongly Agree', 98: '98. Don’t know/no answer', 99: '99. Refuses to answer', 100: '888', 101: '999'}"
v84,Sep-19,84. The composition of the Knesset represents well the many viewpoints of the Is,"{1: '1. Strongly Disagree', 2: '2. Disagree', 3: '3. Agree', 4: '4. Strongly Agree', 98: '98. Don’t know/no answer', 99: '99. Refuses to answer', 100: '888', 101: '999'}"
v85,Sep-19,85. The Knesset inspires a sense of belonging and pride in most Israelis,"{1: '1. Strongly Disagree', 2: '2. Disagree', 3: '3. Agree', 4: '4. Strongly Agree', 98: '98. Don’t know/no answer', 99: '99. Refuses to answer', 100: '888', 101: '999'}"
v86,Sep-19,86. Politicians make promises during the campaign that they have no intention of,"{1: '1. Strongly Disagree', 2: '2. Disagree', 3: '3. Agree', 4: '4. Strongly Agree', 98: '98. Don’t know/no answer', 99: '99. Refuses to answer', 100: '888', 101: '999'}"
v87,Sep-19,87. Most politicians in Israel are not corrupt,"{1: '1. Strongly Disagree', 2: '2. Disagree', 3: '3. Agree', 4: '4. Strongly Agree', 98: '98. Don’t know/no answer', 99: '99. Refuses to answer', 100: '888', 101: '999'}"
v88,Sep-19,"88. There is too much interference in the elections, such that the results don’t","{1: '1. Strongly Disagree', 2: '2. Disagree', 3: '3. Agree', 4: '4. Strongly Agree', 98: '98. Don’t know/no answer', 99: '99. Refuses to answer', 100: '888', 101: '999'}"
v89,Sep-19,89. The electoral system in Israel distorts the voters’ will,"{1: '1. Strongly Disagree', 2: '2. Disagree', 3: '3. Agree', 4: '4. Strongly Agree', 98: '98. Don’t know/no answer', 99: '99. Refuses to answer', 100: '888', 101: '999'}"
v90,Sep-19,"90. Of the following, what do you think is the biggest threat to the Israeli pol","{1: '1. Corruption', 2: '2. Politicians who don’t keep election promises', 3: '3. Interferences in the elections such that the results don’t reflect the vote', 4: '4. The electoral system that distorts voters’ will', 98: '98. Don’t know/no answer', 99: '99. Refuses to answer', 100: '888', 101: '999'}"
v91,Sep-19,"91. If you could pick one politician to represent you in the Knesset, which of t","{1: '1. That he has the same level of education as you', 2: '2. That he/she be a man/woman like you', 3: '3. That they keep, or don’t keep, religious tradition to the same degree you d', 4: '4. That he belongs to the same ethnic group as you', 5: '5. That he comes from a similar economic class as you', 6: '6. That he is Jewish [for Jews] /Arab [for Arabs]', 7: '7. None of the above are important to me', 8: '8. Do not read: Other', 98: '98. Don’t know/no answer', 99: '99. Refuses to answer', 100: '888', 101: '999'}"
v92,Sep-19,"92. Do you use social media such as Whatsapp, Facebook, Twitter, Instagram, Tele","{1: '1. No', 2: '2. Yes', 98: '98. Don’t know/no answer', 99: '99. Refuses to answer', 100: '888', 101: '999'}"
v93,Sep-19,93. News websites or newspapers,"{1: '1. Not at all', 2: '2. Rarely', 3: '3. Sometimes', 4: '4. Frequently', 5: '5. Constantly', 98: '98. Don’t know/no answer', 99: '99. Refuses to answer', 100: '888', 101: '999'}"
v94,Sep-19,94. News on one of the television channels,"{1: '1. Not at all', 2: '2. Rarely', 3: '3. Sometimes', 4: '4. Frequently', 5: '5. Constantly', 98: '98. Don’t know/no answer', 99: '99. Refuses to answer', 100: '888', 101: '999'}"
v95,Sep-19,95. News on the radio,"{1: '1. Not at all', 2: '2. Rarely', 3: '3. Sometimes', 4: '4. Frequently', 5: '5. Constantly', 98: '98. Don’t know/no answer', 99: '99. Refuses to answer', 100: '888', 101: '999'}"
v96,Sep-19,"96. Social media such as Whatsapp, Facebook, Twitter, Instagram, Telegram, etc.","{1: '1. Not at all', 2: '2. Rarely', 3: '3. Sometimes', 4: '4. Frequently', 5: '5. Constantly', 98: '98. Don’t know/no answer', 99: '99. Refuses to answer', 100: '888', 101: '999'}"
v97,Sep-19,"97. In the last week, how many times did content from politicians and political","{1: '1. Never', 2: '2. Once a week', 3: '3. Two-three times a week', 4: '4. Almost daily', 5: '5. Several times per day', 98: '98. Don’t know/no answer', 99: '99. Refuses to answer', 100: '888', 101: '999'}"
v98,Sep-19,98. Write on the Facebook page or Twitter account of a politician or party,"{1: '1. Never', 2: '2. Once a week', 3: '3. Two-three times a week', 4: '4. Almost daily', 5: '5. Several times per day', 98: '98. Don’t know/no answer', 99: '99. Refuses to answer', 100: '888', 101: '999'}"
v99,Sep-19,99. Respond to content that a politician or political party posted,"{1: '1. Never', 2: '2. Once a week', 3: '3. Two-three times a week', 4: '4. Almost daily', 5: '5. Several times per day', 98: '98. Don’t know/no answer', 99: '99. Refuses to answer', 100: '888', 101: '999'}"
v100,Sep-19,100. Share content from a politician or political party,"{1: '1. Never', 2: '2. Once a week', 3: '3. Two-three times a week', 4: '4. Almost daily', 5: '5. Several times per day', 98: '98. Don’t know/no answer', 99: '99. Refuses to answer', 100: '888', 101: '999'}"
v101,Sep-19,101. Read content from a politician or political party that appeared on your fee,"{1: '1. Never', 2: '2. Once a week', 3: '3. Two-three times a week', 4: '4. Almost daily', 5: '5. Several times per day', 98: '98. Don’t know/no answer', 99: '99. Refuses to answer', 100: '888', 101: '999'}"
v102,Sep-19,"102. “Follow” the page of a politician or political party on social media, or jo","{1: '1. Never', 2: '2. Once a week', 3: '3. Two-three times a week', 4: '4. Almost daily', 5: '5. Several times per day', 98: '98. Don’t know/no answer', 99: '99. Refuses to answer', 100: '888', 101: '999'}"
v103,Sep-19,"103. Write your opinion on a political topic on social media, or shared politica","{1: '1. Never', 2: '2. Once a week', 3: '3. Two-three times a week', 4: '4. Almost daily', 5: '5. Several times per day', 98: '98. Don’t know/no answer', 99: '99. Refuses to answer', 100: '888', 101: '999'}"
v104,Sep-19,"104 If the Knesset elections were to take place today, which party list would yo","{1: '1. Likud (Benjamin Netanyahu)', 2: '2. Kahol Lavan (Blue & White – Benny Gantz and Yair Lapid)', 3: '3. Labor (Avi Gabbay)', 4: '4. HaYamin HaHadash (The New Right – Bennett and Shaked)', 5: '5. The Union of Right-wing Parties', 6: '6. Meretz', 7: '7. Yahaduth HaTorah (Agudath Israel + Degel HaTorah)', 8: '8. Shas', 9: '9. Israel Beyteinu (Avigdor Lieberman)', 10: '10. Kulanu (Moshe Kahlon)', 11: '11. Hadash-Ta’al', 12: '12. Ra’am-Balad', 13: '13. Yachad (Eli Yishay)', 14: '14. Zehut (Moshe Feiglin)', 15: '15. Gesher (Orly Levy-Abekasis)', 16: '16. Achi Yisraeli (Adina Bar-Shalom)', 17: '17. Magen (Gal Hirsch)', 18: '18. BeYachad (Yom Tov Samia)', 30: '30. Other  (specify)', 94: '94. Don’t plan on voting', 96: '96. Blank ballot', 97: '97. Undecided', 98: '98. Don’t know/no answer', 99: '99. Refuses to answer', 100: '888', 101: '999'}"
v105,Sep-19,"105. In these elections, the electoral threshold is such that only a party that","{1: '1. No, it will not change my vote', 2: '2. Yes, it will make me change my vote and vote for another party that will pass', 3: '3. Yes, this will make me not go to vote in the April 9th elections', 98: '98. Don’t know/no answer', 99: '99. Refuses to answer', 100: '888', 101: '999'}"
v105A,Sep-19,105A: which party,"{98: '98. Don’t know/no answer', 99: '99. Refuses to answer', 100: '888', 101: '999'}"
v106,Sep-19,"106. In your opinion, after the elections, the government will be based on:","{1: '1. A coalition led by the Likud with right-wing parties', 2: '2. A coalition led by the Likud with parties from both sides of the political sp', 3: '3. A coalition led by Kahol-Lavan with center-left parties', 4: '4. A coalition led by Kahol-Lavan with parties from both sides of the political', 5: '5. A coalition of the Likud and Kahol-Lavan', 6: '6. Do not read: other', 98: '98. Don’t know/no answer', 99: '99. Refuses to answer', 100: '888', 101: '999'}"
v107,Sep-19,107. And which of the following governments would you prefer?,"{1: '1. A coalition led by the Likud with right-wing parties', 2: '2. A coalition led by the Likud with parties from both sides of the political sp', 3: '3. A coalition led by Kahol-Lavan with center-left parties', 4: '4. A coalition led by Kahol-Lavan with parties from both sides of the political', 5: '5. A coalition of the Likud and Kahol-Lavan', 6: '6. Do not read: other', 98: '98. Don’t know/no answer', 99: '99. Refuses to answer', 100: '888', 101: '999'}"
v108,Sep-19,108. Which of the following lists did you vote for in the 2015 Knesset elections,"{1: '1. Likud headed by Benjamin Netanyahu', 2: '2. The Zionist Union headed by Yitzhak Herzog and Tzippi Livni', 3: '3. Kulanu headed by Moshe Kahlon', 4: '4. Yesh Atid headed by Yair Lapid', 5: '5. HaBayit HaYehudi headed by Naftali Benet', 6: '6. Israel Beiteinu headed by Avigdor Liberman', 7: '7. Yahaduth HaTorah (Agudath Israel + Degel HaTorah)', 8: '8. Shas', 9: '9. Meretz', 10: '10. Yachad and Otzma le Yisrael headed by Eli Yishay', 11: '11. The Joint List', 12: '12. The Hope For Change', 13: '13. The Arab List', 14: ""14. U'Bizchutan"", 15: '15. The Greens', 16: '16. Green Leaf', 17: '17. Economics Party headed by the Goldstein Brothers', 18: '18. The Pirates', 19: '19. We Are All Friends Na Nach', 20: '20. Or', 21: '21. Social Leadership – Manhigut Hevratit', 22: ""22. The People's Team – Nivheret Ha'am"", 23: '23. Protecting Our Children – from pornography', 24: '24. Supporters of the Democratura', 25: '25. Rent With Dignity', 26: '26. Perach VaNetz', 30: '30. Other (specify)', 94: '94. Didn’t vote despite being eligible', 95: '95. Didn’t vote because I wasn’t eligible', 96: '96. Blank ballot', 98: '98. Don’t know/no answer', 99: '99. Refuses to answer', 100: '888', 101: '999'}"
v109,Sep-19,"109. In general, to what extent do you feel there is a political party or politi","{1: '1.  To a great degree', 2: '2.  To a certain degree', 3: '3.  To a small degree', 4: '4.  Not at all', 98: '98. Don’t know/no answer', 99: '99. Refuses to answer', 100: '888', 101: '999'}"
v110,Sep-19,"110. And in general, to what extent do you believe the Israeli political system","{1: '1.  To a great degree', 2: '2.  To a certain degree', 3: '3.  To a small degree', 4: '4.  Not at all', 98: '98. Don’t know/no answer', 99: '99. Refuses to answer', 100: '888', 101: '999'}"
v111,Sep-19,111.  There is much talk about left and right in politics. Where would you rank,"{1: '1. Right', 2: '2', 3: '3', 4: '4', 5: '5', 6: '6', 7: '7. Left', 98: '98. Don’t know/no answer', 99: '99. Refuses to answer', 100: '888', 101: '999'}"
v112,Sep-19,"112.  To the best of your knowledge, who is the current Speaker of the Knesset?","{1: '1. Correct answer: Yuli Edelstein', 2: '2. Wrong answer', 3: '3. I do not know', 98: '98. Don’t know/no answer', 99: '99. Refuses to answer', 100: '888', 101: '999'}"
v113,Sep-19,"113. To the best of your knowledge, with which state did Israel recently renew d","{1: '1. Don’t know', 2: '2. Brazil', 3: '3. Saudi Arabia', 4: '4. North Korea', 5: '5. Chad', 98: '98. Don’t know/no answer', 99: '99. Refuses to answer', 100: '888', 101: '999'}"
v114,Sep-19,114. How important is it for you to live in a country that is governed democrati,"{1: '1. Not at all important', 2: '2', 3: '3', 4: '4', 5: '5', 6: '6', 7: '7', 8: '8', 9: '9', 10: '10. Absolutely important', 98: '98. Don’t know/no answer', 99: '99. Refuses to answer', 100: '888', 101: '999'}"
v115,Sep-19,115. How democratically is Israel being governed today?,"{1: '1. Not at all democratic', 2: '2', 3: '3', 4: '4', 5: '5', 6: '6', 7: '7', 8: '8', 9: '9', 10: '10. Completely democratic', 98: '98. Don’t know/no answer', 99: '99. Refuses to answer', 100: '888', 101: '999'}"
v116,Sep-19,116. How satisfied are you with how the political system is functioning in Israe,"{1: '1. Not satisfied at all', 2: '2', 3: '3', 4: '4', 5: '5', 6: '6', 7: '7', 8: '8', 9: '9', 10: '10. Completely satisfied', 98: '98. Don’t know/no answer', 99: '99. Refuses to answer', 100: '888', 101: '999'}"
v117,Sep-19,117. How important to you is your identity as an Israeli?,"{1: '1. Not at all important', 2: '2. Not so important', 3: '3. Quite important', 4: '4. Very important', 98: '98. Don’t know/no answer', 99: '99. Refuses to answer', 100: '888', 101: '999'}"
v118,Sep-19,118. And how important to you is your identity as a Jew? (For Arabs: “as a Pales,"{1: '1. Not at all important', 2: '2. Not so important', 3: '3. Quite important', 4: '4. Very important', 98: '98. Don’t know/no answer', 99: '99. Refuses to answer', 100: '888', 101: '999'}"
v119,Sep-19,"119. You feel committed to the democratic regime in Israel, even if there are ti","{1: '1. Strongly Disagree', 2: '2. Disagree', 3: '3. Agree', 4: '4. Strongly Agree', 98: '98. Don’t know/no answer', 99: '99. Refuses to answer', 100: '888', 101: '999'}"
v120,Sep-19,"120. In order to take care of Israel’s unique problems, there needs to be a stro","{1: '1. Strongly Disagree', 2: '2. Disagree', 3: '3. Agree', 4: '4. Strongly Agree', 98: '98. Don’t know/no answer', 99: '99. Refuses to answer', 100: '888', 101: '999'}"
v121,Sep-19,121. There are times it seems it would be preferable to deviate from the democra,"{1: '1. Strongly Disagree', 2: '2. Disagree', 3: '3. Agree', 4: '4. Strongly Agree', 98: '98. Don’t know/no answer', 99: '99. Refuses to answer', 100: '888', 101: '999'}"
v122,Sep-19,122. The state has to ensure full and equal social and political rights to all c,"{1: '1. Strongly Disagree', 2: '2. Disagree', 3: '3. Agree', 4: '4. Strongly Agree', 98: '98. Don’t know/no answer', 99: '99. Refuses to answer', 100: '888', 101: '999'}"
v123,Sep-19,123. We must secure the freedom of speech even to people who speak out against t,"{1: '1. Strongly Disagree', 2: '2. Disagree', 3: '3. Agree', 4: '4. Strongly Agree', 98: '98. Don’t know/no answer', 99: '99. Refuses to answer', 100: '888', 101: '999'}"
v124,Sep-19,124. People who compromise in politics are actually selling out on their princip,"{1: '1. Strongly Disagree', 2: '2. Disagree', 3: '3. Agree', 4: '4. Strongly Agree', 98: '98. Don’t know/no answer', 99: '99. Refuses to answer', 100: '888', 101: '999'}"
v125,Sep-19,125. The government,"{1: '1. No trust at all', 2: '2. Little trust', 3: '3. High trust', 4: '4. Very high trust', 98: '98. Don’t know/no answer', 99: '99. Refuses to answer', 100: '888', 101: '999'}"
v126,Sep-19,126. The Knesset,"{1: '1. No trust at all', 2: '2. Little trust', 3: '3. High trust', 4: '4. Very high trust', 98: '98. Don’t know/no answer', 99: '99. Refuses to answer', 100: '888', 101: '999'}"
v127,Sep-19,127. The Supreme Court,"{1: '1. No trust at all', 2: '2. Little trust', 3: '3. High trust', 4: '4. Very high trust', 98: '98. Don’t know/no answer', 99: '99. Refuses to answer', 100: '888', 101: '999'}"
v128,Sep-19,128. Politicians,"{1: '1. No trust at all', 2: '2. Little trust', 3: '3. High trust', 4: '4. Very high trust', 98: '98. Don’t know/no answer', 99: '99. Refuses to answer', 100: '888', 101: '999'}"
v129,Sep-19,129.  What is your family status?,"{1: '1.  Married', 2: '2.  Living with a regular partner', 3: '3.  Divorced', 4: '4.  Separated (living separately)', 5: '5.  Widowed', 6: '6.  Single, never married', 98: '98. Don’t know/no answer', 99: '99. Refuses to answer', 100: '888', 101: '999'}"
v130,Sep-19,130.  To what extent do you observe religious tradition?,"{1: '1. Not at all', 2: '2. A little', 3: '3. A lot', 4: '4. I observe them completely', 98: '98. Don’t know/no answer', 99: '99. Refuses to answer', 100: '888', 101: '999'}"
v131,Sep-19,131.  Where were you born?,"{1: '1. Israel', 2: '2. Asia or Africa', 3: '3. Europe or America', 4: '4. Former USSR', 98: '98. Don’t know/no answer', 99: '99. Refuses to answer', 100: '888', 101: '999'}"
v132,Sep-19,132.  Where was your father born?,"{1: '1. Israel', 2: '2. Asia or Africa', 3: '3. Europe or America', 4: '4. Former USSR', 98: '98. Don’t know/no answer', 99: '99. Refuses to answer', 100: '888', 101: '999'}"
v133,Sep-19,133.  Where was your mother born?,"{1: '1. Israel', 2: '2. Asia or Africa', 3: '3. Europe or America', 4: '4. Former USSR', 98: '98. Don’t know/no answer', 99: '99. Refuses to answer', 100: '888', 101: '999'}"
v134,Sep-19,"134. If you were not born in Israel, when did you immigrate to Israel?",{9999: 'no answer'}
v135,Sep-19,135. How would you define yourself?,"{1: '1. Ashkenazi', 2: '2. Sephardic', 3: '3. Mizrachi', 4: '4. Other?', 5: '5. Mixed', 6: '6. None of the above, do not define myself by ethnic origin', 98: '98. Don’t know/no answer', 99: '99. Refuses to answer', 100: '888', 101: '999'}"
v137,Sep-19,137.  Did you attend high school or post high school studies in any religious fr,"{1: '1.  Has not studied in a religious framework', 2: '2.  Studied in a religious framework', 98: '98. Don’t know/no answer', 99: '99. Refuses to answer', 100: '888', 101: '999'}"
v138_code,Sep-19,138. Describe in detail your profession or your main job (code),
v139,Sep-19,"139. The average monthly household expenditure in Israel is approximately 15,000","{1: '1. Much below average', 2: '2. Somewhat below average', 3: '3. About average', 4: '4. Somewhat above average', 5: '5. Much above average', 98: '98. Don’t know/no answer', 99: '99. Refuses to answer', 100: '888', 101: '999'}"
v140,Sep-19,140.  How many rooms do you have in your home?,{99: 'no answer'}
v141,Sep-19,141.  How many people live in your household (including soldiers)?,{99: 'no answer'}
v142,Sep-19,142. What social class do you belong to?,"{1: '1. Upper class', 2: '2. Upper middle class', 3: '3. Middle class', 4: '4.  Lower class', 98: '98. Don’t know/no answer', 99: '99. Refuses to answer', 100: '888', 101: '999'}"
v143_code,Sep-19,143.  What is your religion?,"{1: '1. Jewish', 2: '2. Muslim', 5: '5. Other', 98: '98. Don’t know/no answer', 99: '99. Refuses to answer'}"
v144,Sep-19,144.  In terms of religion how do you define yourself?,"{1: '1. Very religious, Haredi', 2: '2. Religious', 3: '3. Traditional religious', 4: '4. Traditional, not so religious', 5: '5. Non-religious, secular', 98: '98. Don’t know/no answer', 99: '99. Refuses to answer', 100: '888', 101: '999'}"
v148,Sep-19,148. Interview language,"{1: '1. Hebrew', 2: '2. Arabic', 3: '888', 4: '999'}"
v149,Sep-19,149. Sector,"{1: '1. Jewish', 2: '2. Arab', 3: '888', 4: '999'}"
MIDGAM,Sep-19,,"{1: 'midgam  1', 2: 'midgam  2', 3: 'midgam  3', 4: 'midgam  4'}"
interview_wave2,Sep-19,,"{0: 'no', 1: 'yes'}"
resp_id_after,Sep-19,,
date_after,Sep-19,,
v1_after,Sep-19,1. Did you vote in the last elections?,"{1: '1. Yes', 2: '2. No', 3: '3. White ballot', 4: '888', 5: '999'}"
v2_after,Sep-19,2. What party did you vote for in the last elections?,"{1: '1. Likud (Benjamin Netanyahu)', 2: '2. Blue and White “Kahol Lavan”  (Benny Gantz and Yair Lapid)', 3: '3. Labor “HaAvoda” (Avi Gabbay)', 4: '4. The New Right “HaYamin HaHadash” (Bennet and Shaked)', 5: '5. Union of Right Wing Parties (HaBayit HaYehudi, HaIchud HaLeumi, Otzma Yehudit', 6: '6. Meretz', 7: '7. Yahaduth HaTorah (Agudath Israel + Degel HaTorah)', 8: '8. Shas', 9: '9. Yisrael Beitenu (Avigdor Liberman)', 10: '10. Kulanu (Moshe Kahlon)', 11: '11. Hadash-Ta’al', 12: '12. Ra’am-Balad', 13: '13. Yachad (Eli Yishai)', 14: '14. Zehut (Moshe Feiglin)', 15: '15. Gesher (Orli Levi-Abukasis)', 16: 'Achi Israeli (Adina Bar Shalom)', 17: '17. Magen (Gal Hirsch)', 18: '18. Beyachad (Yom Tov Sima)', 30: '30. Other (specify)', 94: '94. Didn’t vote', 96: '96. Blank ballot', 98: '98. Doesn’t know', 99: '99. Refuses to answer', 100: '888', 101: '999'}"
v3_after,Sep-19,3. When did you make your final decision [to vote for the party he/she voted for,"{1: '1. On the elections day itself', 2: '2. 2-3 days before the elections', 3: '3. About a week before the elections', 4: '4. About a month before the elections', 5: '5. A few months before the elections', 6: '6. I knew all along who I would vote for', 8: '8. Don’t read aloud: don’t know', 9: '9. Don’t read aloud: No answer/Refuses', 10: '888', 11: '999'}"
v4_after,Sep-19,"4. To what extent, on Election Day, was it important to you personally that the","{1: '1. Not at all important', 2: '2. Slightly important', 3: '3. Somewhat important', 4: '4. Quite important', 5: '5. Very important', 8: '8. Don’t read aloud: doesn’t know', 9: '9. Don’t read aloud: No answer/refuses to answer', 10: '888', 11: '999'}"
v5_after,Sep-19,5. To what extent were the surveys released a few days before the elections a fa,"{1: '1. Not at all a factor', 2: '2. A small factor', 3: '3. Somewhat a factor', 4: '4. Quite a factor', 5: '5. Very much a factor', 8: '8. Don’t read aloud: doesn’t know', 9: '9. Don’t read aloud: No answer/refuses to answer', 10: '888', 11: '999'}"
v6A_after,Sep-19,6A. The elections were a referendum on Netanyahu as Prime Minister.,"{1: '1. Completely Disagree', 2: '2. Disagree', 3: '3. Not sure', 4: '4. Agree', 5: '5. Completely Agree', 8: '8. doesn’t know', 9: '9. No answer/refuses to answer', 10: '888', 11: '999'}"
v6B_after,Sep-19,6B. The elections were mainly about the future of democracy in Israel,"{1: '1. Completely Disagree', 2: '2. Disagree', 3: '3. Not sure', 4: '4. Agree', 5: '5. Completely Agree', 8: '8. doesn’t know', 9: '9. No answer/refuses to answer', 10: '888', 11: '999'}"
v6C_after,Sep-19,6C. The elections indicate that the people have had enough with the media being,"{1: '1. Completely Disagree', 2: '2. Disagree', 3: '3. Not sure', 4: '4. Agree', 5: '5. Completely Agree', 8: '8. doesn’t know', 9: '9. No answer/refuses to answer', 10: '888', 11: '999'}"
v6D_after,Sep-19,6D. The elections were mainly about how to deal with the security threats around,"{1: '1. Completely Disagree', 2: '2. Disagree', 3: '3. Not sure', 4: '4. Agree', 5: '5. Completely Agree', 8: '8. doesn’t know', 9: '9. No answer/refuses to answer', 10: '888', 11: '999'}"
v6E_after,Sep-19,6E. The elections indicated that ghe people are satisfied with the socio-economi,"{1: '1. Completely Disagree', 2: '2. Disagree', 3: '3. Not sure', 4: '4. Agree', 5: '5. Completely Agree', 8: '8. doesn’t know', 9: '9. No answer/refuses to answer', 10: '888', 11: '999'}"
v6F_after,Sep-19,6F. The elections were about the status of Arab citizens of Israel given the “Ba,"{1: '1. Completely Disagree', 2: '2. Disagree', 3: '3. Not sure', 4: '4. Agree', 5: '5. Completely Agree', 8: '8. doesn’t know', 9: '9. No answer/refuses to answer', 10: '888', 11: '999'}"
v6G_after,Sep-19,6G. The elections indicate that the people want large political parties,"{1: '1. Completely Disagree', 2: '2. Disagree', 3: '3. Not sure', 4: '4. Agree', 5: '5. Completely Agree', 8: '8. doesn’t know', 9: '9. No answer/refuses to answer', 10: '888', 11: '999'}"
v6H_after,Sep-19,6H. The elections indicate that the people want the Right.,"{1: '1. Completely Disagree', 2: '2. Disagree', 3: '3. Not sure', 4: '4. Agree', 5: '5. Completely Agree', 8: '8. doesn’t know', 9: '9. No answer/refuses to answer', 10: '888', 11: '999'}"
v6I_after,Sep-19,6I. The elections were mainly about Netanyahu’s corruption allegations,"{1: '1. Completely Disagree', 2: '2. Disagree', 3: '3. Not sure', 4: '4. Agree', 5: '5. Completely Agree', 8: '8. doesn’t know', 9: '9. No answer/refuses to answer', 10: '888', 11: '999'}"
v6J_after,Sep-19,6J. The elections indicate that the people are loyal to Eretz Israel and support,"{1: '1. Completely Disagree', 2: '2. Disagree', 3: '3. Not sure', 4: '4. Agree', 5: '5. Completely Agree', 8: '8. doesn’t know', 9: '9. No answer/refuses to answer', 10: '888', 11: '999'}"
v7_after,Sep-19,"7. All in all, in your opinion what were the elections about?","{1: '1. about the conflict with the Palestinians', 2: '2. about the future of democracy in Israel', 3: '3. about security threats and how to handle them', 4: '4. about the social and economic issues', 5: '5. about Netanyahu: whether or not he can be trusted', 8: '8. Don’t know', 9: '9. No answer/Refuses to answer', 10: '888', 11: '999'}"
V8A_after_code1,Sep-19,8A. What is Right as you understand it?,
V8A_after_code2,Sep-19,8A. What is Right as you understand it?,
V8A_after_code3,Sep-19,8A. What is Right as you understand it?,
V8B_after_code1,Sep-19,8B. What is Left as you understand it?,
V8B_after_code2,Sep-19,8B. What is Left as you understand it?,
V8B_after_code3,Sep-19,8B. What is Left as you understand it?,
v9_after,Sep-19,9.  And now given the election results - which coalition would you prefer?,"{1: '1.  Likud led coalition with the religious, orthodox, and secular right-wing par', 2: '2.  A unity government of the Likud and Blue and White (“Kahol-Lavan”)', 3: '3. a different coalition. Which', 4: '4. neither one', 8: '8. don’t know', 9: '9. no answer/refuses to answer'}"
v110_after,Sep-19,110. To what extent do you feel the Israeli political system represents you?,"{1: '1. To a great extent', 2: '2. To a certain extent', 3: '3. To a small extent', 4: '4. Not at all', 8: '8. doesn’t know', 9: '9. No answer/refuses to answer', 10: '888', 11: '999'}"
v10_after,Sep-19,10. To what extent are you satisfied or dissatisfied with the state of democracy,"{1: '1. Not at all satisfied', 2: '2. Not satisfied', 3: '3. Satisfied', 4: '4. Very satisfied', 8: '8. doesn’t know', 9: '9. No answer/refuses to answer', 10: '888', 11: '999'}"
v11_after,Sep-19,11. To wat extent are you proud to be Israeli?,"{1: '4. Not at all proud', 2: '2. Not proud', 3: '3. Proud', 4: '4. Very proud', 8: '8. doesn’t know', 9: '9. No answer/refuses to answer', 10: '888', 11: '999'}"
v12A_code,Sep-19,12A. When you think about the history of the State of Israel and of the people o,"{1001: 'איחוד מפלגות ימין ושמאל שהיה', 1002: 'אילן רמון על הירח', 1003: 'אין תשובה', 1004: 'אלטלנה', 1005: 'אפרים קישון כותב מערכונים לגשש החיוור', 1006: 'ארוע דתי', 1007: 'ארוע הבחירות', 1008: 'ביקור סאדאת', 1009: 'ברכת שהחיינו של הרב מימון בהכרזת מגילת העצמ', 1010: 'פינוי גוש קטיף', 1011: 'גירוש גוש קטיף', 1012: 'גירוש הערבים מבתיהם', 1013: 'הבחירות של מנחם בגין', 1014: 'ההתיישבות החרדית שהיתה לפני ההתיישבות הציו', 1015: 'ההתנתקות', 1016: 'הופעתו של ביבי בזירה הפוליטית', 1017: 'החזית בסוריה במלחמת ששת הימים', 1018: 'החזרת גלעד שליט', 1019: 'החלטת האו""ם על הקמת המדינה', 1020: 'החלת העצמאות', 1021: 'הטבח הרומאי לדיכוי מרד בר כוכבא', 1022: 'היהדות חזרה לפרוח אחרי השואה', 1023: 'הכותל בידינו', 1024: 'הכרזת המדינה היהודית', 1025: 'הכרזת מדינת ישראל', 1026: 'המהפך הפוליטי בשנת 1977', 1027: '‘המצעדים שהיו ביום העצמאות’', 1028: '‘הניצחון במלחמת 67’', 1029: '‘הסכם השלום עם מצרים’', 1030: '‘הסכם השלום עם ירדן’', 1031: '‘הסכמי אוסלו’', 1032: '‘הסכמי שלום’', 1033: '‘העברת השגרירות לירושלים’', 1034: '‘העובדה ששרדנו את מלחמת העצמאות’', 1035: '‘העליה הגדולה מברהמ’', 1036: '‘הצהרת בלפור’', 1037: '‘הקונגרס הציוני הראשון’', 1038: '‘הקמת שס’', 1039: '‘הקמת מדינה יהודית’', 1040: '‘הקמת מדינת ישראל’', 1041: '‘השואה’', 1042: '‘תקופת הפילוג שהובילה לגלות’', 1043: '‘חומה ומגדל’', 1044: '‘חוק הלאום’', 1045: '‘חורבן בית ראשון’', 1046: '‘חורבן בית שני’', 1047: '‘חזרה לארץ ישראל’', 1048: '‘חזרת היהודים לציון עוד לפני הקמת המדינה’', 1049: '‘חטיפת ילדי תימן’', 1050: '‘חידוש הישיבות לאחר השואה’', 1051: '‘טקס הדלקת המשואות’', 1052: '‘יום הזיכרון’', 1053: '‘יום העצמאות’', 1054: '‘יציאת מצרים’', 1055: '‘כיבוש הכותל’', 1056: '‘כיבוש העיר העתיקה בירושלים’', 1057: '‘כיבוש של ארץ ישראל’', 1058: '‘כל הגלויות של עם ישראל מארצו’', 1059: '‘כשהבת שלי התחתנה’', 1060: '‘כשכבשנו את ירושלים’', 1061: '‘כשלון הסכם אוסלו’', 1062: '‘לא יודע’', 1063: '‘לא יכול לבחור אירוע אחד’', 1064: '‘לחיצת היד בין בגין וסאדאת’', 1065: '‘לפני כשבעים שנה מלחמת אחים’', 1066: '‘מבצע אנטבה’', 1067: '‘מחאת הקוטג’', 1068: '‘מישהו מחול הגיע לכאן לנסות לעשות הסכם שלום', 1069: '‘מלחמות ישראל’', 1070: '‘מלחמות שניצחנו’', 1071: '‘מלחמת 1948’', 1072: '‘מלחמת 1973’', 1073: '‘מלחמת העצמאות’', 1074: '‘מלחמת השחרור’', 1075: '‘מלחמת יום הכיפורים’', 1076: '‘מלחמת שלום הגליל 1982’', 1077: '‘מלחמת ששת הימים’', 1078: '‘מסרב’', 1079: '‘מצעד הניצחון בששת הימים’', 1080: '‘משפט איכמן’', 1081: '‘מתן תורה’', 1082: '‘נצחון במלחמת יום הכיפורים’', 1083: '‘עליות ראשונות לארץ’', 1084: '‘עליית הליכוד’', 1085: '‘עליית הליכוד ב-77’', 1086: '‘עליית יהודים לארץ ישראל’', 1087: '‘עליית רבין לשלטון’', 1088: '‘עם ישראל’', 1089: '‘עם ישראל חי’', 1090: '‘עצמאות המדינה’', 1091: '‘פיגוע קשה של משפחתי’', 1092: '‘פעולות האצל’', 1093: '‘פעולות צבאיות בעזה’', 1094: '‘צוק איתן’', 1095: '‘קיבוץ עם ישראל בארץ ישראל’', 1096: '‘רצח רבין’', 1097: '‘שהנכדים חזרו מהמלחמות בריאים’', 1098: '‘שהעם התחבר יחד אחרי מלחמת העולם’', 1099: '‘שהצליחו לשמור על המדינה’', 1100: '‘שחרור הכותל’', 1101: '‘שחרור ירושלים’', 1102: '‘שטרמפ הכיר בירושלים וברמת הגולן’', 1103: '‘שיבת עם ישראל לארצו’', 1104: '‘שינוי השלטון משמאל לימין לאחר מלחמת יום הכ', 1105: '‘שיש לנו מדינה’', 1106: '‘שעם ישראל חזר לארצו ב-1948’', 1107: '‘שקיבלנו מדינה’', 1108: '‘תוצאות מלחמת ששת הימים’', 1109: '‘תקומה של העם היהודי’', 1110: '‘ראשית הציונות בארץ ישראל’'}"
v12B_code,Sep-19,12B. When you think about the history of the state of Israel and the Arab-Israel,"{1001: '‘אין שום אירוע משמעותי’', 1002: '‘אין תשובה’', 1003: '‘אירועי אוקטובר 2000’', 1004: '‘גירוש הערבים מביתם ומאדמתם’', 1005: '‘האינתיפאדה השנייה’', 1006: '‘האירועים של שנת 1948’', 1007: '‘ההפגנות’', 1008: '‘הכיבוש בשנת 1948’', 1009: '‘המנדט הבריטי’', 1010: '‘המנהיגים הערביים שהלכו ונכחדו עם הזמן’', 1011: '‘המקריים המשמעותיים שקרו בעבר’', 1012: '‘הנכבה’', 1013: '‘הסכם אוסלו’', 1014: '‘הסכם השלום עם ירדן’', 1015: '‘הסכמים פוליטיים לא נכונים’', 1016: '‘הסכסוך על האדמה’', 1017: '‘העברת השגרירות האמריקאית לירושלים’', 1018: '‘פלישת מתנחלים להר הבית’', 1019: '‘הפקעת קרקעות', 1020: '‘הצהרת בלפור’', 1021: '‘הצלחת רבין’', 1022: '‘הקמת הרשימה המשותפת’', 1023: '‘הקמת מדינת ישראל’', 1024: '‘שהתחיל האי שוויון בין הערבים ליהודים’', 1025: '‘השלום עם מצרים’', 1026: '‘השתלטות על כל השטחים’', 1027: '‘חופש הביטוי שהיה קודם’', 1028: '‘חקיקת חוק הלאום’', 1029: '‘טבח מערת המכפלה בחברון’', 1030: '‘יום האדמה’', 1031: '‘ירי נגד מישהו חף מפשע’', 1032: '‘יש הרבה דברים’', 1033: '‘המלחמות נגד הערבים במדינה מאז הקמתה ב-1948’', 1034: '‘ישראל חדשה ואין למדינה הזו היסטוריה משמעו', 1035: '‘כל מה שקרה’', 1036: '‘כל מקרי הרצח נגד הערבים ונגד היהודים’', 1037: '‘כניסת יאסר ערפאת לישראל’', 1038: '‘יותר סטודנטים ערבים במוסדות ההשכלה גבוהה', 1039: '‘כשהיהודים לא נתנו לערבים להשתלב’', 1040: '‘שחוקקו חוקים וזכויות במדינה’', 1041: '‘כשנכנסה התוקפנות בין הערבים והיהודים’', 1042: '‘כשרבין היה בתהליך השלום’', 1043: '‘לא יודע’', 1044: '‘מה קרה עם ערבי 1984 והקמת מדינת ישראל ב 48’', 1045: '‘מה שהוביל להתגייסות הדרוזים לצבא’', 1046: '‘מותו של נאצר ‘', 1047: '‘מלחמות נגד עזה’', 1048: '‘מלחמת 1967’', 1049: '‘מלחמת יום כיפור’', 1050: '‘מלחמת לבנון’', 1051: '‘מלחמת ששת הימים’', 1052: '‘מסרב’', 1053: '‘מעשיי הטבח’', 1054: '‘הריגתו של אחי’', 1055: '‘משפט אייכמן’', 1056: '‘נכסה 1967’', 1057: '‘עליית הימין הקיצוני’', 1058: '‘עליית מרצ’', 1059: '‘עליית שס’', 1060: '‘קמפ דיויד’', 1061: '‘רצח העם הארמני’', 1062: '‘רצח רבין’', 1063: '‘שביתת יום האדמה’', 1064: '‘שהערבים הצליחו להסיר את השערים בירושלים’', 1065: '‘תוכנית החלוקה 181’', 1066: '‘תחילת בניית ההתנחלויות’', 1976: '’'}"
v13A_code,Sep-19,13A. When you think about the future of the state of Israel and the people of Is,"{1001: '‘אהבה בין בני אדם’', 1002: '‘אהבת אחים’', 1003: '‘אהבת ישראל’', 1004: '‘אנשים חופשיים ומאושרים’', 1005: '‘אוטופיה’', 1006: '‘אחדות’', 1007: '‘אחדות בעם’', 1008: '‘אחדות לאומית’', 1009: '‘אחדות סביב ההסכמה על העבר שלנו’', 1010: '‘אחדות של האזרחים ללא קשר לדת’', 1011: '‘אחדות של שתי המפלגות הגדולות’', 1012: '‘אחוות אחים’', 1013: '‘אחוות העם’', 1014: '‘אחוות כל היושבים במדינת ישראל’', 1015: '‘איחוד פנימי’', 1016: '‘איחוד של המפלגות בארץ’', 1017: '‘איחוי החברה’', 1018: '‘אין הדתה’', 1019: '‘אין לו חלומות’', 1020: '‘אין עתיד’', 1021: '‘אין תשובה’', 1022: '‘איראן נסוגה מגבולותינו’', 1023: '‘לא רוצה לראות את השכנים של מדינת ישראל’', 1024: '‘אני רוצה רוב יהודי בישראל’', 1025: '‘אריה דרעי ואחמד טיבי בקואוליציה’', 1026: '‘ארץ ישראל השלמה’', 1027: '‘את איראן מובסת’', 1028: '‘את כל ישראל שלנו’', 1029: '‘יציאת מצרים’', 1030: '‘בחירות יותר נקיות’', 1031: '‘ביאת גואל צדק’', 1032: '‘ביאת המשיח’', 1033: '‘ביטול בגץ’', 1034: '‘ביטחון אישי לכולם’', 1035: '‘ביטחון מדיני’', 1036: '‘ביטחון’', 1037: '‘בניית בית המקדש’', 1038: '‘שלא יהיו התנגשויות בין דתיים וחילונים’', 1039: '‘בעניין של גזענות – שהכל יהיה שווה’', 1040: '‘ברית שלום עם הפלסטינים’', 1041: '‘בשורות טובות’', 1042: '‘גאולה’', 1043: '‘גבולות קבע בהסכמה גלובלית’', 1044: '‘דאגה כלכלית לכל האוכלוסיות המוחלשות’', 1045: '‘דו קיום עם השכנים’', 1046: '‘דמוקרטיה’', 1047: '‘הבנה והכלה אחד של השני’', 1048: '‘הבנה עם השכנים שלנו שתיתן לנו קצת שקט’', 1049: '‘הגעה להבנה דו צדדית בינינו לבין הערבים’', 1050: '‘הדברות ופחות שנאה’', 1051: '‘הדברות עם השכנים’', 1052: '‘ההצעה של טראמפ’', 1053: '‘הורדת יוקר המחיה’', 1054: '‘הורדת מכסים’', 1055: '‘החלפת השלטון ליותר שמאל-מרכז’', 1056: '‘החלפת ממשלה’', 1057: '‘שבית המשפט ישפוט לפי צדק’', 1058: '‘היפרדות מהערבים-פלסטינים’', 1059: '‘היפרדות מהפלסטינים’', 1060: '‘הכלת הריבונות על יהודה ושומרון’', 1061: '‘הכרה ביהודה ושומרון’', 1062: '‘הכרה בינלאומית’', 1063: '‘הליכוד אבל הוא לא אצל’', 1064: '‘מקווה שלא תהיה מציאות כמו באיראן’', 1065: '‘המשך הסטטוס קוו’', 1066: '‘המשך הקו הקיים’', 1067: '‘המשך התהליך המדיני עם השכנים’', 1068: '‘המשך קיום המדינה’', 1069: '‘הנהגה מוסרית’', 1070: '‘הסדר שלום עם מדינות ערב’', 1071: '‘הסדר עם השכנים’', 1072: '‘הסדר שלום עם השכנים שלנו’', 1073: '‘הסכם אי לחימה’', 1074: '‘הסכם עם הפלסטינים’', 1075: '‘הסכם עם מדינות ערב’', 1076: '‘הסכם שישים קץ לסכסוך’', 1077: '‘הסכם שלום’', 1078: '‘הסכם שלום כלל איזורי קבוע בין ישראל לפלסטי', 1079: '‘הסכם שלום עם הערבים’', 1080: '‘הסכם שלום עם הפלסטינים’', 1081: '‘העם מתגבר על הפילוג’', 1082: '‘הפיכת הצבא לכוח שיטור’', 1083: '‘הפסקה של הפילוג בעם’', 1084: '‘הפסקת הקסאמים מול עוטף עזה’', 1085: '‘הפסקת ההזנחה של הפריפריה’', 1086: '‘הפסקת הטרור’', 1087: '‘הפסקת הסכסוך הישראלי’', 1088: '‘הפרדה בין העמים אבל לא מדינה פלסטינית’', 1089: '‘הפרדת דת ומדינה’', 1090: '‘הצלחה של המדינה’', 1091: '‘הצלחה בחלל’', 1092: '‘הרחבת גבולות ארץ ישראל’', 1093: '‘הרמוניה בין הקבוצות בעם’', 1094: '‘השקעה בעם במקום בביטחון’', 1095: '‘התחזקות המדינה’', 1096: '‘התפייסות עם השכנים’', 1097: '‘התפתחות כלכלית’', 1098: '‘זכויות אזרח שוות לכולם’', 1099: '‘חגיגת קורבן פסח המונית של כל המדינה’', 1100: '‘חופש פחות חוקים’', 1101: '‘חוקה בישראל’', 1102: '‘חזרה את בגין’', 1103: '‘חיזוק של המערכות הסוציאליות’', 1104: '‘חיים משותפים’', 1105: '‘חילופי שלטון’', 1106: '‘חינוך של פעם’', 1107: '‘חלוקת משאבים כלכליים שוויונית יותר’', 1108: '‘חתימת הסכם שלום בתנאים מצויינים לישראל’', 1109: '‘יותר איחוד דעות בעם’', 1110: '‘יותר אזרחים’', 1111: '‘יותר אחווה’', 1112: '‘יותר דמוקרטיה’', 1113: '‘יותר הבנה עם הערבים’', 1114: '‘יותר הבנה של המגזרים השונים אחד לגבי השני', 1115: '‘יותר מאמינים בעם ישראל’', 1116: '‘יותר שקט עם השכנים’', 1117: '‘ייחוד העם’', 1118: '‘ילדי גדלים במדינת ישראל בשלום’', 1119: '‘שלום עם השכנים’', 1120: '‘ירושלים צריכה להיות המרכז של כל השגרירויו', 1121: '‘ירידת מחירים’', 1122: '‘ישראל יותר עצמאית ולא תלויה בכספי זרים’', 1123: '‘כבוד למקימי המדינה’', 1124: '‘כולם ביחד הישראליים’', 1125: '‘כיבוש עזה’', 1126: '‘כל חלקי ארץ ישראל והגולן בידינו’', 1127: '‘כל עוד העם והמדינה יתרחקו מהטראומות שהצטב', 1128: '‘מעצמה כלכלית שתגיע ותשפיע גם על האזרח הקטן', 1129: '‘כלכלה חזקה מאוד’', 1130: '‘כלכלה טובה יותר’', 1131: '‘כלכלית’', 1132: '‘כלכלתי שיעזור לאזרחים’', 1133: '‘שכולם יהיו ביחד’', 1134: '‘לא יודע’', 1135: '‘לא יכול לסכם את זה’', 1136: '‘היפרדות מהכיבוש והקמת מדינה פלסטינית’', 1137: '‘לא תהיה אפלייה’', 1138: '‘ליגליזציה של קנאביס’', 1139: '‘לדאוג לקשישים’', 1140: '‘להבין שכולנו יהודים עדיין צריך לחיות יחד’', 1141: '‘להגיע להסכם עם הסביבה מבלי לאבד את שטחי הב', 1142: '‘להחליף את שלטון נתניהו’', 1143: '‘להיות מדינה יהודית בלבד’', 1144: '‘להיפטר מהפלסטינים’', 1145: '‘לחזור לגבולות 67’', 1146: '‘הכרה של מנהיגי מדינות ערב במדינת ישראל’', 1147: '‘ליכוד בעם’', 1148: '‘למצוא פתרון לנושא הביטחוני’', 1149: '‘מדינה אחת לכל אזרחיה’', 1150: '‘מדינה אחת לשני עמים’', 1151: '‘מדינה חזקה’', 1152: '‘מדינה חילונית’', 1153: '‘מדינה חרדית’', 1154: '‘מדינה יהודית’', 1155: '‘מדינה יהודית דמוקרטית’', 1156: '‘מדינה יהודית לפי רוח היהדות’', 1157: '‘מדינה יהודית שלמה עם סיפוח’', 1158: '‘מדינה יותר מאוחדת’', 1159: '‘מדינה משגשגת חברתית’', 1160: '‘מדינה מתפקדת’', 1161: '‘מדינה שיש בה אחריות והגינות כלפי האזרח’', 1162: '‘מדינה שתיתן לכל אזרח לחיות בגאון בהשקפה של', 1163: '‘מדינת ישראל שקטה ללא ערבים’', 1164: '‘מדינת כל אזרחיה וכל יהודיה’', 1165: '‘מהפך’', 1166: '‘מורידים את האגו’', 1167: '‘מיגור החמאס’', 1168: '‘מלחמה באלימות’', 1169: '‘מכירים באמת ופועלים לפיה’', 1170: '‘מלחמת עצמאות שניה’', 1171: '‘מלכות בית דוד’', 1172: '‘ממשלה יציבה’', 1173: '‘ממשלה רחבה’', 1174: '‘ממשלת אחדות’', 1175: '‘ממשלת אחדות ליכוד וכחול לבן’', 1176: '‘ממשלת רוב מעל 80 אחוז’', 1177: '‘ממשלת שמאל לשם שינוי’', 1178: '‘מנהל תקין’', 1179: '‘מסרב’', 1180: '‘מצב חברתי וכלכלי שופע’', 1181: '‘מצב כלכלי טוב לכולם’', 1182: '‘מצב סוציו-אקונומי טוב יותר’', 1183: '‘שוויון ופחות גזענות ‘', 1184: '‘אי לוחמה עם השכנים’', 1185: '‘מציאת פתרון מול עזה’', 1186: '‘משטר שפוי שדואג למדינה’', 1187: '‘נהיה בלאגן גדול מבחינת ימין ושמאל’', 1188: '‘נורמאליזציה עם השכנים’', 1189: '‘נחיתה על הירח’', 1190: '‘ניתוק מוחלט מעזה’', 1191: '‘נסיגה מהשטחים’', 1192: '‘נתניהו בכלא’', 1193: '‘סולידאריות חברתית’', 1194: '‘סוף הסכסוך עם הפלסטינים’', 1195: '‘סטטוס קוו פוליטי’', 1196: '‘סיום שלטון החמאס’', 1197: '‘סיפוח כל חלקי ארץ ישראל’', 1198: '‘עונש מוות למחבלים’', 1199: '‘עלייה’', 1200: '‘עם ישראל בציון’', 1201: '‘עם ישראל הכי מצליח שיש’', 1202: '‘עם ישראל חוזר למקורות’', 1203: '‘עם מחובר למצוות’', 1204: '‘עם מלוכד’', 1205: '‘עם עצמאי’', 1206: '‘עם שלם’', 1207: '‘עם שמצליח להבין שהביטחון הוא פיקציה’', 1208: '‘עצמאות העיר העתיקה’', 1209: '‘עתיד טוב יותר בכלכלה’', 1210: '‘פחות טמטום בקרב הציבור’', 1211: '‘פחות מיסים’', 1212: '‘פחות פיגועים’', 1213: '‘פחות פילוג בעם’', 1214: '‘פחות פילוג’', 1215: '‘פחות שחיתות בשלטון’', 1216: '‘פחות שנאה’', 1217: '‘פחות שנאת חינם’', 1218: '‘מאמין בשינוי של פייגלין בחינוך ובכלכלה’', 1219: '‘פינוי הערבים מירושלים’', 1220: '‘פירוז עזה’', 1221: '‘פירוק הצבא – במידה ולא נצטרך צבא’', 1222: '‘פריחה’', 1223: '‘פתרון הבעיה הפלסטינית’', 1224: '‘פתרון הפלסטיני’', 1225: '‘פתרון לסכסוך במזרח התיכון’', 1226: '‘פתרון לעזה’', 1227: '‘פתרון מדיני עם הפלסטינים’', 1228: '‘פתרון הסכסוך הישראלי-פלסטיני’', 1229: '‘פתרון של בעיות תחבורה’', 1230: '‘צמצום פערים בשכבות החלשות’', 1231: '‘קבלה של עמים אחרים שרוצים לעבוד כאן בכבוד', 1232: '‘קיבוץ גלויות’', 1233: '‘קיר גדול בינינו ובין הפלסטינים’', 1234: '‘קצת יותר אנרכיה’', 1235: '‘קרבה ואהבה ‘', 1237: '‘ראש ממשלה חרדי’', 1238: '‘רוגע בביטחון’', 1239: '‘רווחה לכל האזרחים’', 1240: '‘רווחה כלכלית’', 1241: '‘חינוך למשמעת’', 1242: '‘רוצה עם מחובר’', 1243: '‘רוצה שהערבים יחיו כמו שהיהודים חיו בארצות', 1244: '‘רוצה שלום בתוך העם’', 1245: '‘ריבונות ישראלית חזקה יותר בכל שטחי מדינת י', 1246: '‘ריבונות מלאה של מדינת ישראל על הר הבית’', 1247: '‘שאנשים הגונים יהיו פוליטקאיים’', 1248: '‘שאנשים יפסיקו לשנוא אחד את השני’', 1249: '‘שאנשים מצליחים להזדקן בכבוד’', 1250: '‘שביבי יהיה בגין’', 1251: '‘שביבי ילך הביתה’', 1252: '‘שביבי ישלם את חובו לחברה’', 1253: '‘שגשוג העם’', 1254: '‘שגשוג כלכלי’', 1255: '‘שהאזרח יהיה בפרונט’', 1256: '‘שהארץ תכיל רק יהודים’', 1257: '‘שהחברה תחזור לפסים נורמאלים’', 1258: '‘שהיא תתפתח מבחינה בטחונית’', 1259: '‘שהיינו בוחרים להיות באירופה ולא במזרח התי', 1260: '‘שהליכוד לא יהיה בשלטון’', 1261: '‘שהמדינה תאפשר קיום מכובד לציבור יהודי לאו', 1262: '‘שהמדינה תהיה נורמאלית יותר’', 1263: '‘שהמדינה תחזור להיות מדינה סוציאל-דמוקרטית', 1264: '‘שהמדינה תחזיק מעמד’', 1265: '‘שהמדינה תמשיך להיות דמוקרטית’', 1266: '‘שהמדינה תישאר בידי הימין והדתיים’', 1267: '‘שהמדינה תתפתח’', 1268: '‘שהמורים ירוויחו שכר שאפשר לסגור איתו את הח', 1269: '‘שהמסכנים לא יהיו מסכנים’', 1270: '‘שהמערך יקחו את השלטון’', 1271: '‘שהנהגת המדינה תהיה אחרת’', 1272: '‘שהנכים והזקנים יהיו במצב טוב יותר’', 1273: '‘שעלות המחיה פה תהיה זולה’', 1274: '‘שהעם יאמין ויקבל את זה שהיה מתן תורה’', 1275: '‘שהעם יבחר בחוכמה, שלא ילך ימינה שיהיה מרכז', 1276: '‘שהעניין עם הפלסטינים יסתדר’', 1277: '‘שהערבים והיהודים יהיו ישראלים יחד’', 1278: '‘שהערבים יפנו את הארץ’', 1279: '‘שהפערים יצטמצו מבחינת הכנסה ושוויון הזדמנ', 1280: '‘שהערבים ירתעו ויפסיקו לפגוע בנו’', 1281: '‘שוויון זכויות לערבים ויהודים’', 1282: '‘שוק משותף של מדינות ערב’', 1283: '‘שזו תהיה מדינה דמוקרטית’', 1284: '‘שיאפשרו לכל הגוונים לעשות אירועים איך שכל', 1285: '‘שיגדילו את הבנייה בהתנחלויות’', 1286: '‘שיהיה בדרום שקט’', 1287: '‘שיהיה בעם יותר דמוקרטיה’', 1288: '‘שיהיה טוב לכולם’', 1289: '‘שיהיה יותר כוח לצהל’', 1290: '‘שיהיה פה מלך או מלכה’', 1291: '‘שתהיה רגיעה עם הפלסטינים’', 1292: '‘שיהיה רוב ימין’', 1293: '‘שיהיה שגשוג של המדינה’', 1294: '‘שיהיה שלום בארץ בתוכנו’', 1295: '‘שיהיה שקט’', 1296: '‘שיהיה שקט עם עזה’', 1297: '‘שיהיו הסדרי קבע עם השכנים’', 1298: '‘שוויון בין האזרחים’', 1299: '‘שוויון בין כל העדות’', 1300: '‘שוויון בין שכבות האוכלוסיה’', 1301: '‘שוויון בנטל’', 1302: '‘שוויון זכויות בין הקהילה הגאה’', 1303: '‘שיחות עם הפלסטינים’', 1304: '‘שיטפלו בכל הבעיות הקיימות, בתחלואות’', 1305: '‘שיטפלו במבוגרים שתיהיה בריאות’', 1306: '‘שיינקטו צעדים משמעותיים נגד שחיתות’', 1307: '‘שיכבדו את הדמוקרטיה’', 1308: '‘שיכירו ויכבדו יותר את החרדים’', 1309: '‘שימשיך ככה’', 1310: '‘שינוי חברתי כלכלי’', 1311: '‘שינויים במערכת הבריאות והחינוך’', 1312: '‘שינויים בנושא דת ומסורת’', 1313: '‘שיעלו את שכר המינימום’', 1314: '‘שיעשו פעמיים בשנה יום חופש’', 1315: '‘שיפור בתנאי המחיה’', 1316: '‘שיפור המצב הכלכלי-חברתי של העם’', 1317: '‘שיפתרו את המסתננים’', 1318: '‘שישוחררו בחורי הישיבות לגמרי משירות צבאי', 1319: '‘שישראל תהיה מרכז עיסקי בינלאומי’', 1320: '‘שכולם יהיו מגובשים’', 1321: '‘שכולם יקבלו את ירושלים כבירת ישראל’', 1322: '‘שכולנו נחיה יחד’', 1323: '‘שכל היהודים יעלו לארץ’', 1324: '‘שכל המפלגות ילכו ביחד’', 1325: '‘שכל העדות יתחתנו עם כל העדות’', 1326: '‘שהעם מאמין שהוא צריך לדאוג אחד לשני לביטחו', 1327: '‘שכל השטחים שלנו’', 1328: '‘שלא יהיה קרע בעם’', 1329: '‘שלא יהיו יותר פלסטינים’', 1330: '‘שלא יהיו יותר פקקים’', 1331: '‘שלא יהיו מושחתים בשלטון’', 1332: '‘שלא יהיו מלחמות’', 1333: '‘שלא יתקבלו גיורים פיקטיביים של לא יהודים’', 1334: '‘שלא נשמע יותר פלסטינים’', 1335: '‘שלא תהיה פלגנות ותחזור למה שהיתה פעם’', 1336: '‘שלא תהיה שחיתות’', 1337: '‘שלום’', 1338: '‘שלום - לא תמורת שטחים’', 1339: '‘שלום אמיתי יחד עם חזרה לשטחים שלנו’', 1340: '‘שלום באיזור’', 1341: '‘שלום בין אזרחי המדינה’', 1342: '‘שלום בין היהודים ליהודים’', 1343: '‘שלום בין המפלגות’', 1344: '‘שלום בין העם היהודי ובין שכנינו’', 1345: '‘שלום בינינו לבין הערבים’', 1346: '‘שלום בינינו לבין עצמנו’', 1347: '‘שלום בכל השכונה’', 1348: '‘שלום במזרח התיכון’', 1349: '‘שלום ללא ויתורים’', 1350: '‘שלום עולמי’', 1351: '‘שלום עם איראן’', 1352: '‘שלום עם הסביבה’', 1353: '‘שלום עם הסובבים אותנו ללא גדרות’', 1354: '‘שלום עם הערבים’', 1355: '‘שלום עם הפלסטינים’', 1356: '‘שלום עם כל ישראל והעמים מסביב’', 1357: '‘שלום עם מדינות ערב’', 1358: '‘שלום עם סוריה’', 1359: '‘שלום עם שכנינו’', 1360: '‘שלום עם שתי מדינות’', 1361: '‘שלטון חזק על עזה’', 1362: '‘שלטון שלא יוביל למלחמת אחים’', 1363: '‘שליטה מלאה על ארץ ישראל’', 1364: '‘שליטה של העם הישראלי על הארץ המובטחת’', 1365: '‘שמדינות ערב סביבנו מכירות בנו’', 1366: '‘שמירת שבת’', 1367: '‘שמפרקים את הטרור מנשקו’', 1368: '‘שמציינים 100 למדינה’', 1369: '‘שמשפחת נתניהו תעלם מן העולם’', 1370: '‘שנוכל להתמודד עם הערבים’', 1371: '‘שנחיה בשלום גם עם האוכלוסיה הערבית’', 1372: '‘שנמשיך להיות עם חופשי’', 1373: '‘שנמצא ונמכור הרבה גז’', 1374: '‘שנצליח לסכל את איראן’', 1375: '‘שנרגיש שאנו שייכים לארץ ישראל’', 1376: '‘שנתניהו יצא מהממשלה’', 1377: '‘שנתניהו ירד מהשלטון’', 1378: '‘שנתניהו ישתנה ויהיה אחרת’', 1379: '‘שפוטין יבוא לממשלה במקום ביבי’', 1380: '‘שקט בטחוני בשדרות’', 1381: '‘שקט ורוגע בטחוניים’', 1382: '‘שירותי בריאות טובים יותר’', 1383: '‘ששס יעלו’', 1384: '‘שתהיה מדינת הלכה’', 1385: '‘שתהיה ממשלה שתחבר את העם ולא תפלג’', 1386: '‘שתהיה סבלנות וסובלנות’', 1387: '‘שתושבי הדרום ישנו בשקט’', 1388: '‘שתי מדינות לשני עמים’', 1389: '‘תוכנית שלום לטווח ארוך’', 1390: '‘תום עידן הממשלות’', 1391: '‘תקשורת בונה’', 1392: '‘מדינה לא דתית’', 1393: '‘דמוקרטיה תתאזן שלא יהיה אחד בשלטון המון שנ', 1394: '‘פתרון עם הפלסטינים’', 1395: '‘אחדות בין ימין לשמאל’', 1396: '‘שלום עם כל מדינות מסביב’'}"
v13B_code,Sep-19,13B. When you think about the future of the state of Israel and the Arab-Israeli,"{1001: '‘אין הפרדה בין ערבים ליהודים. שוויון ‘', 1002: '‘אין תשובה’', 1003: '‘ביטול חוק הלאום’', 1004: '‘דברים טובים’', 1005: '‘דמוקרטיה’', 1006: '‘המפלגות הערביות מתאחדות’', 1007: '‘הסכם שלום’', 1008: '‘הסכם שלום בין היהודים והפלסטינים’', 1009: '‘הערבים והיהודים חיים בדו קיום’', 1010: '‘שהישראלים ידברו עם הפלסטינים ויפתרו את ‘', 1011: '‘הקמת מדינה פלסטינית’', 1012: '‘הקמת מדינה פלסטינית לצד הישראלית’', 1013: '‘שינוי’', 1014: '‘התקדמות והתפתחות הערבים’', 1015: '‘זו שאלה גדולה ‘', 1016: '‘זכויות לערבים’ 1017 ‘חוק השיבה לערבים הפלס', 1018: '‘חיים יותר משותפים’', 1019: '‘יהודים וערבים אחים’', 1020: '‘יותר ייצוג של ערבים בכנסת’', 1021: '‘יותר מודעות ותרבות’', 1022: '‘כוח שמייצג את הערבים’', 1023: '‘כולם יד אחת ללא הפרדה בין היהודים לערבים’', 1024: '‘לא חושב שתהיה שום התקדמות או שינוי’', 1025: '‘לא יודע’', 1026: '‘לא מצפה לראות שום דבר’', 1027: '‘עתיד טוב יותר לערבים’', 1028: '‘לחזור ללאומיות שלנו כערבים פלסטינים’', 1029: '‘לחזור לעבר שלנו’', 1030: '‘לחיות ביחד בשלום’', 1031: '‘שישתנה מצבם של הערבים’', 1032: '‘מדינה דו לאומית’', 1033: '‘מדינת כלל אזרחיה’', 1034: '‘מדינה לערבים בלבד’', 1035: '‘מוחמד דחלאן בשלטון’', 1036: '‘מלחמה’', 1037: '‘ממשלה בגיבוי ערבי’', 1038: '‘מסרב’', 1039: '‘מצב שבו יש יותר צדק’', 1040: '‘מצב של שלום’', 1041: '‘מצב של שלום בין יהודים וערבים’', 1042: '‘מרוצה מהמצב הנוכחי’', 1043: '‘נטישת הגזענות במדינה נגד הערבים’', 1044: '‘עוד נקבה בעתיד’', 1045: '‘עם ערבי חכם מפותח ומגובש’', 1046: '‘שוויון בין האזרחים’', 1047: '‘שוויון’', 1048: '‘שיוויון בין יהודים לערבים’', 1049: '‘שוויון זכויות מלא’', 1050: '‘שאהיה אזרח בעל אותם זכויות כמו עולה רוסי ח', 1051: '‘שהערבים ירגישו שווים ואזרחים לכל דבר’', 1052: '‘שגשוג בכלכלה’', 1053: '‘שהימין יכשל’', 1055: '‘שהערבים חלק מהממשלה’', 1056: '‘שהערבים יהיו גאים ‘', 1057: '‘שהערבים יתאחדו’', 1058: '‘שיהיה לערבים חופש ביטוי’', 1059: '‘שיהיה לערבים ייצוג בארץ’', 1060: '‘שיהיה תוהו ובוהו’', 1061: '‘שימחק הימין’', 1062: '‘שיקבלו את זכויותיהם המלאות’', 1063: '‘שינוי הקואליציה הפוליטית’', 1064: '‘שיתאחדו ערביי ישראל עם שאר הפלסטינים’', 1065: '‘שלווה’', 1066: '‘שלום’', 1067: '‘שלום בין יהודים ופלסטינים עם שתי מדינות’', 1068: '‘שלום בין יהודים לערבים’', 1069: '‘שמפלגת העבודה תחזור להיות בשלטון’', 1070: '‘שנבין מה יהודים רוצים מאיתנו’', 1071: '‘שתהיה לערבים יישות נפרדת’', 1072: '‘שתהיה מדינה יותר דמוקרטית’', 1073: '‘שתי מדינות נפרדות’', 1074: '‘שתימחק המדינה’'}"
v14A_code,Sep-19,"14A. Who, in your opinion, is the most influential figure in the history of the","{1001: 'אבא שלי', 1002: 'אבות האומה', 1003: 'אברהם אבינו', 1004: 'האדמור', 1006: 'אין תשובה', 1007: 'אלברט איינשטיין', 1008: 'עמיר פרץ', 1009: 'אריאל שרון', 1010: 'אריה דרעי', 1011: 'בן גוריון', 1012: 'בני בגין', 1013: 'הרצל', 1014: 'בנימין נתניהו', 1015: 'בר כוכבא', 1016: 'גדולי התורה', 1017: 'גולדה מאיר', 1018: 'גלעד שליט', 1019: 'דוד המלך', 1020: 'דמות תנכית כלשהי', 1021: 'דנה אינטרנשיונל', 1022: 'האדמור מבעלז', 1023: 'האדמור מבויאן', 1024: 'האדמור מוישניץ הנוכחי', 1025: '‘החזון איש’', 1026: 'הנשיא האמריקאי', 1027: 'יצחק נבון', 1029: 'הרב אליעזר צח', 1030: 'הרב גורן', 1031: 'הרב כהנא', 1032: 'הרב מרדכי אליהו', 1033: 'הרב עובדיה יוסף', 1034: 'הרב קוק', 1035: 'הרב קנייבסקי', 1036: 'הרב שטיינמן', 1037: 'הרב שך', 1038: 'הרבי מלובביץ', 1039: 'הרבנים', 1040: 'הרמבם', 1041: 'המשיח', 1042: 'זבוטינסקי', 1043: 'זיו רוטפוגל', 1044: 'זלמן שזר', 1045: 'חיים מרגליות קלבריסקי', 1046: 'חיים וייצמן', 1047: 'חיים סבירסקי', 1048: 'יגאל עמיר', 1049: 'יהושוע בן נון', 1050: 'יולי אדלשטיין', 1051: 'יצחק רבין', 1052: 'יצחק שמיר', 1053: 'ישו', 1054: 'לא יודע', 1056: 'לא מצליח לצמצם לאחד', 1057: 'אני', 1058: 'לוי אשכול', 1059: 'מאיר הר ציון', 1060: 'מנחם בגין', 1061: 'מסרב', 1062: 'מפלגת יהדות התורה', 1063: 'משה דיין', 1064: 'משה רבנו', 1065: 'משה שרת', 1066: 'נחמה ליבוביץ', 1067: 'עזר ויצמן', 1068: 'פנחס רוטברג', 1069: 'ישעיהו ליבוביץ', 1070: 'אלוהים', 1071: 'רועי קליין', 1072: 'רובי ריבלין', 1073: 'רפאל איתן', 1074: 'שלמה המלך', 1075: 'שמעון פרס'}"
v14B_code,Sep-19,"14B. Who, in your opinion, is the most influential figure in the history of the","{1001: '‘אהוד ברק’', 1002: '‘אחמד טיבי’', 1003: '‘איברהים נימר חוסיין’', 1004: '‘איוב קרא’', 1005: '‘איימן עודה’', 1006: '‘אין אף אחד’', 1007: '‘אין תשובה’', 1008: '‘אמיל תומא’', 1009: '‘אריאל שרון’', 1010: '‘ביבי נתניהו ‘', 1011: '‘ביל קלינטון’', 1012: '‘בירס’', 1013: '‘גבר מועדי’', 1014: '‘גמאל עבד אלנאצר’', 1015: '‘דוד בן גוריון’', 1016: '‘חאג אמין אל חוסייני’', 1017: '‘יאסר ערפאת’', 1018: '‘יצחק הרצוג’', 1019: '‘יצחק רבין’', 1020: '‘לא זוכר’', 1021: '‘לא יודע’', 1022: '‘מאיר כהנא’', 1023: '‘מחמוד דרוויש’', 1024: '‘מנחם בגין’', 1025: '‘מסרב’', 1026: '‘רובי רבלין’', 1027: '‘סיף אלדין זועבי’', 1028: '‘צלאח א- דין’', 1029: '‘עבדאללה נימר דרוויש’', 1030: '‘עזמי בשארה’', 1031: '‘ציפי ליבני’', 1032: '‘ראאד סלאח’', 1033: '‘שולמית אלוני’', 1034: '‘שמעון פרס’', 1035: '‘תאופיק זיאד’', 1036: '‘תופיק טובי’'}"
v17_after,Sep-19,17. Interview language,"{1: '1. Hebrew', 2: '2. Arabic', 3: '888', 4: '999'}"
v18_after,Sep-19,18. Sector,"{1: '1. Jewish', 2: '2. Arab', 3: '888', 4: '999'}"
w1_arabs_relig,Sep-19,,
w2_jews_age,Sep-19,,
w3_jews_educ,Sep-19,,
traditional,Sep-19,,"{1: '1. דתי מאוד, חרדי', 2: '2. דתי', 3: '3. מסורתי דתי', 4: '4. מסורתי לא כל כך דתי', 5: '5. לא דתי, חילוני'}"
w4_jews_traditional,Sep-19,,
c_resp_id_before,Sep-19,ID,
c8_Code1,Sep-19,"C8. In your opinion, what is the most important problem that the government has",
c8_Code2,Sep-19,"C8. In your opinion, what is the most important problem that the government has",
c31,Sep-19,C31. Is there a party and/or politician in Israel that represent your views?,"{1: '1. Definitely not', 2: '2. I don’t’ believe so', 3: '3. I believe so', 4: '4. Yes, definitely', 98: '98. Don’t know/no answer', 99: '99. Refuses to answer'}"
c34,Sep-19,C34. Is there a political party in Israel which has representatives who are simi,"{1: '1. Definitely not', 2: '2. I don’t’ believe so', 3: '3. I believe so', 4: '4. Yes, definitely', 98: '98. Don’t know/no answer', 99: '99. Refuses to answer'}"
c37,Sep-19,C37. Is there a party and/or politician in Israel that gives you a sense of belo,"{1: '1. Definitely not', 2: '2. I don’t’ believe so', 3: '3. I believe so', 4: '4. Yes, definitely', 98: '98. Don’t know/no answer', 99: '99. Refuses to answer'}"
c40,Sep-19,C40. Does the party and/or politician you voted for use the authority you gave t,"{1: '1. Definitely not', 2: '2. I don’t’ believe so', 3: '3. I believe so', 4: '4. Yes, definitely', 98: '98. Don’t know/no answer', 99: '99. Refuses to answer'}"
c43,Sep-19,C43. Now think about your vote for a certain party in the election. Which of the,"{1: '1. That the party represents your positions on issues that are important to you', 2: '2. That the party has individuals with similar characteristics and background to', 3: '3. That the party gives you a sense of belonging and pride in your identity', 4: '4. That the party uses the authority you gave it responsibly', 98: '98. Don’t know/no answer', 99: '99. Refuses to answer'}"
c44,Sep-19,"C44. And regarding the Knesset, which of the following is most important to you?","{1: '1. That the laws of the Knesset represent your positions on issues that are impo', 2: '2. That there is representation of people with characteristics and background li', 3: '3. That the Knesset gives you a sense of belonging and pride in your identity', 4: '4. That the Knesset uses the authority we gave it responsibly for the public', 98: '98. Don’t know/no answer', 99: '99. Refuses to answer'}"
c49_c,Sep-19,C49_C HaAvoda-Gesher,"{0: '0. rejection/ hatred', 1: '1', 2: '2', 3: '3', 4: '4', 5: '5', 6: '6', 7: '7', 8: '8', 9: '9', 10: '10. support / sympathy', 98: '98. Don’t know/no answer', 99: '99. Refuses to answer'}"
c86,Sep-19,C86. Politicians make promises during the campaign that they have no intention o,"{1: '1. Strongly Disagree', 2: '2. Disagree', 3: '3. Agree', 4: '4. Strongly Agree', 98: '98. Don’t know/no answer', 99: '99. Refuses to answer'}"
c87,Sep-19,C87. Most politicians in Israel are not corrupt,"{1: '1. Strongly Disagree', 2: '2. Disagree', 3: '3. Agree', 4: '4. Strongly Agree', 98: '98. Don’t know/no answer', 99: '99. Refuses to answer'}"
c88,Sep-19,"C88. There is too much interference in the  elections, such that the results don","{1: '1. Strongly Disagree', 2: '2. Disagree', 3: '3. Agree', 4: '4. Strongly Agree', 98: '98. Don’t know/no answer', 99: '99. Refuses to answer'}"
c89,Sep-19,C89. The electoral system in Israel distorts the voters’ will,"{1: '1. Strongly Disagree', 2: '2. Disagree', 3: '3. Agree', 4: '4. Strongly Agree', 98: '98. Don’t know/no answer', 99: '99. Refuses to answer'}"
c90,Sep-19,"C90. Of the following, what do you think is the biggest threat to the political","{1: '1. Corruption', 2: '2. Politicians who don’t keep election promises', 3: '3. Interferences in the elections such that the results don’t reflect the vote', 4: '4. The electoral system that distorts the voters’ will', 98: '98. Don’t know/no answer', 99: '99. Refuses to answer'}"
c109,Sep-19,"C109. In general, to what extent do you feel there is a political party and/or p","{1: '1. To a great degree', 2: '2. To a certain degree', 3: '3. To a small degree', 4: '4. Not at all', 98: '98. Don’t know/no answer', 99: '99. Refuses to answer', 100: '888', 101: '999'}"
c110,Sep-19,"C110. And in general, to what extent do you feel that the Israeli political syst","{1: '1. To a great degree', 2: '2. To a certain degree', 3: '3. To a small degree', 4: '4. Not at all', 98: '98. Don’t know/no answer', 99: '99. Refuses to answer', 100: '888', 101: '999'}"
c119,Sep-19,"C119. You feel committed to the democratic regime in Israel, even if there are t","{1: '1. Strongly Disagree', 2: '2. Disagree', 3: '3. Agree', 4: '4. Strongly Agree', 98: '98. Don’t know/no answer', 99: '99. Refuses to answer'}"
c120,Sep-19,"C120. In order to take care of Israel’s unique problems, there is a need for a s","{1: '1. Strongly Disagree', 2: '2. Disagree', 3: '3. Agree', 4: '4. Strongly Agree', 98: '98. Don’t know/no answer', 99: '99. Refuses to answer'}"
c124,Sep-19,C124. People who compromise in politics are actually selling out their principle,"{1: '1. Strongly Disagree', 2: '2. Disagree', 3: '3. Agree', 4: '4. Strongly Agree', 98: '98. Don’t know/no answer', 99: '99. Refuses to answer'}"
c125,Sep-19,C125. The Government,"{1: '1. No trust at all', 2: '2. Little trust', 3: '3. High trust', 4: '4. Very high trust', 98: '98. Don’t know/no answer', 99: '99. Refuses to answer'}"
c126,Sep-19,C126. The Knesset,"{1: '1. No trust at all', 2: '2. Little trust', 3: '3. High trust', 4: '4. Very high trust', 98: '98. Don’t know/no answer', 99: '99. Refuses to answer'}"
c127,Sep-19,C127. The Supreme Court,"{1: '1. No trust at all', 2: '2. Little trust', 3: '3. High trust', 4: '4. Very high trust', 98: '98. Don’t know/no answer', 99: '99. Refuses to answer'}"
c128,Sep-19,C128. Politicians,"{1: '1. No trust at all', 2: '2. Little trust', 3: '3. High trust', 4: '4. Very high trust', 98: '98. Don’t know/no answer', 99: '99. Refuses to answer'}"
c97,Sep-19,"C97. In the last week, how many times did content from politicians and political","{1: '1. Never', 2: '2. Once a week', 3: '3. Two or three times a week', 4: '4. Nearly every day', 5: '5. Several times a day', 98: '98. Don’t know/no answer', 99: '99. Refuses to answer'}"
c101,Sep-19,C101. Read content from a politician or political party that appeared on your fe,"{1: '1. Never', 2: '2. Once a week', 3: '3. Two or three times a week', 4: '4. Nearly every day', 5: '5. Several times a day', 98: '98. Don’t know/no answer', 99: '99. Refuses to answer'}"
c99,Sep-19,C99. Responded to content that a politician or political party posted,"{1: '1. Never', 2: '2. Once a week', 3: '3. Two or three times a week', 4: '4. Nearly every day', 5: '5. Several times a day', 98: '98. Don’t know/no answer', 99: '99. Refuses to answer'}"
c100,Sep-19,C100. Shared content from a politician or political party,"{1: '1. Never', 2: '2. Once a week', 3: '3. Two or three times a week', 4: '4. Nearly every day', 5: '5. Several times a day', 98: '98. Don’t know/no answer', 99: '99. Refuses to answer'}"
c310,Sep-19,"C310. Thank you for your time. We would very much like to talk to you again, aft","{1: '1. Yes', 2: '2. No', 3: ""3. Don't Know"", 4: '888', 5: '999'}"
c146,Sep-19,,
c148,Sep-19,C148. Interview language,"{1: '1. Hebrew', 2: '2. Arabic', 3: '888', 4: '999'}"
d_resp_id_after,Sep-19,,
D17,Sep-19,D17. Interview language,"{1: '1. Hebrew', 2: '2. Arabic', 3: '888', 4: '999'}"
D18,Sep-19,D18. Sector,"{1: '1. Jewish', 2: '2. Arab', 3: '888', 4: '999'}"
educ_w,Sep-19,,"{1: 'To high school - without matriculation diploma', 2: 'Complete high school with matriculation diploma', 3: 'Post high school', 4: 'Academic degree'}"
weights_panel_1,Sep-19,,
weights_panel_2,Sep-19,,
weights_panel_3,Sep-19,,
weights_panel_4,Sep-19,,
agree,2020,(Agree) Will you agree to participate in the study?,"{1: '1. Yes', 2: '888', 3: '999'}"
v147,2020,147. Thank you for your time. It will be very important to us to return to you a,"{1: '1. Yes', 2: '2. No', 3: '3. Don’t know', 4: '888', 5: '999'}"
Language,2020,Language,"{1: '1. Hebrew', 2: '2. Arabic', 3: '3. Russian', 4: '888', 5: '999'}"
agree_after,2020,(Agree) Will you agree to participate in the research?,"{1: '1. Yes', 2: '888', 3: '999'}"
E8A_after_code1,2020,E8A. What is Right as you understand it? (code 1),
E8A_after_code2,2020,E8A. What is Right as you understand it? (code 2),
E8A_after_code3,2020,E8A. What is Right as you understand it? (code 3),
E8B_after_code1,2020,E8B. What is Left as you understand it? (code 1),
E8B_after_code2,2020,E8B. What is Left as you understand it? (code 2),
E8B_after_code3,2020,E8B. What is Left as you understand it? (code 3),
E147_after,2020,"E147. If there will be another election, will you agree that we return to you wi","{1: '1. Yes', 2: '2. No', 3: '3. Don’t know', 4: '888', 5: '999'}"
E17_after,2020,Language,"{1: '1. Hebrew', 2: '2. Arabic', 3: '3. Russian', 4: '888', 5: '999'}"
E18_after,2020,Sector,"{1: '1. Jewish', 2: '2. Arab', 3: '888', 4: '999'}"
Institute,2020,Institute,"{1: '1. B.I. and Lucille Cohen Institute', 2: '2. Statnet Institute'}"
weights_panel_1,2020,weights_panel_1,
weights_panel_2,2020,weights_panel_2,
educ_w,2020,RECODE of v136,
religiosity_w,2020,RECODE of v144,
educ_arabs_w,2020,RECODE of v136,
agree,2021,Do you agree to participate in the study?,"{1: '1. Yes, I agree to participate in the study', 2: '2. No', 3: '3. 999'}"
citizen,2021,Are you an Israeli citizen?,"{1: '1. Yes', 2: '2. No', 3: '3. 888', 4: '4. 999'}"
v52R,2021,Ahmad Tibi,"{0: '0. 0 rejection/ hatred', 1: '1. 1', 2: '2. 2', 3: '3. 3', 4: '4. 4', 5: '5. 5', 6: '6. 6', 7: '7. 7', 8: '8. 8', 9: '9. 9', 10: '10. 10 support/ sympathy', 98: '98. Don’t know/no answer', 99: '99. Refuses to answer', 100: '100. 888', 101: '101. 999'}"
v147,2021,Thank you for your time. It will be very important to us to return to you after,"{1: '1. Yes', 2: '2. No', 3: '3. Don’t know', 99: '99. Refuses to answer', 100: '100. 888', 101: '101. 999'}"
lang,2021,,"{1: '1. hebrew', 2: '2. arabic'}"
data_collection_mode,2021,,
resp_id_after,2021,Respons Code,
Agree_after,2021,(Agree) Do you agree to participate in the study?,"{1: '1. Yes', 2: '2. 888', 3: '3. 999'}"
weights_panel_1,2021,,
weights_panel_2,2021,,
weights_telephone_panel_1,2021,,
weights_telephone_panel_2,2021,,
weights_internet_panel_1,2021,,
weights_internet_panel_2,2021,,
educ_jews_w,2021,,
educ_arabs_w,2021,,
religiosity_jews_w,2021,,
age_arabs_w,2021,,
date_telephone,2022,Start Date,
agree_1,2022,Do you agree to participate in the study? ‎,"{1: '\u200e1.\u200e Yes, I agree to participate in the study', 2: '888', 3: '999'}"
citizen‎,2022,Are you an Israeli citizen?‎,
data_collection,2022,,"{1: '1. Internet', 2: '2.Telephone'}"
Version‎,2022,,"{1: '\u200e1.\u200e Version A (Green+Red)\u200e', 2: '\u200e2.\u200e Version B (Green+Blue)\u200e'}"
language‎,2022,Interview language‎,"{1: '\u200e1. Hebrew \u200e', 2: '\u200e2. Arabic \u200e'}"
agree_2,2022,Do you agree to participate in the study?‎,"{1: '1. \u200eYes, I agree to participate in the study', 2: '888', 3: '999'}"
w_panel1,2022,"Sample weight (sex, age, educ, religosity) - wave 1 - full sample",
w_panel2,2022,"Sample weight (sex, age, educ, religosity) - wave 2 - full sample",
w_jews_panel1,2022,"Sample weight (sex, age, educ, religosity) - wave 1 - Jews",
w_jews_panel2,2022,"Sample weight (sex, age, educ, religosity) - wave 2 - Jews",
w_arabs_panel1,2022,"Sample weight (sex, age, educ, religosity) - wave 1 - Arabs",
w_arabs_panel2,2022,"Sample weight (sex, age, educ, religosity) - wave 2 - Arabs",
a30,1987*,do arabs from the occupied territories have a right to vote for the knesset,"{1: 'certain they have the right', 2: 'i think they do but am uncertain', 3: ""i think they don't but am uncertain"", 4: ""certain they don't""}"
b2,1987*,general situation in israel today,"{1: 'very good', 2: 'good', 3: 'not so good', 4: 'not good', 5: 'bad'}"
b3,1987*,way government handles nation's problems,"{1: 'very well', 2: 'well', 3: 'not so well', 4: 'not well at all'}"
b5,1987*,evaluation of israel's present national security,"{1: 'worst possible', 9: 'best possible'}"
b6,1987*,evaluation of israel's national security 5 years ago,"{1: 'worst possible', 9: 'best possible'}"
b7,1987*,evaluation of israel's national security in 5 years,"{1: 'worst possible', 9: 'best possible'}"
b8,1987*,main problem government must take care of,"{1: 'security (general)', 2: 'the palestinian issue, occupied territories', 3: 'the uprising in the occupied territories (intifada)', 4: 'fighting terror, security forces', 5: 'israeli arabs', 6: 'foreign policy (general)', 7: 'the peace (solving the israeli arab conflict)', 8: 'economy (general)', 9: 'inflation', 10: 'depression, unemployment', 11: 'internal affairs (general)', 12: 'social gap', 13: 'young couples, housing', 14: 'education', 15: 'health', 16: 'transportation, road accidents', 17: 'immigration absorption', 18: 'religious affairs, religious-secular relations', 19: 'unity and moral of the people', 20: 'other'}"
b9,1987*,party most capable of handling above issue,"{1: 'labor', 2: 'likud', 3: 'hatehiya', 4: 'tsomet', 5: 'moledet(gandi)', 6: 'kah(kahana)', 7: ""tnu'at hamerkaz-shinui"", 8: 'mapam', 9: 'ratz', 10: 'mafdal', 11: 'meimad(the centre religious party)', 12: 'agudat israel\\degel hatora', 13: 'shas\\yeshi', 14: 'pagi-morasha(the united torah camp)', 15: 'arab democratic party(daraushe)', 16: 'hadash(rakah)', 17: 'the progressive list', 18: 'other party', 19: 'no opinion', 20: 'all parties together'}"
b10,1987*,desired solution to territories issue,"{1: 'conceding territories in return for peace', 2: 'annexation of territories', 3: 'leave current situation unchanged'}"
b11,1987*,which of the 2 solutions should israel adopt if necessary,"{1: 'return most of judea,samaria and gaza', 2: 'annexation of judea,samaria and gaza'}"
b12,1987*,"the largest territorial concession, if any, to be made in judea and samaria for","{1: 'no concession', 2: 'concession of a small part', 3: 'concession of a part', 4: 'almost full concession', 5: 'concession of all judea and samaria for peace treaty'}"
b13,1987*,should israel agree to negotiate with plo taking into account the current situat,"{1: 'yes', 2: 'no'}"
b14,1987*,should israel be ready to negotiate with plo providing plo recognizes israel and,"{1: 'yes', 2: 'no'}"
b15,1987*,should israel agree to establishment of palestinian state in occupied territorie,"{1: 'definitely', 2: 'probably', 3: 'probably not', 4: 'definitely not'}"
b16,1987*,rights to be given to palestinians if territories are annexed,"{1: 'full civil rights(incl. suffrage)', 2: 'civil rights (excluding suffrage)', 3: 'leave current situation unchanged', 4: 'decrease current rights'}"
b17,1987*,evaluation of government's policy in territories of maintaining tranquility,"{1: 'too harsh', 2: 'appropriate', 3: 'too permissive'}"
b18,1987*,emphasis to put in attempt to prevent war between israel and arab states,"{1: 'take all measures towards peace treaty', 2: 'increase military power'}"
b19,1987*,government should encourage arab emigration from israel,"{1: 'strongly agree', 2: 'agree', 3: 'disagree', 4: 'strongly disagree'}"
b20,1987*,possibility of arab-israeli peace in future,"{1: 'definitely possible', 2: 'possible', 3: 'impossible', 4: 'definitely impossible'}"
b21,1987*,israel's ability to affect arab peace policy,"{1: 'definitely capable', 2: 'capable', 3: 'incapable', 4: 'definitely incapable'}"
b22,1987*,probability of signing another peace treaty with arab country within 3 years,"{1: 'most likely', 2: 'likely', 3: 'unlikely', 4: 'most unlikely'}"
b23,1987*,probability of israeli-arab war within 3 years,"{1: 'most likely', 2: 'likely', 3: 'unlikely', 4: 'most unlikely'}"
b25,1987*,the most dangerous enemy,"{1: 'syria', 2: 'plo', 3: 'jordan', 4: 'lebanese shiites', 5: 'libya', 6: 'egypt', 7: 'iraq', 8: 'iran', 9: 'saudi arabia'}"
b26,1987*,the second most dangerous enemy,"{1: 'syria', 2: 'plo', 3: 'jordan', 4: 'lebanese shiites', 5: 'libya', 6: 'egypt', 7: 'iraq', 8: 'iran', 9: 'saudi arabia'}"
b27,1987*,belief in israel's existence in long run,"{1: 'definitely believe', 2: 'believe', 3: 'disbelieve', 4: 'definitely disbelieve'}"
b29,1987*,total israeli-arab war,"{1: 'capable', 2: 'incapable'}"
b30,1987*,war against syria alone,"{1: 'capable', 2: 'incapable'}"
b31,1987*,increase of terrorist activity,"{1: 'capable', 2: 'incapable'}"
b32,1987*,decrease of american support,"{1: 'capable', 2: 'incapable'}"
b33,1987*,israeli arabs' civilian uprising,"{1: 'capable', 2: 'incapable'}"
b34,1987*,uprising of arabs from occupied territories,"{1: 'capable', 2: 'incapable'}"
b35,1987*,massive soviet assistance to arab countries in war against us,"{1: 'capable', 2: 'incapable'}"
b36,1987*,estimate of arabs' ultimate goal,"{1: 'partial return of territories', 2: 'full return of territories', 3: 'total takeover of israel', 4: 'total takeover of israel and termination of major part of jewish population'}"
b37,1987*,evaluation of the necessity of national security overriding other issues,"{1: 'primary preference over all other issues', 7: 'security must not be reached at any price'}"
b38,1987*,preference for rule of law vs. security interests,"{1: 'preference for security interests', 7: 'preference for rule of law'}"
b39,1987*,evaluation of role of settlements with respect to national security,"{1: 'contribute to national security', 4: 'neither contribute nor disrupt', 7: 'disrupt national security'}"
b40,1987*,the influence of the occupation on idf soldiers' morale,"{1: 'negative effect', 4: 'neither positive nor negative', 7: 'positive effect'}"
b41,1987*,evaluation of international peace conference with participation of great superpo,"{1: 'strongly support', 2: 'support', 3: 'disaprove', 4: 'strongly disaprove'}"
b42,1987*,support of government in security crisis while disagreeing with it's way,"{1: 'mandatory support', 2: 'generally, support', 3: 'generally, not support', 4: 'never mandatory to support'}"
b43,1987*,change in idf's power in last five years,"{1: 'substantial weakening', 2: 'certain weakening', 3: 'no change', 4: 'certain strengthening', 5: 'substantial strengthening'}"
b44,1987*,self-evaluation as 'hawk' or as 'dove',"{1: 'hawk', 7: 'dove'}"
b45,1987*,effect of intifadah on evaluation of political situation and degree of security,"{1: 'no change', 2: 'more ready for concessions', 3: 'less ready for concessions'}"
b47,1987*,effect of intifada on interviewee's mood,"{1: 'improved', 2: 'did not change', 3: 'became worse'}"
b48,1987*,effect of intifada on national mood,"{1: 'improved', 2: 'did not change', 3: 'became worse'}"
b49,1987*,effect of intifada on estimate of election results,"{1: 'no change', 2: ""likud's camp's chances improved"", 3: ""ma'arah's camp's chances improved"", 4: ""religious parties' chances improved""}"
b50,1987*,effect of intifada on interviewee's political activity,"{1: 'increased', 2: 'did not change', 3: 'decreased'}"
b51,1987*,effect of intifada on desire to live in israel,"{1: 'increased', 2: 'did not change', 3: 'decreased'}"
b52,1987*,effect of intifada on interviewee's vote,"{1: 'did not change', 2: 'strong inclination to vote for likud', 3: 'strong inclination to vote for labor', 4: 'strong inclination to vote for religious parties'}"
b53,1987*,effect of intifada on interviewee's attitude towards arabs,"{1: 'more positive', 2: 'did not change', 3: 'more negative'}"
b54,1987*,effect of territories issue on forthcoming elections,"{1: 'significant effect', 2: 'certain effect', 3: 'small effect', 4: 'no effect at all'}"
b55,1987*,effect of territories issue on interviewee's vote to knesset,"{1: 'significant effect', 2: 'certain effect', 3: 'small effect', 4: 'no effect at all'}"
b56,1987*,party best reflecting interviewee's stand on territories issue,"{1: ""ma'arah"", 2: 'likud', 3: 'tehiya', 4: 'tsomet', 5: 'moledet(gandi)', 6: 'kah(kahana)', 7: ""tnu'at hamerkaz-shinui"", 8: 'mapam', 9: 'ratz', 10: 'mafdal', 11: 'meimad(the central religious party)', 12: 'agudat israel\\degel hatorah', 13: 'shas\\yeshi', 14: 'pagi(the united torah camp)', 15: 'the arab democratic party(daraushe)', 16: 'hadash(rakah)', 18: 'other', 19: 'do not know'}"
b57,1987*,evaluation of differences between major parties on national security,"{1: 'very big difference', 2: 'big difference', 3: 'some difference', 4: 'small difference', 5: 'hardly any difference'}"
b58,1987*,degree of similarity of family members' views on territories and security issues,"{1: ""everyone's views are similar"", 2: ""great part's views are similar"", 3: ""small part's views are similar"", 4: ""no one's views are similar"", 5: ""ignorant of relatives' views""}"
b59,1987*,frequency of discussions on political matters with family members,"{1: 'almost every day', 2: 'once or twice a week', 3: 'infrequently', 4: 'not at all'}"
b60,1987*,family member with whom discussions on political matters are most frequent,"{1: 'father', 2: 'mother', 3: 'brother\\sister', 4: 'spouse', 5: 'children', 6: 'other', 7: 'both of the parents equally', 8: 'all the family members equally', 9: 'no one'}"
b61,1987*,interviewee's economical approach,"{1: 'definitely capitalist', 2: 'more capitalist than socialist', 3: 'more socialist than capitalist', 4: 'definitely socialist'}"
b62,1987*,evaluation of histadrut's holding of companies,"{1: 'definitely all right', 2: 'all right', 3: 'not that good', 4: 'definitely not good'}"
b63,1987*,evaluation of differences between parties on economical issues,"{1: 'very big difference', 2: 'big difference', 3: 'some difference', 4: 'small difference', 5: 'hardly any difference'}"
b64,1987*,effect of economic issues on forthcoming elections,"{1: 'significant effect', 2: 'certain effect', 3: 'minor effect', 4: 'no effect at all'}"
b65,1987*,effect of economic issues on interviewee's vote,"{1: 'significant effect', 2: 'certain effect', 3: 'minor effect', 4: 'no effect at all'}"
b66,1987*,identification with political parties on economical issues,"{1: ""labor(ma'arah)"", 2: 'likud', 3: 'other'}"
b67,1987*,identification with parties on foreign and security issues,"{1: ""labor (ma'arah)"", 2: 'likud', 3: 'other'}"
b68,1987*,better team to handle economic problems,"{1: ""ma'arah's team"", 2: ""likud's team"", 3: 'both equally', 4: 'none of them'}"
b69,1987*,better team to handle foreign and security problems,"{1: ""ma'arah's team"", 2: ""likud's team"", 3: 'both equally', 4: 'none of them'}"
b70,1987*,desirability of formation of national unity government after elections,"{1: 'definitely yes', 2: 'probably yes', 3: 'probably no', 4: 'definitely no', 5: 'yes, if headed by likud party', 6: 'yes, if headed by labor party'}"
b71,1987*,frequency of political discussions with friends,"{1: 'often', 2: 'sometimes', 3: 'seldom', 4: 'never'}"
b72,1987*,evaluation of ability to influence government policies,"{1: 'to a great extent', 2: 'to a certain extent', 3: 'to a small extent', 4: 'none'}"
b73,1987*,most important factor influencing voting,"{1: 'identification with party', 2: ""party's candidate for prime minister"", 3: ""party's policies on certain issues"", 4: 'party being in government or in opposition'}"
b74,1987*,least favored controversial political group,"{1: 'neturei kartha', 2: 'rakah(hadash)', 3: 'kah(rabbi kahana movement)', 4: 'agudat israel-pagi', 5: 'gush emunim', 6: 'progressive movement towards peace', 7: ""other plo supporting groups(e.g. 'bnei hakfar')"", 8: 'hatehiya', 9: 'tsomet', 10: 'moledet (gandi movement)', 11: 'arab democratic party (daraushe movement)', 12: 'shalom ahshav', 13: 'matzpen', 14: ""yesh gvul' movement"", 15: 'other'}"
b76,1987*,should member of that group be banned from being prime minister,"{1: 'definitely agree', 2: 'agree', 3: 'not certain', 4: 'disagree', 5: 'definitely disagree'}"
b77,1987*,that group should be declared outlaw,"{1: 'definitely agree', 2: 'agree', 3: 'not certain', 4: 'disagree', 5: 'definitely disagree'}"
b78,1987*,members of that group should be allowed to appear on tv,"{1: 'definitely agree', 2: 'agree', 3: 'not certain', 4: 'disagree', 5: 'definitely disagree'}"
b79,1987*,the group members' phones should be tapped,"{1: 'definitely agree', 2: 'agree', 3: 'not certain', 4: 'disagree', 5: 'definitely disagree'}"
b80,1987*,members of that group should be allowed to demonstrate,"{1: 'definitely agrees', 2: 'agrees', 3: 'not certain', 4: 'disagrees', 5: 'definitely disagree'}"
b82,1987*,progressive list for peace (ha-reshima ha-mitkademet le-shalom),"{1: 'definitely approve', 2: 'approve', 3: 'not certain', 4: 'disapprove', 5: 'definitely disapprove'}"
b83,1987*,kah (rabbi kahana's movement),"{1: 'definitely approve', 2: 'approve', 3: 'not certain', 4: 'disapprove', 5: 'definitely disapprove'}"
b84,1987*,rakah (hadash),"{1: 'definitely approve', 2: 'approve', 3: 'not certain', 4: 'disapprove', 5: 'definitely disapprove'}"
b85,1987*,gush emunim,"{1: 'definitely approve', 2: 'approve', 3: 'not certain', 4: 'disapprove', 5: 'definitely disapprove'}"
b86,1987*,shalom ahshav,"{1: 'definitely approve', 2: 'approve', 3: 'not certain', 4: 'disapprove', 5: 'definitely disapprove'}"
b88,1987*,arab should be banned from being prime minister,"{1: 'definitely agree', 2: 'agree', 3: 'not certain', 4: 'disagree', 5: 'definitely disagree'}"
b89,1987*,arabs should be allowed to deliver speeches in public and to appear on tv,"{1: 'definitely agree', 2: 'agree', 3: 'not certain', 4: 'disagree', 5: 'definitely disagree'}"
b90,1987*,arabs' phones should be tapped,"{1: 'definitely agree', 2: 'agree', 3: 'not certain', 4: 'disagree', 5: 'definitely disagree'}"
b91,1987*,arabs should be allowed to demonstrate,"{1: 'definitely agree', 2: 'agree', 3: 'not certain', 4: 'disagree', 5: 'definitely disagree'}"
b92,1987*,arabs should be encouraged to emigrate,"{1: 'definitely agree', 2: 'agree', 3: 'not certain', 4: 'disagree', 5: 'definitely disagree'}"
b94,1987*,which party has experienced leaders,"{1: 'suits labor', 2: 'suits likud', 3: 'both equally', 4: 'neither'}"
b95,1987*,which party provides adequate representation to oriental jews,"{1: 'suits labor', 2: 'suits likud', 3: 'both equally', 4: 'neither'}"
b96,1987*,which party secures country's future,"{1: 'suits labor', 2: 'suits likud', 3: 'both equally', 4: 'neither'}"
b97,1987*,which party secures jewish majority in israel,"{1: 'suits labor', 2: 'suits likud', 3: 'both equally', 4: 'neither'}"
b98,1987*,which party closes gaps between ethnic groups,"{1: 'suits labor', 2: 'suits likud', 3: 'both equally', 4: 'neither'}"
b99,1987*,which party contributed to building the country,"{1: 'suits labor', 2: 'suits likud', 3: 'both equally', 4: 'neither'}"
b100,1987*,which party fosters oriental jews' self esteem,"{1: 'suits labor', 2: 'suits likud', 3: 'both equally', 4: 'neither'}"
b101,1987*,which party will know how to stand firmly at peace and territories negotiations,"{1: 'suits labor', 2: 'suits likud', 3: 'both equally', 4: 'neither'}"
b102,1987*,which party will know how to preserve democratic regime,"{1: 'suits labor', 2: 'suits likud', 3: 'both equally', 4: 'neither'}"
b103,1987*,ethnic party,"{1: 'suits labor', 2: 'suits likud', 3: 'both equally', 4: 'neither'}"
b104,1987*,party to retain necessary amount of territories,"{1: 'suits labor', 2: 'suits likud', 3: 'both equally', 4: 'neither'}"
b105,1987*,which party can achieve true peace with arabs,"{1: 'suits labor', 2: 'suits likud', 3: 'both equally', 4: 'neither'}"
b106,1987*,party to return tranquility and order to territories,"{1: 'suits labor', 2: 'suits likud', 3: 'both equally', 4: 'neither'}"
b107,1987*,party to know when and how to lead to successful war,"{1: 'suits labor', 2: 'suits likud', 3: 'both equally', 4: 'neither'}"
b108,1987*,national party,"{1: 'suits labor', 2: 'suits likud', 3: 'both equally', 4: 'neither'}"
b110,1987*,labor,"{1: '1 strong aversion', 10: '10 strong affection'}"
b111,1987*,likud,"{1: '1 strong aversion', 10: '10 strong affection'}"
b112,1987*,shim'on peres,"{1: '1 strong aversion', 10: '10 strong affection'}"
b113,1987*,yitzhak shamir,"{1: '1 strong aversion', 10: '10 strong affection'}"
b114,1987*,arabs,"{1: '1 strong aversion', 10: '10 strong affection'}"
b115,1987*,ariel sharon,"{1: '1 strong aversion', 10: '10 strong affection'}"
b116,1987*,religious persons,"{1: '1 strong aversion', 10: '10 strong affection'}"
b117,1987*,ashkenazi jews,"{1: '1 strong aversion', 10: '10 strong affection'}"
b118,1987*,david levi,"{1: '1 strong aversion', 10: '10 strong affection'}"
b119,1987*,yitzhak navon,"{1: '1 strong aversion', 10: '10 strong affection'}"
b120,1987*,sephardic jews,"{1: '1 strong aversion', 10: '10 strong affection'}"
b121,1987*,yitzhak rabin,"{1: '1 strong aversion', 10: '10 strong affection'}"
b122,1987*,menahem begin,"{1: '1 strong aversion', 10: '10 strong affection'}"
b123,1987*,gush emunim,"{1: '1 strong aversion', 10: '10 strong affection'}"
b124,1987*,shalom ahshav,"{1: '1 strong aversion', 10: '10 strong affection'}"
b125,1987*,rabbi kahana,"{1: '1 strong aversion', 10: '10 strong affection'}"
b126,1987*,self-evaluation as leftist or rightist,"{1: 'right', 7: 'left'}"
c3,1987*,democracy is best form of rule,"{1: 'definitely agree', 2: 'agree', 3: 'not certain', 4: 'disagree', 5: 'definitely disagree'}"
c4,1987*,politicians do not consider common person's opinion,"{1: 'definitely agree', 2: 'agree', 3: 'not certain', 4: 'disagree', 5: 'definitely disagree'}"
c5,1987*,jews undertaking illegal actions against arabs should get lighter punishment the,"{1: 'definitely agree', 2: 'agree', 3: 'not certain', 4: 'disagree', 5: 'definitely disagree'}"
c6,1987*,several strong leaders can do more good than any discussions and laws,"{1: 'definitely agree', 2: 'agree', 3: 'not certain', 4: 'disagree', 5: 'definitely disagree'}"
c7,1987*,every man should have equal rights notwithstanding his political views,"{1: 'definitely agree', 2: 'agree', 3: 'not certain', 4: 'disagree', 5: 'definitely disagree'}"
c8,1987*,minority groups should be allowed to act in order to achieve support of majority,"{1: 'definitely agree', 2: 'agree', 3: 'not certain', 4: 'disagree', 5: 'definitely disagree'}"
c9,1987*,belief in freedom of speech for everyone notwithstanding his views,"{1: 'definitely agree', 2: 'agree', 3: 'not certain', 4: 'disagree', 5: 'definitely disagree'}"
c10,1987*,there are situations when it's better to take law in one's own hands,"{1: 'definitely agree', 2: 'agree', 3: 'not certain', 4: 'disagree', 5: 'definitely disagree'}"
c11,1987*,government should see to it that public life be conducted according to jewish re,"{1: 'definitely', 2: 'maybe', 3: 'maybe not', 4: 'definitely not'}"
c12,1987*,degree of ethnic discrimination in israel,"{1: 'very high', 2: 'high', 3: 'moderate', 4: 'low', 5: 'hardly any'}"
c13,1987*,degree of personal experience of ethnic discrimination,"{1: 'very high', 2: 'high', 3: 'moderate', 4: 'low', 5: 'hardly any'}"
c14,1987*,approval of partly constitutional system of elections to knesset vs. present one,"{1: 'definitely go on with present system', 2: 'probably go on with present system', 3: 'probably shift to partly constitutional', 4: 'definitely shift to partly constitutional', 5: 'no opinion', 6: 'both systems are no good and shift to fully constitutional system'}"
c15,1987*,preferred party to form government,"{1: 'labor', 2: 'likud', 3: 'hatehiya', 4: 'tsomet', 5: 'moledet(gandi)', 6: 'kah(kahana)', 7: ""tnu'at hamerkaz-shinui"", 8: 'mapam', 9: 'ratz', 10: 'mafdal', 11: 'meimad(centrist religious party)', 12: 'agudat israel\\degel hatorah', 13: 'shas\\yeshi', 14: 'pagi(united torah camp)', 15: 'arab democratic party(daraushe)', 16: 'hadash(rakah)', 17: 'progressive list for peace', 18: 'other'}"
c16,1987*,estimate of party to form government,"{1: 'labor', 2: 'likud', 3: 'hatehiya', 4: 'tsomet', 5: 'moledet(gandi)', 6: 'kah(kahana)', 7: ""tnu'at hamerkaz-shinui"", 8: 'mapam', 9: 'ratz', 10: 'mafdal', 11: 'meimad(centrist religious party)', 12: 'agudat israel\\degel hatorah', 13: 'shas\\yeshi', 14: 'pagi(united torah camp)', 15: 'arab democratic party(daraushe)', 16: 'hadash(rakah)', 17: 'progressive list for peace', 18: 'other', 20: 'do not know'}"
c17,1987*,interviewee's vote if elections were held now,"{1: 'labor', 2: 'likud', 3: 'hatehiya', 4: 'tsomet', 5: 'moledet(gandi)', 6: 'kah(kahana)', 7: ""tnu'at hamerkaz-shinui"", 8: 'mapam', 9: 'ratz', 10: 'mafdal', 11: 'meimad(centrist religious party)', 12: 'agudat israel\\degel hatorah', 13: 'shas\\yeshi', 14: 'pagi(united torah camp)', 15: 'arab democratic party(daraushe)', 16: 'hadash(rakah)', 17: 'progressive list for peace', 18: 'other', 19: 'blank note', 20: 'did not decide yet', 21: 'no intention to vote'}"
c18,1987*,"interviewee's vote at last elections on july,1984","{1: 'labor', 2: 'likud', 3: 'mafdal', 4: 'agudat israel', 5: 'shas', 6: 'morasha', 7: 'tami', 8: 'yahad(weizman)', 9: 'shinui', 10: 'ratz', 11: 'hatehiya+tsomet', 12: 'lova eliav', 13: 'ometz(horovitz)', 14: 'kah(kahana)', 15: 'hadash(rakah)', 16: 'progressive list for peace', 17: 'other', 18: 'did not vote despite having suffrage', 19: 'did not vote due to absence of suffrage'}"
c20,1987*,first party you would vote for if no limitation is posed,"{1: 'labor', 2: 'likud', 3: 'mafdal', 4: 'agudat israel', 5: 'shas', 6: 'morasha', 7: 'tami', 8: 'yahad(weizman)', 9: 'shinui', 10: 'ratz', 11: 'hatehiya+tsomet', 12: 'lova eliav', 13: 'ometz(horovitz)', 14: 'kah(kahana)', 15: 'hadash(rakah)', 16: 'progressive list for peace', 17: 'other', 18: 'did not vote despite having suffrage', 19: 'did not vote due to absence of suffrage'}"
c21,1987*,second party you would vote for if no limitation is posed,"{1: 'labor', 2: 'likud', 3: 'mafdal', 4: 'agudat israel', 5: 'shas', 6: 'morasha', 7: 'tami', 8: 'yahad(weizman)', 9: 'shinui', 10: 'ratz', 11: 'hatehiya+tsomet', 12: 'lova eliav', 13: 'ometz(horovitz)', 14: 'kah(kahana)', 15: 'hadash(rakah)', 16: 'progressive list for peace', 17: 'other', 18: 'did not vote despite having suffrage', 19: 'did not vote due to absence of suffrage'}"
c22,1987*,interviewee's father's vote at forthcoming elections,"{1: 'labor', 2: 'likud', 3: 'hatehiya', 4: 'tsomet', 5: 'moledet(gandi)', 6: 'kah(kahana)', 7: ""tnu'at hamerkaz-shinui"", 8: 'mapam', 9: 'ratz', 10: 'mafdal', 11: 'meimad(centrist religious party)', 12: 'agudat israel\\degel hatorah', 13: 'shas\\yeshi', 14: 'pagi(united torah camp)', 15: 'arab democratic party(daraushe)', 16: 'hadash(rakah)', 17: 'progressive list for peace', 18: 'other', 19: 'did not decide who to vote for', 20: 'do not know', 21: 'died,lives abroad,no suffrage'}"
c23,1987*,interviewee's mother's vote at forthcoming elections,"{1: 'labor', 2: 'likud', 3: 'mafdal', 4: 'agudat israel', 5: 'shas', 6: 'morasha', 7: 'tami', 8: 'yahad(weizman)', 9: 'shinui', 10: 'ratz', 11: 'hatehiya+tsomet', 12: 'lova eliav', 13: 'ometz(horovitz)', 14: 'kah(kahana)', 15: 'hadash(rakah)', 16: 'progressive list for peace', 17: 'other', 18: 'did not vote despite having suffrage', 19: 'did not vote due to absence of suffrage'}"
c24,1987*,marital status,"{1: 'not married', 2: 'married', 3: 'divorced', 4: 'widowed'}"
c25,1987*,interviewee's spouse's vote at forthcoming elections,"{1: 'labor', 2: 'likud', 3: 'mafdal', 4: 'agudat israel', 5: 'shas', 6: 'morasha', 7: 'tami', 8: 'yahad(weizman)', 9: 'shinui', 10: 'ratz', 11: 'hatehiya+tsomet', 12: 'lova eliav', 13: 'ometz(horovitz)', 14: 'kah(kahana)', 15: 'hadash(rakah)', 16: 'progressive list for peace', 17: 'other', 18: 'did not vote despite having suffrage', 19: 'did not vote due to absence of suffrage'}"
c26,1987*,approval of canceling football matches on sabbath,"{1: 'approve', 2: 'disapprove'}"
c27,1987*,estimate of percentage of citizens approving canceling matches on sabbath,"{0: 'minority', 99: 'majority'}"
c28,1987*,basis for above estimate,
c29,1987*,approval of large arab villages' status change from local councils to cities,"{1: 'approve change in status', 2: 'disapprove change in status'}"
c30,1987*,estimate of percentage of jewish population approving change in status,"{0: 'minority', 99: 'majority'}"
c31,1987*,basis for above estimate,
c32,1987*,israel's usage of nuclear weapons,"{1: 'there are conditions when usage is justified', 2: 'under no conditions is usage justified'}"
c33,1987*,estimate of percentage of public thinking that under no condition is nuclear wea,"{0: 'minority', 99: 'majority'}"
c34,1987*,basis for above estimate,
c35,1987*,approval of breaking off relations with south-africa,"{1: 'approve', 2: 'disapprove'}"
c36,1987*,estimate of percentage of public approving breaking off relations with south-afr,"{0: 'minority', 99: 'majority'}"
c37,1987*,basis for above estimate,
c38,1987*,fairness of distribution of reserve military service burden,"{1: 'fair', 2: 'unfair'}"
c39,1987*,estimate of percentage of public thinking that above is fair,"{0: 'minority', 99: 'majority'}"
c40,1987*,basis for above estimate,
c42,1987*,primary importance value,"{1: 'jewish majority state', 2: 'greater israel', 3: 'democratic state (equal rights for all)', 4: 'state of peace (low probability of war)'}"
c43,1987*,second value in importance,"{1: 'jewish majority state', 2: 'greater israel', 3: 'democratic state (equal rights for all)', 4: 'state of peace (low probability of war)'}"
c44,1987*,third value in importance,"{1: 'jewish majority state', 2: 'greater israel', 3: 'democratic state (equal rights for all)', 4: 'state of peace (low probability of war)'}"
c45,1987*,fourth value in importance,"{1: 'jewish majority state', 2: 'greater israel', 3: 'democratic state (equal rights for all)', 4: 'state of peace (low probability of war)'}"
c46,1987*,to what extent interviewee observes religious laws,"{1: 'observe all religious laws to the letter', 2: 'observe most of religious laws', 3: 'observe some of religious laws', 4: 'do not observe at all, totally free'}"
c47,1987*,self-definition as ashkenazi or sephardic jew,"{1: 'ashkenazi', 2: 'sephardic', 3: 'neither', 4: 'both'}"
c48,1987*,place of birth,"{1: 'north america', 2: 'asia', 3: 'eastern europe', 4: 'western or central europe', 5: 'america,australia,south-africa', 6: 'israeli born(father also)', 7: 'israeli born(father in north america)', 8: 'israeli born(father in asia)', 9: 'israeli born(father in eastern europe)', 10: 'israeli born(father in western or central europe)', 11: 'israeli born(father in america, australia or south africa)'}"
c49,1987*,year of aliya(immigration),"{1: 'israeli born', 2: 'before 1948', 3: '1948-1954', 4: '1955-1960', 5: '1961-1966', 6: '1967-1972', 7: '1973-1977', 8: '1978-1983', 9: '1984+'}"
c50,1987*,"does interviewee favor, is member of or hold position in any party","{1: 'no', 2: 'favor but not member', 3: 'member but no position', 4: 'member and position but no compensation', 5: 'member and position with compensation'}"
c51,1987*,identification with political trend,"{1: 'left', 2: 'moderate left', 3: 'center', 4: 'moderate right', 5: 'right', 6: 'religious trend', 7: 'do not identify with any'}"
c52,1987*,membership in histadrut,"{1: 'yes', 2: 'no'}"
c53,1987*,reading daily newspapers,"{1: 'almost never', 2: 'rarely', 3: 'approximately once a week', 4: 'twice-thrice a week', 5: 'one daily newspaper almost every day', 6: 'more than one daily newspaper almost every day'}"
c54,1987*,interviewee's active military service,"{1: 'not served yet but will in future', 2: 'conscription', 3: 'serving in regular service', 4: 'served in idf in past', 5: 'did not serve in idf'}"
c55,1987*,present reserve service,"{1: 'yes', 2: 'no'}"
c56,1987*,service in territories since uprising (dec. 1987),"{1: 'yes', 2: 'no'}"
c57,1987*,age,
c58,1987*,years of schooling,
c59,1987*,identification with social status,"{1: 'high', 2: 'middle-high', 3: 'middle', 4: 'low', 5: ""workers' status"", 6: 'do not belong to any status'}"
c60,1987*,no. of rooms in household,
c61,1987*,no. of persons living in household,
c62,1987*,monthly family expenditures,"{1: 'well above average', 2: 'somewhat above average', 3: 'as average', 4: 'somewhat below average', 5: 'well below average'}"
c63,1987*,status at work,"{1: 'salaried worker', 2: 'salaried clerk', 3: 'salaried manager', 4: 'independent\\small business', 5: 'independent-company owner', 6: 'not working'}"
c64,1987*,code of locality,
c65,1987*,statistical area,
c66,1987*,date of interview,
c67,1987*,panel,
v1,1988*,identification number,
v2,1988*,evaluation of israel's present national security,"{1: 'worst possible', 9: 'best possible'}"
v3,1988*,evaluation of israel's national security 5 years ago,"{1: 'worst possible', 9: 'best possible'}"
v4,1988*,evaluation of israel's national security in 5 years,"{1: 'worst possible', 9: 'best possible'}"
v5,1988*,which of the following 3 solutions to the problem of the territories is most acc,"{1: 'returning most of the occupied territories for a peace treaty', 2: 'annexation of the territories to the state of israel', 3: 'keeping the situation as is'}"
v6,1988*,which of the 2 possibilities should israel choose,"{1: 'return most of judea, samaria and gaza for peace', 2: 'annexation of judea, samaria and gaza'}"
v8,1988*,"we have a right over judea,samaria and gaza","{1: 'best reason to keep judea samaria and gaza', 4: 'less important reason to keep judea samaria and gaza'}"
v9,1988*,prevents establishment of a palestinian state that will endanger our security,"{1: 'best reason to keep judea samaria and gaza', 4: 'less important reason to keep judea samaria and gaza'}"
v10,1988*,gives strategic depth in case of war in the east front,"{1: 'best reason to keep judea samaria and gaza', 4: 'less important reason to keep judea samaria and gaza'}"
v11,1988*,could be used in negotiating peace with jordan,"{1: 'best reason to keep judea samaria and gaza', 4: 'less important reason to keep judea samaria and gaza'}"
v12,1988*,evaluation of government policy in territories,"{1: 'too harsh', 2: 'appropriate', 3: 'too permissive'}"
v13,1988*,the contribution of the settlements in judea & samaria to the country's security,"{1: ""the settlements contribute to the country's security"", 4: ""the settlements do not influence the country's security"", 7: ""the settlements harm the country's security""}"
v14,1988*,the influence of our presence in the territories on the morale of the idf,"{1: 'negative influence', 4: 'no influence', 7: 'positive influence'}"
v15,1988*,whose voice should be heard regarding the future of the territories,"{1: 'present idf generals', 2: 'former idf generals', 3: 'political science professors', 4: 'likud leaders', 5: 'labour party leaders', 6: 'rabbis', 7: 'public opinion'}"
v16,1988*,evaluation of differences between two major parties on security issues,"{1: 'very far away from each other', 2: 'far away from each other', 3: 'in some cases far, in others close', 4: 'in fact, they are close', 5: 'very close'}"
v17,1988*,rights to be given to palestinians if territories are annexed,"{1: 'full civil rights (including voting rights)', 2: 'civil rights (excluding voting rights)', 3: 'leave current situation unchanged', 4: 'decrease current rights'}"
v18,1988*,"should a palestinian autonomy be established in judea, samaria and gaza","{1: 'definitely', 2: 'probably', 3: 'probably not', 4: 'definitely not'}"
v19,1988*,should israel agree to establishing a palestinian state in the occupied territor,"{1: 'definitely', 2: 'probably', 3: 'probably not', 4: 'definitely not'}"
v20,1988*,should israel agree to concession of the golan heights for peace,"{1: 'total return of golan', 2: 'partial return', 3: 'no return'}"
v21,1988*,possibility of ending arab terror through military action alone,"{1: 'it is possible to end the terror', 2: 'it can be diminished', 3: 'military action has no effect on terror', 4: 'military action will only increase terror'}"
v22,1988*,what should be the main direction in fighting against terror,"{1: 'a war initiated by us to hit the terrorists at their bases', 2: 'a defensive type of war, deterrent actions', 3: 'a response type war, initiating retaliation operations following terrorists attacks'}"
v23,1988*,what should be the appropriate response in event of katusha bombing of the galil,"{1: 'invade south lebanon with large amount of forces and hold it for a long period', 2: 'launch a bombing using air force and artillery', 3: ""using a limited military force to destroy terrorists' nests"", 4: ""selective air bombing on terrorists' bases"", 5: 'no military response but a political solution'}"
v24,1988*,was the war in lebanon worth while considering the consequences,"{1: 'worth while', 2: 'not worth while'}"
v25,1988*,should israel agree to negotiate with p.l.o. taking into account the current sit,"{1: 'yes', 2: 'no'}"
v26,1988*,should israel agree to negotiate with p.l.o. providing p.l.o. recognizes israel,"{1: 'yes', 2: 'no'}"
v27,1988*,"in principle, is respondent for or against death penalty for terrorists","{1: 'for death penalty', 2: 'against death penalty'}"
v29,1988*,attitude toward the destruction of houses whose owners hosted terrorists and kne,"{1: 'definitely supports', 2: 'supports', 3: 'opposes', 4: 'definitely opposes'}"
v30,1988*,attitude toward the deportation of people who have maintained contact with terro,"{1: 'definitely supports', 2: 'supports', 3: 'opposes', 4: 'definitely opposes'}"
v31,1988*,retaliation against terrorists' bases if this does not endanger arab civilians,"{1: 'definitely supports', 2: 'supports', 3: 'opposes', 4: 'definitely opposes'}"
v32,1988*,bombing terrorists' bases even if civilians get hurt,"{1: 'definitely supports', 2: 'supports', 3: 'opposes', 4: 'definitely opposes'}"
v33,1988*,terrorist' attacks on terrorists' leaders,"{1: 'definitely supports', 2: 'supports', 3: 'opposes', 4: 'definitely opposes'}"
v34,1988*,retaliation against states who sponsor terror,"{1: 'definitely supports', 2: 'supports', 3: 'opposes', 4: 'definitely opposes'}"
v35,1988*,should israel exchange life-time sentenced terrorists for israeli hostages,"{1: 'definitely agrees', 2: 'agrees', 3: 'opposes', 4: 'definitely opposes'}"
v36,1988*,should israel exchange life-time sentenced terrorists for idf soldiers held by t,"{1: 'definitely agrees', 2: 'agrees', 3: 'opposes', 4: 'definitely opposes'}"
v38,1988*,should israel initiate war as a defense against an attempt to destroy israel,"{1: 'totally justified', 2: 'justified', 3: 'unjustified', 4: 'totally justified'}"
v39,1988*,should israel initiate war to prevent an attempt to resieze territories captured,"{1: 'totally justified', 2: 'justified', 3: 'unjustified', 4: 'totally justified'}"
v40,1988*,should israel initiate war to prevent or stop a war of attrition held against us,"{1: 'totally justified', 2: 'justified', 3: 'unjustified', 4: 'totally justified'}"
v41,1988*,should israel initiate war to destroy the military power of a strengthening enem,"{1: 'totally justified', 2: 'justified', 3: 'unjustified', 4: 'totally justified'}"
v42,1988*,should israel initiate war to overthrow a hostile regime and set a lenient one t,"{1: 'totally justified', 2: 'justified', 3: 'unjustified', 4: 'totally justified'}"
v43,1988*,should israel initiate war to capture strategic territories,"{1: 'totally justified', 2: 'justified', 3: 'unjustified', 4: 'totally justified'}"
v44,1988*,following information on intent to start a border incident,"{1: 'totally justified', 2: 'justified', 3: 'unjustified', 4: 'totally justified'}"
v45,1988*,following a u.s. request for assistance in defending her interests,"{1: 'totally justified', 2: 'justified', 3: 'unjustified', 4: 'totally justified'}"
v46,1988*,to help friendly elements in the area (e.g. lebanese christians),"{1: 'totally justified', 2: 'justified', 3: 'unjustified', 4: 'totally justified'}"
v47,1988*,to destroy terrorists' bases targeted against us,"{1: 'totally justified', 2: 'justified', 3: 'unjustified', 4: 'totally justified'}"
v48,1988*,should israel develop atomic weapons,"{1: 'yes', 2: 'no'}"
v49,1988*,are there circumstances where it would be justified to use atomic weapons,"{1: 'yes', 2: 'no, under no circumstances'}"
v51,1988*,should israel use atomic weapon as a response to an atomic attack from another c,"{1: 'totally justified', 2: 'justified', 3: 'unjustified', 4: 'totally justified'}"
v52,1988*,should israel use atomic weapon to prevent defeat in a conventional war,"{1: 'totally justified', 2: 'justified', 3: 'unjustified', 4: 'totally justified'}"
v53,1988*,should israel use atomic weapon to save many people's lives,"{1: 'totally justified', 2: 'justified', 3: 'unjustified', 4: 'totally justified'}"
v54,1988*,should israel use atomic weapon to save some people's lives,"{1: 'totally justified', 2: 'justified', 3: 'unjustified', 4: 'totally justified'}"
v55,1988*,"should israel use atomic weapon as a weapon, instead of using the regular army","{1: 'totally justified', 2: 'justified', 3: 'unjustified', 4: 'totally justified'}"
v56,1988*,does respondent think israel has atomic weapons,"{1: 'certain there is', 2: 'thinks there is, uncertain', 3: ""thinks there isn't, uncertain"", 4: ""certain there isn't""}"
v57,1988*,"if israel has atomic weapons, should it be kept a secret","{1: 'it should be kept a secret', 2: 'should be announced to deter the enemy'}"
v58,1988*,how would respondent define himself on the hawks and doves continuum,"{1: 'hawk', 7: 'dove'}"
v59,1988*,what should israel emphasize to prevent a war against the arab countries,"{1: 'to do everything it can to start a peace process', 2: 'to increase its military power'}"
v61,1988*,"a peace process should be initiated, even at the price of territorial concession","{1: 'definitely agrees', 2: 'agrees', 3: 'opposes', 4: 'definitely opposes'}"
v62,1988*,"individuals should sacrifice personally,economically to ensure our strength","{1: 'definitely agrees', 2: 'agrees', 3: 'opposes', 4: 'definitely opposes'}"
v63,1988*,atomic weapons should be developed to deter the arabs,"{1: 'definitely agrees', 2: 'agrees', 3: 'opposes', 4: 'definitely opposes'}"
v64,1988*,israel should sign a defense treaty with the u.s. to prevent arab aggression,"{1: 'definitely agrees', 2: 'agrees', 3: 'opposes', 4: 'definitely opposes'}"
v65,1988*,israel should encourage arab emigration,"{1: 'definitely agrees', 2: 'agrees', 3: 'opposes', 4: 'definitely opposes'}"
v66,1988*,possibility of israeli-arab peace in future,"{1: 'definitely possible', 2: 'possible', 3: 'impossible', 4: 'definitely impossible'}"
v67,1988*,israel's ability to affect arab peace policy,"{1: 'definitely capable', 2: 'capable', 3: 'incapable', 4: 'definitely incapable'}"
v68,1988*,probability of signing a peace treaty with another arab country within 3 years,"{1: 'most likely', 2: 'likely', 3: 'unlikely', 4: 'most unlikely'}"
v69,1988*,probability of israeli-arab war within 3 years,"{1: 'most likely', 2: 'likely', 3: 'unlikely', 4: 'most unlikely'}"
v70,1988*,most dangerous enemies of israel,"{1: 'syria', 2: 'p.l.o', 3: 'jordan', 4: 'the shiites in lebanon', 5: 'libya', 6: 'egypt', 7: 'iraq', 8: ""humeini's iran"", 9: 'saudi-arabia'}"
v701,1988*,second most dangerous enemies of israel,"{1: 'syria', 2: 'p.l.o', 3: 'jordan', 4: 'the shiites in lebanon', 5: 'libya', 6: 'egypt', 7: 'iraq', 8: ""humeini's iran"", 9: 'saudi-arabia'}"
v71,1988*,"today, are you for or against the peace agreement with egypt","{1: 'for', 2: 'against'}"
v72,1988*,at the time were you for or against the peace agreement with egypt,"{1: 'for', 2: 'against'}"
v74,1988*,"of all the viewpoints, there must be one and only one which is correct","{1: 'definitely agrees', 2: 'agrees', 3: 'objects', 4: 'definitely objects'}"
v75,1988*,under no circumstance should people take the law into their hands,"{1: 'definitely agrees', 2: 'agrees', 3: 'objects', 4: 'definitely objects'}"
v76,1988*,in cases where state interests interfere with personal ones the latter should pr,"{1: 'definitely agrees', 2: 'agrees', 3: 'objects', 4: 'definitely objects'}"
v77,1988*,no returning of any of israel's land is a must,"{1: 'definitely agrees', 2: 'agrees', 3: 'objects', 4: 'definitely objects'}"
v78,1988*,god will protect us if we are worthy even if we are unprepared for war,"{1: 'definitely agrees', 2: 'agrees', 3: 'objects', 4: 'definitely objects'}"
v79,1988*,to what extent do you believe in our exisence in israel in the long run,"{1: 'definitely agrees', 2: 'agrees', 3: 'objects', 4: 'definitely objects'}"
v81,1988*,israel's capability of total israeli-arab war,"{1: 'capable', 2: 'incapable'}"
v82,1988*,israel's capability of war against syria alone,"{1: 'capable', 2: 'incapable'}"
v83,1988*,israel's capability of increase of terrorist activity,"{1: 'capable', 2: 'incapable'}"
v84,1988*,israel's capability of decrease of american support,"{1: 'capable', 2: 'incapable'}"
v85,1988*,israel's capability of israeli arabs' civilian uprising,"{1: 'capable', 2: 'incapable'}"
v86,1988*,israel's capability of territories arabs' uprising,"{1: 'capable', 2: 'incapable'}"
v87,1988*,ussr will assist arab states against us,"{1: 'capable', 2: 'incapable'}"
v88,1988*,what probability does respondent attach to israel's destruction,"{1: 'high', 2: 'medium', 3: 'low', 4: 'non-existent'}"
v89,1988*,level of rationality of israel's foreign and security policy,"{1: 'always rational', 2: 'usually rational', 3: 'some times rational at others not', 4: 'usually irrational', 5: 'always irrational'}"
v90,1988*,level of rationality of the arab states' foreign and security policy,"{1: 'always rational', 2: 'usually rational', 3: 'some times rational at others not', 4: 'usually irrational', 5: 'always irrational'}"
v91,1988*,estimate of the arabs' ultimate goal,"{1: 'to retrieve part of the territories seized during the 6 day war', 2: 'to retrieve all of the territories seized during the 6 day war', 3: 'to conquer israel', 4: 'to conquer israel and annihilate most of the jewish population'}"
v93,1988*,reason for the arabs objecting to israels' existence:they nurture hatred towards,"{1: 'is a reason', 2: 'is not a reason'}"
v94,1988*,reason for the arabs objecting to israels' existence:israel is an alien element,"{1: 'is a reason', 2: 'is not a reason'}"
v95,1988*,reason for the arabs objecting to israels' existence:our technological advantage,"{1: 'is a reason', 2: 'is not a reason'}"
v96,1988*,reason for the arabs objecting to israels' existence:they view israeli land as a,"{1: 'is a reason', 2: 'is not a reason'}"
v97,1988*,reason for the arabs objecting to israels' existence:they only want to retrieve,"{1: 'is a reason', 2: 'is not a reason'}"
v98,1988*,reason for the arabs objecting to israels' existence:they fear future israeli ag,"{1: 'is a reason', 2: 'is not a reason'}"
v99,1988*,from the above list name main cause for their opposition to us,"{0: 'hatred toward the jews is among them', 1: 'israel is a pain in the', 2: 'our technological advantage frightens them', 3: 'they view all israeli land as arab land which should be returned to owners', 4: 'they wish to free only those land captured during the 6 day war', 5: 'they fear israeli agression'}"
v991,1988*,from the above list name second main cause for their opposition to us,"{0: 'hatred toward the jews is among them', 1: 'israel is a pain in the', 2: 'our technological advantage frightens them', 3: 'they view all israeli land as arab land which should be returned to owners', 4: 'they wish to free only those land captured during the 6 day war', 5: 'they fear israeli agression'}"
v101,1988*,willingness to have taxes raised so that the respondent pays more to increase se,"{1: 'is willing', 2: 'is unwilling'}"
v102,1988*,willingness to serve more in the army,"{1: 'is willing', 2: 'is unwilling'}"
v103,1988*,willingness to serve more in the reserve service,"{1: 'is willing', 2: 'is unwilling'}"
v104,1988*,is the burden of the military service divided up justly,"{1: 'just', 2: 'unjust'}"
v105,1988*,is the reserve military service used efficiently or wasted,"{1: 'usually used efficiently', 2: 'usually wasted'}"
v106,1988*,what is your opinion on the length of military service,"{1: 'too long', 2: 'appropriate', 3: 'too short'}"
v107,1988*,what is your opinion of the defense budget,"{1: 'it should be increased', 2: 'it should stay as is', 3: 'it should be cut'}"
v108,1988*,what would be your opinion of the defense budget should economic state get worse,"{1: 'it should be increased', 2: 'it should stay as is', 3: 'it should be cut'}"
v109,1988*,what do you think of cutting social services to increase defense budget,"{1: 'definitely justified', 2: 'justified', 3: 'unjustified', 4: 'totally unjustified'}"
v110,1988*,what do you think of idf increasing/decreasing its power in last 5 years,"{1: 'significant decrease', 2: 'some decrease', 3: 'no change', 4: 'some increase', 5: 'significant increase'}"
v111,1988*,who should determine idf's future weapon systems,"{1: 'the government', 2: 'the knesset', 3: 'the army', 4: 'military industry/air force industry', 5: 'other'}"
v112,1988*,what is your attitude towards the continuation of the lavi project,"{1: 'definitely supports its continuation', 2: 'supports its continuation', 3: 'opposes its continuation', 4: 'definitely opposes its continuation'}"
v113,1988*,are decisions regarding military matters affected by objective considerations,"{1: 'only objective considerations', 2: 'also other considerations'}"
v114,1988*,who determines israel's defense policy for the most part,"{1: 'the prime minister', 2: 'the minister of defense', 3: 'the cabinet', 4: 'the government', 5: 'foreign affairs and defense committee', 6: ""idf's general staff"", 7: 'the media', 8: 'the u.s.', 9: 'the israeli people', 10: 'other'}"
v115,1988*,should security considerations override other social/ecconomic considerations,"{1: 'security considerations should override all others', 7: 'security should not override'}"
v116,1988*,should security considerations override the law,"{1: 'security considerations should override all others', 7: 'security should not override'}"
v117,1988*,how does the current leadership view the security/law dichotomy,"{1: 'always prefers security considerations', 2: 'usually prefers security considerations', 3: 'usually prefers the law', 4: 'always prefers the law'}"
v118,1988*,how did the first years' leadership view the security/law dichotomy,"{1: 'always prefers security considerations', 2: 'usually prefers security considerations', 3: 'usually prefers the law', 4: 'always prefers the law'}"
v119,1988*,is there enough supervision over the mossad and the shin-beit,"{1: 'too much supervision', 2: 'enough supervision', 3: 'not enough supervision'}"
v121,1988*,the keeper of israel shall not sleep,"{1: 'definitely agrees', 2: 'agrees', 3: 'disagrees', 4: 'definitely disagrees'}"
v122,1988*,massada will never fall again,"{1: 'definitely agrees', 2: 'agrees', 3: 'disagrees', 4: 'definitely disagrees'}"
v123,1988*,the whole world is against us,"{1: 'definitely agrees', 2: 'agrees', 3: 'disagrees', 4: 'definitely disagrees'}"
v124,1988*,the glory of israel shall not die,"{1: 'definitely agrees', 2: 'agrees', 3: 'disagrees', 4: 'definitely disagrees'}"
v125,1988*,israel has been and always will be isolated,"{1: 'definitely agrees', 2: 'agrees', 3: 'disagrees', 4: 'definitely disagrees'}"
v126,1988*,i would die for my country,"{1: 'definitely agrees', 2: 'agrees', 3: 'disagrees', 4: 'definitely disagrees'}"
v127,1988*,"if he come to slay thee, forestall by slaying him","{1: 'definitely agrees', 2: 'agrees', 3: 'disagrees', 4: 'definitely disagrees'}"
v128,1988*,the best defense is offense,"{1: 'definitely agrees', 2: 'agrees', 3: 'disagrees', 4: 'definitely disagrees'}"
v129,1988*,military victory enhances the peace process,"{1: 'definitely agrees', 2: 'agrees', 3: 'disagrees', 4: 'definitely disagrees'}"
v130,1988*,the keeper of israel shall not sleep-who is the keeper of israel,"{1: 'god', 2: 'idf', 3: 'usa', 4: 'the state of israel', 5: 'the people of israel', 6: 'every man to himself', 7: 'other'}"
v131,1988*,should israel supply non-democratic and hostile states (such as iran)with weapon,"{1: 'weapons should be sold to anyone', 2: 'weapons should be sold to anyone except to hostile states', 3: 'weapons should be sold to states whose regime seems good to us', 4: 'weapons should not be sold to other states'}"
v132,1988*,respondent's opinion of a peace conference with the sponsorship of the superpowe,"{1: 'definitely supports', 2: 'supports', 3: 'opposes', 4: 'definitely opposes'}"
a2,1988*,should the government take public opinion into consideration when waging a war,"{1: 'definitely should', 2: 'should', 3: 'should not', 4: 'definitely should not'}"
a3,1988*,support of government in security crisis even if disagreeing with it's way,"{1: 'definitely necessary', 2: 'usually necessary', 3: 'usually unnecessary', 4: 'never necessary'}"
a5,1988*,discuss his disapproval of government policy with his superiors,"{1: 'is entitled', 2: 'is not entitled'}"
a6,1988*,send anonymous letters to the press,"{1: 'is entitled', 2: 'is not entitled'}"
a7,1988*,express his opinion openly in the media if it does not harm state security,"{1: 'is entitled', 2: 'is not entitled'}"
a8,1988*,request to release him from duty,"{1: 'is entitled', 2: 'is not entitled'}"
a9,1988*,refuse to follow orders concerning policy,"{1: 'is entitled', 2: 'is not entitled'}"
a10,1988*,media's treatment of security matters,"{1: 'totally responsibly', 2: 'usually responsibly', 3: 'usually irresponsibly', 4: 'totally irresponsibly'}"
a11,1988*,media's coverage of security matters,"{1: 'not enough', 2: 'enough', 3: 'too much'}"
a12,1988*,reliability of statements made by the country's leaders on security matters,"{1: 'definitely trusts', 2: 'trusts', 3: 'does not trust', 4: 'definitely distrusts'}"
a13,1988*,are security related decisions influenced by non-related considerations,"{1: 'only by related considerations', 2: 'also by other considerations'}"
a14,1988*,how well does the public understand security matters to be able to express an op,"{1: 'understands very well', 2: 'understands', 3: 'understands to a certain extent', 4: 'understands very little', 5: 'does not understand'}"
a15,1988*,"frequency of expressing own opinion on security matters, including protest lette","{1: 'often', 2: 'sometimes', 3: 'very rarely', 4: 'never'}"
a16,1988*,to what extent do you and your friends influence decisions on security matters,"{1: 'a great deal', 2: 'to some extent', 3: 'very little', 4: 'not at all'}"
a17,1988*,how well do you understand security matters to express an opinion,"{1: 'understands very well', 2: 'understands', 3: 'understansds to a certain extent', 4: 'understands very little', 5: 'does not understand'}"
a19,1988*,in daily life the ends which are important to me justify the means,"{1: 'definitely agrees', 2: 'agrees', 3: 'disagrees', 4: 'definitely disagrees'}"
a20,1988*,the criticism of israel stems mainly from anti-semitism,"{1: 'definitely agrees', 2: 'agrees', 3: 'disagrees', 4: 'definitely disagrees'}"
a21,1988*,israel should take into consideration the gentiles' opinions,"{1: 'definitely agrees', 2: 'agrees', 3: 'disagrees', 4: 'definitely disagrees'}"
a22,1988*,several strong leaders can do more good than any discussion or law,"{1: 'definitely agrees', 2: 'agrees', 3: 'disagrees', 4: 'definitely disagrees'}"
a24,1988*,what part of the government budget is the defense budget,"{1: 'less than 10%', 2: 'between 10%-40%', 3: 'between 40%-75%', 4: 'more than 75%'}"
a25,1988*,which country makes the f-16 aircraft,"{1: 'israel', 2: 'france', 3: 'u.s.', 4: 'great britain'}"
a26,1988*,what is the u.s annual military aid to israel,"{1: 'less than a billion dollars annually', 2: 'between 1-3 billion dollars annually', 3: 'between 3-5 billion dollars annually', 4: 'over 5 billion annually'}"
a27,1988*,does idf have submarines,"{1: 'certain they have', 2: 'i think they have but am not certain', 3: ""i think they don't but am not certain"", 4: ""certain they don't have""}"
a28,1988*,how many terrorists were released following the agreement with gibril (1985),"{1: '58', 2: '140', 3: '485', 4: '3900'}"
a29,1988*,do arabs from the occupied territories have a right to appeal to the supreme cou,"{1: 'certain they have the right', 2: 'i think they do but am uncertain', 3: ""i think they don't but am uncertain"", 4: ""certain they don't""}"
a30,1988*,do arabs from the occupied territories have a right to vote for the knesset,"{1: 'certain they have the right', 2: 'i think they do but am uncertain', 3: ""i think they don't but am uncertain"", 4: ""certain they don't""}"
a31,1988*,are most people trust-worthy or not,"{1: 'most people are trust worthy', 2: 'one should be careful when in contact with people'}"
a32,1988*,do you think most people tend more to look after other people or only after them,"{1: 'tend to help others', 2: 'tend to help themselves'}"
a33,1988*,which of the following is most important to you,"{1: 'self fulfillment', 2: 'self esteem', 3: 'love, affection', 4: 'certainty, confidence in life', 5: 'a comfortable life'}"
a34,1988*,which of the following reflects your stand on the society issue in israel,"{1: 'our society needs to undergo a fundamental changes via a revolutionary act', 2: 'our society needs to undergo gradual changes by reforms', 3: 'our society should stay as is and should be protected from those who want to change it'}"
a36,1988*,"if a person does not look after himself, no one will","{1: 'definitely agrees', 2: 'agrees', 3: 'uncertain', 4: 'disagrees', 5: 'definitely disagrees'}"
a37,1988*,life is mainly a struggle for survival,"{1: 'definitely agrees', 2: 'agrees', 3: 'uncertain', 4: 'disagrees', 5: 'definitely disagrees'}"
a38,1988*,compromise with political rivals is dangerous-it leads to betrayal of principles,"{1: 'definitely agrees', 2: 'agrees', 3: 'uncertain', 4: 'disagrees', 5: 'definitely disagrees'}"
a39,1988*,a group which allows different ideas among members cannot survive,"{1: 'definitely agrees', 2: 'agrees', 3: 'uncertain', 4: 'disagrees', 5: 'definitely disagrees'}"
a40,1988*,people divide up into 2 groups: those who support the right views and those who,"{1: 'definitely agrees', 2: 'agrees', 3: 'uncertain', 4: 'disagrees', 5: 'definitely disagrees'}"
a41,1988*,most ideas written today aren't worth the paper used,"{1: 'definitely agrees', 2: 'agrees', 3: 'uncertain', 4: 'disagrees', 5: 'definitely disagrees'}"
a42,1988*,it is better to choose friends whose ideas are similar to your own,"{1: 'definitely agrees', 2: 'agrees', 3: 'uncertain', 4: 'disagrees', 5: 'definitely disagrees'}"
a43,1988*,most people don't know what's good for them,"{1: 'definitely agrees', 2: 'agrees', 3: 'uncertain', 4: 'disagrees', 5: 'definitely disagrees'}"
a45,1988*,what opinion do you have of the u.s,"{1: 'a very good opinion', 2: 'a good opinion', 3: 'neither good nor bad', 4: 'a bad opinion', 5: 'a very bad opinion'}"
a46,1988*,is your opinion of the u.s more for the good or bad,"{1: 'a good opinion', 2: 'a bad opinion'}"
a47,1988*,how would you describe current relations with the u.s.,"{1: 'very good', 2: 'pretty good', 3: 'normal', 4: 'pretty bad', 5: 'very bad'}"
a48,1988*,how much can israel depend on u.s. as a weapons' supplier,"{1: 'very much indeed', 2: 'very much', 3: 'to some extent', 4: 'very little', 5: 'not at all'}"
a49,1988*,is israel justified in spying in the us to get information relevant to her secur,"{1: 'definitely justified', 2: 'justified', 3: 'unjustified', 4: 'definitely unjustified'}"
a50,1988*,is the us justified in spying in israel to get information relevant to her secur,"{1: 'definitely justified', 2: 'justified', 3: 'unjustified', 4: 'definitely unjustified'}"
a51,1988*,the chances for another world war,"{1: 'certain there will be a war', 7: 'no danger of a war'}"
a52,1988*,the main problem facing the government today,"{1: 'security (general)', 2: 'the palestinian issue, occupied territories', 3: 'the uprising in the occupied territories (intifada)', 4: 'fighting terror, security forces', 5: 'israeli arabs', 6: 'foreign policy (general)', 7: 'the peace (solving the israeli arab conflict)', 8: 'economy (general)', 9: 'inflation', 10: 'depression, unemployment', 11: 'internal affairs (general)', 12: 'social gap', 13: 'young couples, housing', 14: 'education', 15: 'health', 16: 'transportation, road accidents', 17: 'immigration absorption', 18: 'religious affairs, religious-secular relations', 19: 'unity and moral of the people', 20: 'other'}"
a54,1988*,are you satisfied with your life in general,"{1: 'very much', 2: 'pretty satisfied', 3: 'not so satisfied', 4: 'not satisfied at all'}"
a56,1988*,your personal state,"{1: 'worst possible state', 9: 'best possible state'}"
a57,1988*,your personal state 5 years ago,"{1: 'worst possible state', 9: 'best possible state'}"
a58,1988*,your personal state 5 years from now,"{1: 'worst possible state', 9: 'best possible state'}"
a59,1988*,do you support or are active in any party,"{1: ""i don't support nor am active in any party"", 2: 'i support a party but am not a member', 3: 'i am a party member', 4: 'i am an active member in a party', 5: 'i am a member and hold a post in the party'}"
a60,1988*,where do you place yourself in the left-right scale (1-7),"{1: 'rightmost', 7: 'leftmost'}"
a61,1988*,what effect will the security situation have on your voting to the knesset (clos,"{1: 'will have a great effect', 2: 'will have some effect', 3: 'will have a very little effect', 4: 'will have no effect'}"
a62,1988*,which party reflects your view on security matters,"{1: 'labour', 2: 'likud', 3: 'mapam', 4: 'tehia', 5: 'tzomet', 6: 'shinui+independent liberals+the liberal center', 7: 'ratz+sarid+virsouvski', 8: 'national religious party', 9: 'agudat israel', 10: 'shas', 11: 'poalei agudat israel', 12: 'kach (kahane)', 13: 'hadash (rakah)', 14: 'the movement for progressive peace', 15: 'other'}"
a63,1988*,if elections were held now who would you vote for,"{1: 'labour (maarach) (labour+yahad)', 2: ""likud (herut+liberalim++la'am+ometz+tami)"", 3: 'mapam', 4: 'tehia', 5: 'tzomet', 6: 'shinui+independent liberals+the liberal center', 7: 'ratz+sarid+virsouvski', 8: 'national religious party(mafdal)+metzad', 9: 'agudat israel', 10: 'shas', 11: 'poalei agudat israel', 12: 'kach (kahane)', 13: 'hadash (rakah)', 14: 'the movement for progressive peace', 15: 'other', 16: 'has not decided yet', 17: 'would not vote'}"
a64,1988*,for which party did you vote in the 1984 elections,"{1: 'labour', 2: 'likud', 3: 'mafdal', 4: 'agudat israel', 5: 'shas', 6: 'morasha', 7: 'tami', 8: 'yahad (wiezman)', 9: 'shinui', 10: 'ratz', 11: 'hatchia+tzomet', 12: 'lova eliav', 13: 'ometz', 14: 'kach', 15: 'hadash (rakach)', 16: 'the progressive movement for peace', 17: 'other', 18: 'did not vote though had the right', 19: 'did not have the right to vote'}"
a65,1988*,when did you first vote for the knesset,"{1: '1949', 2: '1951', 3: '1955', 4: '1959', 5: '1961', 6: '1965', 7: '1969', 8: '1973', 9: '1977', 10: '1981', 11: '1984', 12: 'i have not yet participated'}"
a66,1988*,which party did you vote for for the first time,"{1: 'mapai', 2: 'mapam', 3: 'ahdut ha-avoda', 4: 'labour party (mapai+ahdut ha-avoda)', 5: 'maarach (mapai+ahdut ha-avoda+mapam)', 6: 'ha-tzionim ha-klalim', 7: 'ha-progresivim', 8: 'the liberal party (06+07)', 9: 'the independent liberals', 10: 'herut', 11: 'gahal (09+10)', 12: 'ha-mercaz ha-hofshi', 13: 'ha-reshima ha-mamlahtit', 14: 'likud (09+11+12)', 15: 'shlomtzion', 16: 'rafi', 17: 'ometz', 18: 'hamizrahi', 19: 'ha-poel ha-mizrahi', 20: 'ha-mafdal', 21: 'agudat israel/poalei agudat israel', 22: 'shas', 23: 'morasha', 24: 'tami', 25: 'yahad (weizman)', 26: 'telem (dayan)', 27: 'dash', 28: 'shinui', 29: 'ratz', 30: 'ha-olam ha-ze', 31: 'shely', 32: 'lova elihav', 33: 'maki', 34: 'moked', 35: 'rakah/hadash', 36: 'ha-reshima ha-mitkademet le-shalom', 37: 'ha-tehia+tzomet', 38: 'kach (kahane)', 39: 'other', 40: 'do not remeber', 41: 'did not participate yet-no voting right', 42: 'did not participate though i have the right'}"
a67,1988*,which party did your father vote for during the last elections,"{1: 'mapai', 2: 'mapam', 3: 'ahdut ha-avoda', 4: 'labour party (mapai+ahdut ha-avoda)', 5: 'maarach (mapai+ahdut ha-avoda+mapam)', 6: 'ha-tzionim ha-klalim', 7: 'ha-progresivim', 8: 'the liberal party (06+07)', 9: 'the independent liberals', 10: 'herut', 11: 'gahal (09+10)', 12: 'ha-mercaz ha-hofshi', 13: 'ha-reshima ha-mamlahtit', 14: 'likud (09+11+12)', 15: 'shlomtzion', 16: 'rafi', 17: 'ometz', 18: 'hamizrahi', 19: 'ha-poel ha-mizrahi', 20: 'ha-mafdal', 21: 'agudat israel/poalei agudat israel', 22: 'shas', 23: 'morasha', 24: 'tami', 25: 'yahad (weizman)', 26: 'telem (dayan)', 27: 'dash', 28: 'shinui', 29: 'ratz', 30: 'ha-olam ha-ze', 31: 'shely', 32: 'lova elihav', 33: 'maki', 34: 'moked', 35: 'rakah/hadash', 36: 'ha-reshima ha-mitkademet le-shalom', 37: 'ha-tehia+tzomet', 38: 'kach (kahane)', 39: 'other', 40: 'do not remember', 41: 'did not participate yet-no voting right', 42: 'did not participate though has the right'}"
a68,1988*,which party did your mother vote for during last elections,"{1: 'mapai', 2: 'mapam', 3: 'ahdut ha-avoda', 4: 'labour party (mapai+ahdut ha-avoda)', 5: 'maarach (mapai+ahdut ha-avoda+mapam)', 6: 'ha-tzionim ha-klalim', 7: 'ha-progresivim', 8: 'the liberal party (06+07)', 9: 'the independent liberals', 10: 'herut', 11: 'gahal (09+10)', 12: 'ha-mercaz ha-hofshi', 13: 'ha-reshima ha-mamlahtit', 14: 'likud (09+11+12)', 15: 'shlomtzion', 16: 'rafi', 17: 'ometz', 18: 'hamizrahi', 19: 'ha-poel ha-mizrahi', 20: 'ha-mafdal', 21: 'agudat israel/poalei agudat israel', 22: 'shas', 23: 'morasha', 24: 'tami', 25: 'yahad (weizman)', 26: 'telem (dayan)', 27: 'dash', 28: 'shinui', 29: 'ratz', 30: 'ha-olam ha-ze', 31: 'shely', 32: 'lova eliav', 33: 'maki', 34: 'moked', 35: 'rakah/hadash', 36: 'ha-reshima ha-mitkademet le-shalom', 37: 'ha-tehia+tzomet', 38: 'kach (kahane)', 39: 'other', 40: 'do not remeber', 41: 'did not participate yet-no voting right', 42: 'did not participate though has the right'}"
a69,1988*,marital status,"{1: 'bachelor/spinster', 2: 'married', 3: 'divorced', 4: 'widow'}"
a70,1988*,for which party did your spouse vote,"{1: 'mapai', 2: 'mapam', 3: 'ahdut ha-avoda', 4: 'labour party (mapai+ahdut ha-avoda)', 5: 'maarach (mapai+ahdut ha-avoda+mapam)', 6: 'ha-tzionim ha-klalim', 7: 'ha-progresivim', 8: 'the liberal party (06+07)', 9: 'the independent liberals', 10: 'herut', 11: 'gahal (09+10)', 12: 'ha-mercaz ha-hofshi', 13: 'ha-reshima ha-mamlahtit', 14: 'likud (09+11+12)', 15: 'shlomtzion', 16: 'rafi', 17: 'ometz', 18: 'hamizrahi', 19: 'ha-poel ha-mizrahi', 20: 'ha-mafdal', 21: 'agudat israel/poalei agudat israel', 22: 'shas', 23: 'morasha', 24: 'tami', 25: 'yahad (weizman)', 26: 'telem (dayan)', 27: 'dash', 28: 'shinui', 29: 'ratz', 30: 'ha-olam ha-ze', 31: 'shely', 32: 'lova elihav', 33: 'maki', 34: 'moked', 35: 'rakah/hadash', 36: 'ha-reshima ha-mitkademet le-shalom', 37: 'ha-tehia+tzomet', 38: 'kach (kahane)', 39: 'other', 40: 'do not remember', 41: 'did not participate yet-no voting right', 42: 'did not participate though has the right'}"
a71,1988*,do you think you are influenced by your family members' votes,"{1: 'yes, very much so', 2: 'yes, a lot', 3: 'yes, to some extent', 4: 'yes, very little', 5: 'not at all'}"
a72,1988*,who do you think influences your vote mostly,"{1: 'my father', 2: 'my mother', 3: 'brother/sister', 4: 'spouse', 5: 'son/daughter', 6: 'other', 7: 'both my parents', 8: 'all my family equally', 9: 'none of them have any influence'}"
a73,1988*,which of these social groups influences your vote mostly,"{1: 'my family', 2: 'my close friends', 3: 'friends from work', 4: 'members of the movement/organization i belong to', 5: 'all the above groups equally', 6: 'none of these have influence over me'}"
a74,1988*,to what extent is it important to you not to be considered a political anomaly,"{1: 'extremely so', 2: 'very much', 3: 'to some extent', 4: 'very little', 5: 'not at all'}"
a75,1988*,how often do you discuss political matters with your family,"{1: 'almost every day', 2: 'once or twice a week', 3: 'very rarely', 4: 'never'}"
a76,1988*,with whom do you discuss political matters for the most part,"{1: 'with my father', 2: 'with my mother', 3: 'with my sister/brother', 4: 'with spouse', 5: 'with my children', 6: 'other', 7: 'with both my parents equally', 8: 'with all my family equally', 9: 'with neither'}"
a77,1988*,"when you lived with your parents, with whom did you discuss political matters","{1: 'with my father', 2: 'with my mother', 3: 'with my sister/brother', 4: 'other', 5: 'with both parents equally', 6: 'with all family members', 7: 'with no one', 8: 'i still live with my parents'}"
a78,1988*,are you satisfied with the way the the israeli democracy functions,"{1: 'very satisfied', 2: 'pretty satisfied', 3: 'not so satisfied', 4: 'not satisfied at all'}"
a79,1988*,when you have a definite opinion on something do you try to convince others,"{1: 'yes, often', 2: 'yes, sometimes', 3: 'yes, rarely', 4: 'never'}"
a80,1988*,do you want to live in israel in the long run,"{1: 'i am convinced that i do', 2: 'i want to but am not convinced', 3: 'i have doubts', 4: ""i am convinced that i don't""}"
a81,1988*,what is the main cause for not wanting to live here,"{1: 'the security situation', 2: 'the economic situation', 3: 'the social situation', 4: 'rising of anti-democratic views', 5: 'the place religion has in the state'}"
a82,1988*,how would you define your feeling today-would you say that you are happy,"{1: 'very happy', 2: 'quite happy', 3: 'not so happy'}"
a83,1988*,did you do active military service,"{1: ""haven't served yet but will serve"", 2: 'i am doing compulsery service', 3: 'professional military service', 4: 'i have served', 5: 'i have not served in the army'}"
a84,1988*,do you do reserve service,"{1: 'yes', 2: 'no'}"
a85,1988*,how many reserve duty days have you served last year,
a86,1988*,during reserve service do you serve in a combat duty,"{1: 'combat duty', 2: 'non-combat duty'}"
a87,1988*,how long have you served in active military service,"{1: 'up to a year', 2: '1-1.5 years', 3: '1.5-2 years', 4: '2-2.5 years', 5: '2.5-3 years', 6: '3-6 years', 7: '6-15 years', 8: 'over 15 years'}"
a88,1988*,did you serve in combat during army service,"{1: 'mainly in combat services', 2: 'both in combat and non- combat services', 3: 'mainly in non-combat services'}"
a89,1988*,during army service/ reserve duty were you posted in the occupied territories,"{1: 'yes', 2: 'no', 3: 'do not do reserve duty'}"
a90,1988*,what is/was your military rank in army service (data is unavailable),
a91,1988*,have you participated in any war (in combat),"{0: 'no', 1: 'yes'}"
a92,1988*,how satisfied were you of your army service,"{1: 'very satisfied', 2: 'satisfied', 3: 'no opinion', 4: 'unsatisfied', 5: 'unsatisfied at all'}"
a93,1988*,what is the reason for not serving in the army,"{1: ""my recruiting date hasn't come"", 2: 'i am in academic reserve', 3: 'i am a new immigrant', 4: 'i am not a citizen', 5: 'because of religious reasons', 6: 'because of conscience reasons', 7: 'other'}"
a94,1988*,is a relative of yours in army service,"{1: 'yes', 2: 'no'}"
a95,1988*,age,
a96,1988*,how do you define yourself (ethnic group),"{1: 'ashkenazi', 2: 'sepharadic', 3: 'neither'}"
a97,1988*,country of birth or origin (values 1-5:country of birth),"{1: 'north africa', 2: 'asia', 3: 'eastern europe', 4: 'central and eastern europe', 5: 'america, australia, south africa', 6: 'born in israel-father born in israel', 7: 'born in israel-father born in north africa', 8: 'born in israel-father born in asia', 9: 'born in israel-father born in eastern europe', 10: 'born in israel-father born in western/central europe', 11: 'born in israel-father born in america/australia/south africa'}"
a98,1988*,year of aliya,
a99,1988*,years of schooling,
a100,1988*,to what extent do you observe religious tradition,"{1: 'i observe all parts to the letter', 2: 'i observe most parts', 3: 'i observe some parts', 4: ""i don't observe any""}"
a102,1988*,children ages 0-16,"{1: 'no children', 2: 'has a son/sons', 3: 'has a daughter/daughters', 4: 'has a son+daughter'}"
a103,1988*,children ages 16-18,"{1: 'no children', 2: 'has a son/sons', 3: 'has a daughter/daughters', 4: 'has a son+daughter'}"
a104,1988*,children ages 19-23,"{1: 'no children', 2: 'has a son/sons', 3: 'has a daughter/daughters', 4: 'has a son+daughter'}"
a105,1988*,"monthly family expenditures (average-1,600 nis for family of 4, dec.,1987)","{1: 'a lot over average', 2: 'a little over average', 3: 'the same as the average', 4: 'a little under average', 5: 'a lot under average'}"
a106,1988*,number of rooms in household,
a107,1988*,number of persons living in household,
a108,1988*,in which social class do you classify yourself,"{1: 'upper class', 2: 'middle upper class', 3: 'middle class', 4: 'lower class'}"
a109,1988*,do you work outside the household,"{1: 'yes', 2: 'no'}"
a110,1988*,status at work,"{1: 'salaried worker', 2: 'salaried clerk', 3: 'salaried manager', 4: 'independent (small)', 5: 'independent (owns a company)'}"
a111,1988*,reading daily newspapers,"{1: 'almost never', 2: 'rarely', 3: 'about once a week', 4: 'about 2-3 times a week', 5: 'almost every day'}"
a112,1988*,do you read literature on security matters,"{1: 'often', 2: 'sometimes', 3: 'seldom', 4: 'never'}"
a113,1988*,when meeting with friends do you discuss political matters,"{1: 'often', 2: 'sometimes', 3: 'seldom', 4: 'never'}"
a114,1988*,have you been in a country under nazi rule during the world war 2,"{1: 'yes', 2: 'no'}"
a115,1988*,has a family member been in a country under nazi rule,"{1: 'yes', 2: 'no'}"
a116,1988*,has a member of your family been killed/hurt during holocaust,"{1: 'yes', 2: 'no'}"
a117,1988*,have you or a family member been injured during army service,"{1: 'i was badly hurt', 2: 'i was hurt but not badly', 3: 'a family member has been badly hurt', 4: 'a family member has been hurt but not badly'}"
a118,1988*,has a member of your family been killed during army service,"{1: 'yes', 2: 'no'}"
a119,1988*,sex,"{1: 'female', 2: 'male'}"
c21,1988*,second party you would vote for if no limitation is posed,"{1: 'labor', 2: 'likud', 3: 'mafdal', 4: 'agudat israel', 5: 'shas', 6: 'morasha', 7: 'tami', 8: 'yahad(weizman)', 9: 'shinui', 10: 'ratz', 11: 'hatehiya+tsomet', 12: 'lova eliav', 13: 'ometz(horovitz)', 14: 'kah(kahana)', 15: 'hadash(rakah)', 16: 'progressive list for peace', 17: 'other', 18: 'did not vote despite having suffrage', 19: 'did not vote due to absence of suffrage'}"
c65,1988*,statistical area,
f95,1988,which party provides adequate representation to oriental jews,"{1: 'suits labor', 2: 'suits likud', 3: 'both equally', 4: 'neither'}"
g28,1988,second party you would vote for if no limitation is posed,"{1: 'labor', 2: 'likud', 3: 'mafdal', 4: 'agudat israel', 5: 'shas', 6: 'morasha', 7: 'tami', 8: 'yahad(weizman)', 9: 'shinui', 10: 'ratz', 11: 'hatehiya+tsomet', 12: 'lova eliav', 13: 'ometz(horovitz)', 14: 'kah(kahana)', 15: 'hadash(rakah)', 16: 'progressive list for peace', 17: 'other', 18: 'did not vote despite having suffrage', 19: 'did not vote due to absence of suffrage'}"
g89,1988,statistical area,
g106,1988,status of interview,"{1: 'real panel', 2: 'would be panel unmatched', 3: 'panel with changes on questionnaire', 4: 'not panel', 5: 'missing info', 6: 'almost empty', 7: 'repeats'}"
